
════════════════════════════════════════════════════════════
  COVERAGE CHECK: AZ 57th-2nd-regular
════════════════════════════════════════════════════════════
  Fetching full identifier set from live API (paginated)...
    ...page 50/110, 1000 identifiers so far
    ...page 100/110, 2000 identifiers so far
  live=2190  local=2190  missing=0  extra=0  both=2190
  [32m✓[0m  AZ 57th-2nd-regular: Tier 1 coverage — no missing bills (2190 local == 2190 live)
  Running Tier 2 sub-record checks on 500 of 2190 bills present in both...
  [32m✓[0m  AZ HB 2001 (57th-2nd-regular): title matches
  [32m✓[0m  AZ HB 2001 (57th-2nd-regular): latest_action matches
  [32m✓[0m  AZ HB 2001 (57th-2nd-regular): vote event count matches (0)
  [32m✓[0m  AZ HB 2001 (57th-2nd-regular): sponsorship count matches (1)
    ...0/500
  [32m✓[0m  AZ HB 2003 (57th-2nd-regular): title matches
  [32m✓[0m  AZ HB 2003 (57th-2nd-regular): latest_action matches
  [32m✓[0m  AZ HB 2003 (57th-2nd-regular): vote event count matches (7)
  [32m✓[0m  AZ HB 2003 (57th-2nd-regular): vote tally matches on 2026-02-23 ({'yes': 0, 'no': 0, 'other': 0, 'absent': 0, 'excused': 0, 'not voting': 0})
  [32m✓[0m  AZ HB 2003 (57th-2nd-regular): vote tally matches on 2026-02-24 ({'yes': 39, 'no': 16, 'other': 0, 'absent': 0, 'excused': 0, 'not voting': 5})
  [32m✓[0m  AZ HB 2003 (57th-2nd-regular): vote tally matches on 2026-04-02 ({'yes': 0, 'no': 0, 'other': 0, 'absent': 0, 'excused': 0, 'not voting': 0})
  [32m✓[0m  AZ HB 2003 (57th-2nd-regular): vote tally matches on 2026-04-08 ({'yes': 0, 'no': 0, 'other': 0, 'absent': 0, 'excused': 0, 'not voting': 0})
  [32m✓[0m  AZ HB 2003 (57th-2nd-regular): vote tally matches on 2026-04-08 ({'yes': 17, 'no': 11, 'other': 0, 'absent': 0, 'excused': 0, 'not voting': 2})
  [32m✓[0m  AZ HB 2003 (57th-2nd-regular): vote tally matches on 2026-06-09 ({'yes': 17, 'no': 12, 'other': 0, 'absent': 0, 'excused': 0, 'not voting': 1})
  [32m✓[0m  AZ HB 2003 (57th-2nd-regular): vote tally matches on 2026-06-11 ({'yes': 32, 'no': 23, 'other': 0, 'absent': 0, 'excused': 0, 'not voting': 5})
  [32m✓[0m  AZ HB 2003 (57th-2nd-regular): sponsorship count matches (1)
  [32m✓[0m  AZ HB 2007 (57th-2nd-regular): title matches
  [32m✓[0m  AZ HB 2007 (57th-2nd-regular): latest_action matches
  [32m✓[0m  AZ HB 2007 (57th-2nd-regular): vote event count matches (0)
  [32m✓[0m  AZ HB 2007 (57th-2nd-regular): sponsorship count matches (1)
  [32m✓[0m  AZ HB 2011 (57th-2nd-regular): title matches
  [32m✓[0m  AZ HB 2011 (57th-2nd-regular): latest_action matches
  [32m✓[0m  AZ HB 2011 (57th-2nd-regular): vote event count matches (0)
  [32m✓[0m  AZ HB 2011 (57th-2nd-regular): sponsorship count matches (1)
  [32m✓[0m  AZ HB 2012 (57th-2nd-regular): title matches
  [32m✓[0m  AZ HB 2012 (57th-2nd-regular): latest_action matches
  [32m✓[0m  AZ HB 2012 (57th-2nd-regular): vote event count matches (0)
  [32m✓[0m  AZ HB 2012 (57th-2nd-regular): sponsorship count matches (1)
  [32m✓[0m  AZ HB 2015 (57th-2nd-regular): title matches
  [32m✓[0m  AZ HB 2015 (57th-2nd-regular): latest_action matches
  [32m✓[0m  AZ HB 2015 (57th-2nd-regular): vote event count matches (4)
  [32m✓[0m  AZ HB 2015 (57th-2nd-regular): vote tally matches on 2026-02-24 ({'yes': 0, 'no': 0, 'other': 0, 'absent': 0, 'excused': 0, 'not voting': 0})
  [32m✓[0m  AZ HB 2015 (57th-2nd-regular): vote tally matches on 2026-02-25 ({'yes': 31, 'no': 22, 'other': 0, 'absent': 0, 'excused': 0, 'not voting': 7})
  [32m✓[0m  AZ HB 2015 (57th-2nd-regular): vote tally matches on 2026-04-13 ({'yes': 0, 'no': 0, 'other': 0, 'absent': 0, 'excused': 0, 'not voting': 0})
  [32m✓[0m  AZ HB 2015 (57th-2nd-regular): vote tally matches on 2026-06-09 ({'yes': 16, 'no': 12, 'other': 0, 'absent': 0, 'excused': 0, 'not voting': 2})
  [32m✓[0m  AZ HB 2015 (57th-2nd-regular): sponsorship count matches (1)
  [32m✓[0m  AZ HB 2019 (57th-2nd-regular): title matches
  [32m✓[0m  AZ HB 2019 (57th-2nd-regular): latest_action matches
  [32m✓[0m  AZ HB 2019 (57th-2nd-regular): vote event count matches (0)
  [32m✓[0m  AZ HB 2019 (57th-2nd-regular): sponsorship count matches (1)
  [32m✓[0m  AZ HB 2024 (57th-2nd-regular): title matches
  [32m✓[0m  AZ HB 2024 (57th-2nd-regular): latest_action matches
  [32m✓[0m  AZ HB 2024 (57th-2nd-regular): vote event count matches (2)
  [32m✓[0m  AZ HB 2024 (57th-2nd-regular): vote tally matches on 2026-02-25 ({'yes': 0, 'no': 0, 'other': 0, 'absent': 0, 'excused': 0, 'not voting': 0})
  [32m✓[0m  AZ HB 2024 (57th-2nd-regular): vote tally matches on 2026-02-26 ({'yes': 24, 'no': 30, 'other': 0, 'absent': 0, 'excused': 0, 'not voting': 6})
  [32m✓[0m  AZ HB 2024 (57th-2nd-regular): sponsorship count matches (1)
  [32m✓[0m  AZ HB 2034 (57th-2nd-regular): title matches
  [32m✓[0m  AZ HB 2034 (57th-2nd-regular): latest_action matches
  [32m✓[0m  AZ HB 2034 (57th-2nd-regular): vote event count matches (0)
  [32m✓[0m  AZ HB 2034 (57th-2nd-regular): sponsorship count matches (1)
  [32m✓[0m  AZ HB 2040 (57th-2nd-regular): title matches
  [32m✓[0m  AZ HB 2040 (57th-2nd-regular): latest_action matches
  [32m✓[0m  AZ HB 2040 (57th-2nd-regular): vote event count matches (4)
  [32m✓[0m  AZ HB 2040 (57th-2nd-regular): vote tally matches on 2026-02-25 ({'yes': 0, 'no': 0, 'other': 0, 'absent': 0, 'excused': 0, 'not voting': 0})
  [32m✓[0m  AZ HB 2040 (57th-2nd-regular): vote tally matches on 2026-02-26 ({'yes': 31, 'no': 23, 'other': 0, 'absent': 0, 'excused': 0, 'not voting': 6})
  [32m✓[0m  AZ HB 2040 (57th-2nd-regular): vote tally matches on 2026-04-01 ({'yes': 17, 'no': 13, 'other': 0, 'absent': 0, 'excused': 0, 'not voting': 0})
  [32m✓[0m  AZ HB 2040 (57th-2nd-regular): vote tally matches on 2026-04-01 ({'yes': 0, 'no': 0, 'other': 0, 'absent': 0, 'excused': 0, 'not voting': 0})
  [32m✓[0m  AZ HB 2040 (57th-2nd-regular): sponsorship count matches (3)
  [32m✓[0m  AZ HB 2045 (57th-2nd-regular): title matches
  [32m✓[0m  AZ HB 2045 (57th-2nd-regular): latest_action matches
  [32m✓[0m  AZ HB 2045 (57th-2nd-regular): vote event count matches (3)
  [32m✓[0m  AZ HB 2045 (57th-2nd-regular): vote tally matches on 2026-02-04 ({'yes': 0, 'no': 0, 'other': 0, 'absent': 0, 'excused': 0, 'not voting': 0})
  [32m✓[0m  AZ HB 2045 (57th-2nd-regular): vote tally matches on 2026-02-10 ({'yes': 19, 'no': 36, 'other': 0, 'absent': 0, 'excused': 0, 'not voting': 5})
  [32m✓[0m  AZ HB 2045 (57th-2nd-regular): vote tally matches on 2026-02-10 ({'yes': 0, 'no': 0, 'other': 0, 'absent': 0, 'excused': 0, 'not voting': 0})
  [32m✓[0m  AZ HB 2045 (57th-2nd-regular): sponsorship count matches (1)
  [32m✓[0m  AZ HB 2048 (57th-2nd-regular): title matches
  [32m✓[0m  AZ HB 2048 (57th-2nd-regular): latest_action matches
  [32m✓[0m  AZ HB 2048 (57th-2nd-regular): vote event count matches (5)
  [32m✓[0m  AZ HB 2048 (57th-2nd-regular): vote tally matches on 2026-02-25 ({'yes': 0, 'no': 0, 'other': 0, 'absent': 0, 'excused': 0, 'not voting': 0})
  [32m✓[0m  AZ HB 2048 (57th-2nd-regular): vote tally matches on 2026-02-26 ({'yes': 34, 'no': 20, 'other': 0, 'absent': 0, 'excused': 0, 'not voting': 6})
  [32m✓[0m  AZ HB 2048 (57th-2nd-regular): vote tally matches on 2026-06-01 ({'yes': 0, 'no': 0, 'other': 0, 'absent': 0, 'excused': 0, 'not voting': 0})
  [32m✓[0m  AZ HB 2048 (57th-2nd-regular): vote tally matches on 2026-06-09 ({'yes': 18, 'no': 11, 'other': 0, 'absent': 0, 'excused': 0, 'not voting': 1})
  [32m✓[0m  AZ HB 2048 (57th-2nd-regular): vote tally matches on 2026-06-11 ({'yes': 0, 'no': 0, 'other': 0, 'absent': 0, 'excused': 0, 'not voting': 0})
  [32m✓[0m  AZ HB 2048 (57th-2nd-regular): sponsorship count matches (1)
  [32m✓[0m  AZ HB 2056 (57th-2nd-regular): title matches
  [32m✓[0m  AZ HB 2056 (57th-2nd-regular): latest_action matches
  [32m✓[0m  AZ HB 2056 (57th-2nd-regular): vote event count matches (2)
  [32m✓[0m  AZ HB 2056 (57th-2nd-regular): vote tally matches on 2026-02-23 ({'yes': 0, 'no': 0, 'other': 0, 'absent': 0, 'excused': 0, 'not voting': 0})
  [32m✓[0m  AZ HB 2056 (57th-2nd-regular): vote tally matches on 2026-02-24 ({'yes': 32, 'no': 23, 'other': 0, 'absent': 0, 'excused': 0, 'not voting': 5})
  [32m✓[0m  AZ HB 2056 (57th-2nd-regular): sponsorship count matches (2)
  [32m✓[0m  AZ HB 2059 (57th-2nd-regular): title matches
  [32m✓[0m  AZ HB 2059 (57th-2nd-regular): latest_action matches
  [32m✓[0m  AZ HB 2059 (57th-2nd-regular): vote event count matches (0)
  [32m✓[0m  AZ HB 2059 (57th-2nd-regular): sponsorship count matches (1)
  [32m✓[0m  AZ HB 2060 (57th-2nd-regular): title matches
  [32m✓[0m  AZ HB 2060 (57th-2nd-regular): latest_action matches
  [32m✓[0m  AZ HB 2060 (57th-2nd-regular): vote event count matches (3)
  [32m✓[0m  AZ HB 2060 (57th-2nd-regular): vote tally matches on 2026-02-25 ({'yes': 0, 'no': 0, 'other': 0, 'absent': 0, 'excused': 0, 'not voting': 0})
  [32m✓[0m  AZ HB 2060 (57th-2nd-regular): vote tally matches on 2026-02-26 ({'yes': 31, 'no': 23, 'other': 0, 'absent': 0, 'excused': 0, 'not voting': 6})
  [32m✓[0m  AZ HB 2060 (57th-2nd-regular): vote tally matches on 2026-04-13 ({'yes': 0, 'no': 0, 'other': 0, 'absent': 0, 'excused': 0, 'not voting': 0})
  [32m✓[0m  AZ HB 2060 (57th-2nd-regular): sponsorship count matches (1)
  [32m✓[0m  AZ HB 2071 (57th-2nd-regular): title matches
  [32m✓[0m  AZ HB 2071 (57th-2nd-regular): latest_action matches
  [32m✓[0m  AZ HB 2071 (57th-2nd-regular): vote event count matches (0)
  [32m✓[0m  AZ HB 2071 (57th-2nd-regular): sponsorship count matches (1)
  [32m✓[0m  AZ HB 2078 (57th-2nd-regular): title matches
  [32m✓[0m  AZ HB 2078 (57th-2nd-regular): latest_action matches
  [32m✓[0m  AZ HB 2078 (57th-2nd-regular): vote event count matches (2)
  [32m✓[0m  AZ HB 2078 (57th-2nd-regular): vote tally matches on 2026-02-23 ({'yes': 46, 'no': 11, 'other': 0, 'absent': 0, 'excused': 0, 'not voting': 3})
  [32m✓[0m  AZ HB 2078 (57th-2nd-regular): vote tally matches on 2026-05-26 ({'yes': 18, 'no': 7, 'other': 0, 'absent': 0, 'excused': 0, 'not voting': 5})
  [32m✓[0m  AZ HB 2078 (57th-2nd-regular): sponsorship count matches (1)
  [32m✓[0m  AZ HB 2081 (57th-2nd-regular): title matches
  [32m✓[0m  AZ HB 2081 (57th-2nd-regular): latest_action matches
  [32m✓[0m  AZ HB 2081 (57th-2nd-regular): vote event count matches (0)
  [32m✓[0m  AZ HB 2081 (57th-2nd-regular): sponsorship count matches (1)
  [32m✓[0m  AZ HB 2087 (57th-2nd-regular): title matches
  [32m✓[0m  AZ HB 2087 (57th-2nd-regular): latest_action matches
  [32m✓[0m  AZ HB 2087 (57th-2nd-regular): vote event count matches (0)
  [32m✓[0m  AZ HB 2087 (57th-2nd-regular): sponsorship count matches (1)
  [32m✓[0m  AZ HB 2092 (57th-2nd-regular): title matches
  [32m✓[0m  AZ HB 2092 (57th-2nd-regular): latest_action matches
  [32m✓[0m  AZ HB 2092 (57th-2nd-regular): vote event count matches (3)
  [32m✓[0m  AZ HB 2092 (57th-2nd-regular): vote tally matches on 2026-02-19 ({'yes': 0, 'no': 0, 'other': 0, 'absent': 0, 'excused': 0, 'not voting': 0})
  [32m✓[0m  AZ HB 2092 (57th-2nd-regular): vote tally matches on 2026-02-23 ({'yes': 55, 'no': 2, 'other': 0, 'absent': 0, 'excused': 0, 'not voting': 3})
  [32m✓[0m  AZ HB 2092 (57th-2nd-regular): vote tally matches on 2026-04-07 ({'yes': 29, 'no': 0, 'other': 0, 'absent': 0, 'excused': 0, 'not voting': 1})
  [32m✓[0m  AZ HB 2092 (57th-2nd-regular): sponsorship count matches (1)
  [32m✓[0m  AZ HB 2093 (57th-2nd-regular): title matches
  [32m✓[0m  AZ HB 2093 (57th-2nd-regular): latest_action matches
  [32m✓[0m  AZ HB 2093 (57th-2nd-regular): vote event count matches (7)
  [32m✓[0m  AZ HB 2093 (57th-2nd-regular): vote tally matches on 2026-02-25 ({'yes': 0, 'no': 0, 'other': 0, 'absent': 0, 'excused': 0, 'not voting': 0})
  [32m✓[0m  AZ HB 2093 (57th-2nd-regular): vote tally matches on 2026-02-25 ({'yes': 23, 'no': 29, 'other': 0, 'absent': 0, 'excused': 0, 'not voting': 8})
  [32m✓[0m  AZ HB 2093 (57th-2nd-regular): vote tally matches on 2026-03-11 ({'yes': 0, 'no': 0, 'other': 0, 'absent': 0, 'excused': 0, 'not voting': 0})
  [32m✓[0m  AZ HB 2093 (57th-2nd-regular): vote tally matches on 2026-03-11 ({'yes': 0, 'no': 0, 'other': 0, 'absent': 0, 'excused': 0, 'not voting': 0})
  [32m✓[0m  AZ HB 2093 (57th-2nd-regular): vote tally matches on 2026-03-17 ({'yes': 31, 'no': 22, 'other': 0, 'absent': 0, 'excused': 0, 'not voting': 6})
  [32m✓[0m  AZ HB 2093 (57th-2nd-regular): vote tally matches on 2026-04-09 ({'yes': 16, 'no': 10, 'other': 0, 'absent': 0, 'excused': 0, 'not voting': 4})
  [32m✓[0m  AZ HB 2093 (57th-2nd-regular): vote tally matches on 2026-04-09 ({'yes': 0, 'no': 0, 'other': 0, 'absent': 0, 'excused': 0, 'not voting': 0})
  [32m✓[0m  AZ HB 2093 (57th-2nd-regular): sponsorship count matches (1)
  [32m✓[0m  AZ HB 2094 (57th-2nd-regular): title matches
  [32m✓[0m  AZ HB 2094 (57th-2nd-regular): latest_action matches
  [32m✓[0m  AZ HB 2094 (57th-2nd-regular): vote event count matches (1)
  [32m✓[0m  AZ HB 2094 (57th-2nd-regular): vote tally matches on 2026-02-23 ({'yes': 32, 'no': 25, 'other': 0, 'absent': 0, 'excused': 0, 'not voting': 3})
  [32m✓[0m  AZ HB 2094 (57th-2nd-regular): sponsorship count matches (1)
  [32m✓[0m  AZ HB 2097 (57th-2nd-regular): title matches
  [32m✓[0m  AZ HB 2097 (57th-2nd-regular): latest_action matches
  [32m✓[0m  AZ HB 2097 (57th-2nd-regular): vote event count matches (2)
  [32m✓[0m  AZ HB 2097 (57th-2nd-regular): vote tally matches on 2026-02-23 ({'yes': 0, 'no': 0, 'other': 0, 'absent': 0, 'excused': 0, 'not voting': 0})
  [32m✓[0m  AZ HB 2097 (57th-2nd-regular): vote tally matches on 2026-02-24 ({'yes': 32, 'no': 23, 'other': 0, 'absent': 0, 'excused': 0, 'not voting': 5})
  [32m✓[0m  AZ HB 2097 (57th-2nd-regular): sponsorship count matches (1)
  [32m✓[0m  AZ HB 2098 (57th-2nd-regular): title matches
  [32m✓[0m  AZ HB 2098 (57th-2nd-regular): latest_action matches
  [32m✓[0m  AZ HB 2098 (57th-2nd-regular): vote event count matches (3)
  [32m✓[0m  AZ HB 2098 (57th-2nd-regular): vote tally matches on 2026-02-19 ({'yes': 0, 'no': 0, 'other': 0, 'absent': 0, 'excused': 0, 'not voting': 0})
  [32m✓[0m  AZ HB 2098 (57th-2nd-regular): vote tally matches on 2026-02-23 ({'yes': 55, 'no': 2, 'other': 0, 'absent': 0, 'excused': 0, 'not voting': 3})
  [32m✓[0m  AZ HB 2098 (57th-2nd-regular): vote tally matches on 2026-04-07 ({'yes': 27, 'no': 2, 'other': 0, 'absent': 0, 'excused': 0, 'not voting': 1})
  [32m✓[0m  AZ HB 2098 (57th-2nd-regular): sponsorship count matches (1)
  [32m✓[0m  AZ HB 2104 (57th-2nd-regular): title matches
  [32m✓[0m  AZ HB 2104 (57th-2nd-regular): latest_action matches
  [32m✓[0m  AZ HB 2104 (57th-2nd-regular): vote event count matches (8)
  [32m✓[0m  AZ HB 2104 (57th-2nd-regular): vote tally matches on 2026-01-29 ({'yes': 0, 'no': 0, 'other': 0, 'absent': 0, 'excused': 0, 'not voting': 0})
  [32m✓[0m  AZ HB 2104 (57th-2nd-regular): vote tally matches on 2026-02-18 ({'yes': 0, 'no': 0, 'other': 0, 'absent': 0, 'excused': 0, 'not voting': 0})
  [32m✓[0m  AZ HB 2104 (57th-2nd-regular): vote tally matches on 2026-02-18 ({'yes': 0, 'no': 0, 'other': 0, 'absent': 0, 'excused': 0, 'not voting': 0})
  [32m✓[0m  AZ HB 2104 (57th-2nd-regular): vote tally matches on 2026-02-24 ({'yes': 36, 'no': 20, 'other': 0, 'absent': 0, 'excused': 0, 'not voting': 4})
  [32m✓[0m  AZ HB 2104 (57th-2nd-regular): vote tally matches on 2026-06-09 ({'yes': 0, 'no': 0, 'other': 0, 'absent': 0, 'excused': 0, 'not voting': 0})
  [32m✓[0m  AZ HB 2104 (57th-2nd-regular): vote tally matches on 2026-06-10 ({'yes': 19, 'no': 10, 'other': 0, 'absent': 0, 'excused': 0, 'not voting': 1})
  [32m✓[0m  AZ HB 2104 (57th-2nd-regular): vote tally matches on 2026-06-12 ({'yes': 38, 'no': 17, 'other': 0, 'absent': 0, 'excused': 0, 'not voting': 5})
  [32m✓[0m  AZ HB 2104 (57th-2nd-regular): vote tally matches on 2026-06-12 ({'yes': 0, 'no': 0, 'other': 0, 'absent': 0, 'excused': 0, 'not voting': 0})
  [32m✓[0m  AZ HB 2104 (57th-2nd-regular): sponsorship count matches (1)
  [32m✓[0m  AZ HB 2114 (57th-2nd-regular): title matches
  [32m✓[0m  AZ HB 2114 (57th-2nd-regular): latest_action matches
  [32m✓[0m  AZ HB 2114 (57th-2nd-regular): vote event count matches (6)
  [32m✓[0m  AZ HB 2114 (57th-2nd-regular): vote tally matches on 2026-02-19 ({'yes': 0, 'no': 0, 'other': 0, 'absent': 0, 'excused': 0, 'not voting': 0})
  [32m✓[0m  AZ HB 2114 (57th-2nd-regular): vote tally matches on 2026-02-23 ({'yes': 34, 'no': 23, 'other': 0, 'absent': 0, 'excused': 0, 'not voting': 3})
  [32m✓[0m  AZ HB 2114 (57th-2nd-regular): vote tally matches on 2026-06-11 ({'yes': 0, 'no': 0, 'other': 0, 'absent': 0, 'excused': 0, 'not voting': 0})
  [32m✓[0m  AZ HB 2114 (57th-2nd-regular): vote tally matches on 2026-06-11 ({'yes': 26, 'no': 1, 'other': 0, 'absent': 0, 'excused': 0, 'not voting': 3})
  [33m~[0m  AZ HB 2114 (57th-2nd-regular): vote tally differs on 2026-06-12  [local={'yes': 54, 'no': 1, 'other': 0, 'absent': 0, 'excused': 0, 'not voting': 5} live={'yes': 0, 'no': 0, 'other': 0, 'absent': 0, 'excused': 0, 'not voting': 0} | Aaron Márquez (yes): local only; Alexander Kolodin (yes): local only; Alma Hernandez (yes): local only; Anna Abeytia (yes): local only; Betty J Villegas (yes): local only; Beverly Pingerelli (yes): local only; Brian Garcia (yes): local only; Cesar Aguilar (yes): local only; Chris Lopez (yes): local only; Christopher Mathis (yes): local only; Cody Reim (yes): local only; Consuelo Hernandez (yes): local only; David Livingston (yes): local only; Elda Luna-Nájera (yes): local only; Gail Griffin (yes): local only; James Taylor (yes): local only; Janeen Connolly (yes): local only; Jeff Weninger (yes): local only; John Gillette (yes): local only; Julie Willoughby (other): local only; Junelle Cavero (yes): local only; Justin Olson (yes): local only; Justin Wilmeth (yes): local only; Kevin Volk (yes): local only; Khyl Powell (yes): local only; Laurin Hendrix (yes): local only; Leo Biasiucci (yes): local only; Lisa Fink (yes): local only; Lorena Austin (yes): local only; Lupe Contreras (yes): local only; Lupe Diaz (yes): local only; Lydia Hernandez (yes): local only; Mae Peshlakai (yes): local only; Mariana Sandoval (no): local only; Matt Gress (yes): local only; Michael Carbone (yes): local only; Michael Way (yes): local only; Michele Peña (yes): local only; Myron Tsosie (other): local only; Nancy Gutierrez (other): local only; Neal Carter (yes): local only; Nick Kupper (yes): local only; Oscar De Los Santos (yes): local only; Pamela Carter (yes): local only; Patty Contreras (yes): local only; Quang H Nguyen (yes): local only; Quantá Crews (yes): local only; Rachel Keshel (yes): local only; Ralph Heap (yes): local only; Sarah Liguori (yes): local only; Selina Bliss (yes): local only; Seth Blattman (other): local only; Stacey Travers (yes): local only; Stephanie Simacek (yes): local only; Stephanie Stahl Hamilton (yes): local only; Steve Montenegro (yes): local only; Sylvia Allen (yes): local only; Teresa Martinez (yes): local only; Tony Rivero (yes): local only; Walt Blackman (other): local only | 21 other local bill(s) share this signature on 2026-06-12]
  [33m~[0m  AZ HB 2114 (57th-2nd-regular): vote tally differs on 2026-06-12  [local={'yes': 0, 'no': 0, 'other': 0, 'absent': 0, 'excused': 0, 'not voting': 0} live={'yes': 54, 'no': 1, 'other': 0, 'absent': 0, 'excused': 0, 'not voting': 5} | Aaron Márquez (yes): live only; Alexander Kolodin (yes): live only; Alma Hernandez (yes): live only; Anna Abeytia (yes): live only; Betty J Villegas (yes): live only; Beverly Pingerelli (yes): live only; Brian Garcia (yes): live only; Cesar Aguilar (yes): live only; Chris Lopez (yes): live only; Christopher Mathis (yes): live only; Cody Reim (yes): live only; Consuelo Hernandez (yes): live only; David Livingston (yes): live only; Elda Luna-Nájera (yes): live only; Gail Griffin (yes): live only; James Taylor (yes): live only; Janeen Connolly (yes): live only; Jeff Weninger (yes): live only; John Gillette (yes): live only; Julie Willoughby (other): live only; Junelle Cavero (yes): live only; Justin Olson (yes): live only; Justin Wilmeth (yes): live only; Kevin Volk (yes): live only; Khyl Powell (yes): live only; Laurin Hendrix (yes): live only; Leo Biasiucci (yes): live only; Lisa Fink (yes): live only; Lorena Austin (yes): live only; Lupe Contreras (yes): live only; Lupe Diaz (yes): live only; Lydia Hernandez (yes): live only; Mae Peshlakai (yes): live only; Mariana Sandoval (no): live only; Matt Gress (yes): live only; Michael Carbone (yes): live only; Michael Way (yes): live only; Michele Peña (yes): live only; Myron Tsosie (other): live only; Nancy Gutierrez (other): live only; Neal Carter (yes): live only; Nick Kupper (yes): live only; Oscar De Los Santos (yes): live only; Pamela Carter (yes): live only; Patty Contreras (yes): live only; Quang H Nguyen (yes): live only; Quantá Crews (yes): live only; Rachel Keshel (yes): live only; Ralph Heap (yes): live only; Sarah Liguori (yes): live only; Selina Bliss (yes): live only; Seth Blattman (other): live only; Stacey Travers (yes): live only; Stephanie Simacek (yes): live only; Stephanie Stahl Hamilton (yes): live only; Steve Montenegro (yes): live only; Sylvia Allen (yes): live only; Teresa Martinez (yes): live only; Tony Rivero (yes): live only; Walt Blackman (other): live only | 21 other local bill(s) share this signature on 2026-06-12]
  [32m✓[0m  AZ HB 2114 (57th-2nd-regular): sponsorship count matches (3)
    ...25/500
  [32m✓[0m  AZ HB 2120 (57th-2nd-regular): title matches
  [32m✓[0m  AZ HB 2120 (57th-2nd-regular): latest_action matches
  [32m✓[0m  AZ HB 2120 (57th-2nd-regular): vote event count matches (6)
  [32m✓[0m  AZ HB 2120 (57th-2nd-regular): vote tally matches on 2026-02-05 ({'yes': 0, 'no': 0, 'other': 0, 'absent': 0, 'excused': 0, 'not voting': 0})
  [32m✓[0m  AZ HB 2120 (57th-2nd-regular): vote tally matches on 2026-02-10 ({'yes': 43, 'no': 12, 'other': 0, 'absent': 0, 'excused': 0, 'not voting': 5})
  [32m✓[0m  AZ HB 2120 (57th-2nd-regular): vote tally matches on 2026-04-01 ({'yes': 0, 'no': 0, 'other': 0, 'absent': 0, 'excused': 0, 'not voting': 0})
  [32m✓[0m  AZ HB 2120 (57th-2nd-regular): vote tally matches on 2026-04-01 ({'yes': 28, 'no': 0, 'other': 0, 'absent': 0, 'excused': 0, 'not voting': 2})
  [32m✓[0m  AZ HB 2120 (57th-2nd-regular): vote tally matches on 2026-06-01 ({'yes': 56, 'no': 0, 'other': 0, 'absent': 0, 'excused': 0, 'not voting': 4})
  [32m✓[0m  AZ HB 2120 (57th-2nd-regular): vote tally matches on 2026-06-01 ({'yes': 0, 'no': 0, 'other': 0, 'absent': 0, 'excused': 0, 'not voting': 0})
  [32m✓[0m  AZ HB 2120 (57th-2nd-regular): sponsorship count matches (1)
  [32m✓[0m  AZ HB 2128 (57th-2nd-regular): title matches
  [32m✓[0m  AZ HB 2128 (57th-2nd-regular): latest_action matches
  [32m✓[0m  AZ HB 2128 (57th-2nd-regular): vote event count matches (3)
  [32m✓[0m  AZ HB 2128 (57th-2nd-regular): vote tally matches on 2026-03-02 ({'yes': 0, 'no': 0, 'other': 0, 'absent': 0, 'excused': 0, 'not voting': 0})
  [32m✓[0m  AZ HB 2128 (57th-2nd-regular): vote tally matches on 2026-03-04 ({'yes': 0, 'no': 0, 'other': 0, 'absent': 0, 'excused': 0, 'not voting': 0})
  [32m✓[0m  AZ HB 2128 (57th-2nd-regular): vote tally matches on 2026-03-05 ({'yes': 49, 'no': 0, 'other': 0, 'absent': 0, 'excused': 0, 'not voting': 10})
  [32m✓[0m  AZ HB 2128 (57th-2nd-regular): sponsorship count matches (2)
  [32m✓[0m  AZ HB 2133 (57th-2nd-regular): title matches
  [32m✓[0m  AZ HB 2133 (57th-2nd-regular): latest_action matches
  [32m✓[0m  AZ HB 2133 (57th-2nd-regular): vote event count matches (6)
  [32m✓[0m  AZ HB 2133 (57th-2nd-regular): vote tally matches on 2026-02-10 ({'yes': 0, 'no': 0, 'other': 0, 'absent': 0, 'excused': 0, 'not voting': 0})
  [32m✓[0m  AZ HB 2133 (57th-2nd-regular): vote tally matches on 2026-02-23 ({'yes': 41, 'no': 16, 'other': 0, 'absent': 0, 'excused': 0, 'not voting': 3})
  [32m✓[0m  AZ HB 2133 (57th-2nd-regular): vote tally matches on 2026-04-08 ({'yes': 16, 'no': 12, 'other': 0, 'absent': 0, 'excused': 0, 'not voting': 2})
  [32m✓[0m  AZ HB 2133 (57th-2nd-regular): vote tally matches on 2026-04-08 ({'yes': 0, 'no': 0, 'other': 0, 'absent': 0, 'excused': 0, 'not voting': 0})
  [32m✓[0m  AZ HB 2133 (57th-2nd-regular): vote tally matches on 2026-06-09 ({'yes': 16, 'no': 12, 'other': 0, 'absent': 0, 'excused': 0, 'not voting': 2})
  [32m✓[0m  AZ HB 2133 (57th-2nd-regular): vote tally matches on 2026-06-11 ({'yes': 35, 'no': 20, 'other': 0, 'absent': 0, 'excused': 0, 'not voting': 5})
  [32m✓[0m  AZ HB 2133 (57th-2nd-regular): sponsorship count matches (1)
  [32m✓[0m  AZ HB 2134 (57th-2nd-regular): title matches
  [32m✓[0m  AZ HB 2134 (57th-2nd-regular): latest_action matches
  [32m✓[0m  AZ HB 2134 (57th-2nd-regular): vote event count matches (5)
  [32m✓[0m  AZ HB 2134 (57th-2nd-regular): vote tally matches on 2026-02-23 ({'yes': 0, 'no': 0, 'other': 0, 'absent': 0, 'excused': 0, 'not voting': 0})
  [32m✓[0m  AZ HB 2134 (57th-2nd-regular): vote tally matches on 2026-03-03 ({'yes': 37, 'no': 19, 'other': 0, 'absent': 0, 'excused': 0, 'not voting': 3})
  [32m✓[0m  AZ HB 2134 (57th-2nd-regular): vote tally matches on 2026-03-03 ({'yes': 0, 'no': 0, 'other': 0, 'absent': 0, 'excused': 0, 'not voting': 0})
  [32m✓[0m  AZ HB 2134 (57th-2nd-regular): vote tally matches on 2026-06-11 ({'yes': 0, 'no': 0, 'other': 0, 'absent': 0, 'excused': 0, 'not voting': 0})
  [32m✓[0m  AZ HB 2134 (57th-2nd-regular): vote tally matches on 2026-06-12 ({'yes': 16, 'no': 13, 'other': 0, 'absent': 0, 'excused': 0, 'not voting': 1})
  [32m✓[0m  AZ HB 2134 (57th-2nd-regular): sponsorship count matches (1)
  [32m✓[0m  AZ HB 2141 (57th-2nd-regular): title matches
  [32m✓[0m  AZ HB 2141 (57th-2nd-regular): latest_action matches
  [32m✓[0m  AZ HB 2141 (57th-2nd-regular): vote event count matches (0)
  [32m✓[0m  AZ HB 2141 (57th-2nd-regular): sponsorship count matches (2)
  [32m✓[0m  AZ HB 2172 (57th-2nd-regular): title matches
  [32m✓[0m  AZ HB 2172 (57th-2nd-regular): latest_action matches
  [32m✓[0m  AZ HB 2172 (57th-2nd-regular): vote event count matches (0)
  [32m✓[0m  AZ HB 2172 (57th-2nd-regular): sponsorship count matches (1)
  [32m✓[0m  AZ HB 2175 (57th-2nd-regular): title matches
  [32m✓[0m  AZ HB 2175 (57th-2nd-regular): latest_action matches
  [32m✓[0m  AZ HB 2175 (57th-2nd-regular): vote event count matches (6)
  [32m✓[0m  AZ HB 2175 (57th-2nd-regular): vote tally matches on 2026-02-23 ({'yes': 0, 'no': 0, 'other': 0, 'absent': 0, 'excused': 0, 'not voting': 0})
  [32m✓[0m  AZ HB 2175 (57th-2nd-regular): vote tally matches on 2026-02-25 ({'yes': 0, 'no': 0, 'other': 0, 'absent': 0, 'excused': 0, 'not voting': 0})
  [32m✓[0m  AZ HB 2175 (57th-2nd-regular): vote tally matches on 2026-03-02 ({'yes': 0, 'no': 0, 'other': 0, 'absent': 0, 'excused': 0, 'not voting': 0})
  [32m✓[0m  AZ HB 2175 (57th-2nd-regular): vote tally matches on 2026-03-02 ({'yes': 23, 'no': 30, 'other': 0, 'absent': 0, 'excused': 0, 'not voting': 6})
  [32m✓[0m  AZ HB 2175 (57th-2nd-regular): vote tally matches on 2026-03-03 ({'yes': 0, 'no': 0, 'other': 0, 'absent': 0, 'excused': 0, 'not voting': 0})
  [32m✓[0m  AZ HB 2175 (57th-2nd-regular): vote tally matches on 2026-03-03 ({'yes': 25, 'no': 31, 'other': 0, 'absent': 0, 'excused': 0, 'not voting': 3})
  [32m✓[0m  AZ HB 2175 (57th-2nd-regular): sponsorship count matches (1)
  [32m✓[0m  AZ HB 2186 (57th-2nd-regular): title matches
  [32m✓[0m  AZ HB 2186 (57th-2nd-regular): latest_action matches
  [32m✓[0m  AZ HB 2186 (57th-2nd-regular): vote event count matches (0)
  [32m✓[0m  AZ HB 2186 (57th-2nd-regular): sponsorship count matches (1)
  [32m✓[0m  AZ HB 2190 (57th-2nd-regular): title matches
  [32m✓[0m  AZ HB 2190 (57th-2nd-regular): latest_action matches
  [32m✓[0m  AZ HB 2190 (57th-2nd-regular): vote event count matches (6)
  [32m✓[0m  AZ HB 2190 (57th-2nd-regular): vote tally matches on 2026-02-11 ({'yes': 0, 'no': 0, 'other': 0, 'absent': 0, 'excused': 0, 'not voting': 0})
  [32m✓[0m  AZ HB 2190 (57th-2nd-regular): vote tally matches on 2026-02-12 ({'yes': 0, 'no': 0, 'other': 0, 'absent': 0, 'excused': 0, 'not voting': 0})
  [32m✓[0m  AZ HB 2190 (57th-2nd-regular): vote tally matches on 2026-02-12 ({'yes': 20, 'no': 38, 'other': 0, 'absent': 0, 'excused': 0, 'not voting': 2})
  [33m~[0m  AZ HB 2190 (57th-2nd-regular): vote tally differs on 2026-02-16  [local={'yes': 45, 'no': 13, 'other': 0, 'absent': 0, 'excused': 0, 'not voting': 2} live={'yes': 26, 'no': 3, 'other': 0, 'absent': 0, 'excused': 0, 'not voting': 1} | Aaron Márquez (yes): local only; Alexander Kolodin (no): local only; Alma Hernandez (yes): local only; Anna Abeytia (yes): local only; Betty J Villegas (yes): local only; Beverly Pingerelli (no): local only; Brian Garcia (yes): local only; Cesar Aguilar (yes): local only; Chris Lopez (yes): local only; Christopher Mathis (yes): local only; Consuelo Hernandez (yes): local only; David Livingston (yes): local only; David Marshall, Sr. (no): local only; Elda Luna-Nájera (yes): local only; Gail Griffin (yes): local only; James Taylor (yes): local only; Janeen Connolly (yes): local only; Jeff Weninger (yes): local only; John Gillette (yes): local only; Joseph Chaplik (no): local only; Julie Willoughby (yes): local only; Junelle Cavero (yes): local only; Justin Olson (no): local only; Justin Wilmeth (yes): local only; Kevin Volk (yes): local only; Khyl Powell (no): local only; Laurin Hendrix (no): local only; Leo Biasiucci (yes): local only; Lisa Fink (no): local only; Lorena Austin (yes): local only; Lupe Contreras (other): local only; Lupe Diaz (yes): local only; Lydia Hernandez (yes): local only; Mae Peshlakai (yes): local only; Mariana Sandoval (no): local only; Matt Gress (yes): local only; Michael Carbone (yes): local only; Michael Way (no): local only; Michele Peña (yes): local only; Myron Tsosie (yes): local only; Nancy Gutierrez (no): local only; Neal Carter (yes): local only; Nick Kupper (yes): local only; Oscar De Los Santos (yes): local only; Pamela Carter (yes): local only; Patty Contreras (yes): local only; Quang H Nguyen (yes): local only; Quantá Crews (yes): local only; Rachel Keshel (no): local only; Ralph Heap (no): local only; Sarah Liguori (yes): local only; Selina Bliss (yes): local only; Seth Blattman (other): local only; Stacey Travers (yes): local only; Stephanie Simacek (yes): local only; Stephanie Stahl Hamilton (yes): local only; Steve Montenegro (yes): local only; Teresa Martinez (yes): local only; Tony Rivero (yes): local only; Walt Blackman (yes): local only; Analise Ortiz (yes): live only; Brian Fernandez (yes): live only; Carine Werner (yes): live only; Catherine Miranda (yes): live only; David C. Farnsworth (no): live only; David Gowan (yes): live only; Denise “Mitzi” Epstein (yes): live only; Eva Diaz (yes): live only; Flavio Bravo (other): live only; Frank Carroll (yes): live only; Hildy Angius (yes): live only; J.D. Mesnard (yes): live only; Jake Hoffman (no): live only; Janae Shamp (yes): live only; John Kavanagh (yes): live only; Kevin Payne (yes): live only; Kiana Sears (yes): live only; Lauren Kuby (yes): live only; Lela Alston (yes): live only; Mark Finchem (yes): live only; Priya Sundareshan (yes): live only; Rosanna Gabaldón (yes): live only; Sally Ann Gonzales (yes): live only; Shawnna Bolick (yes): live only; Theresa Hatathlie (yes): live only; Thomas "T.J." Shope (yes): live only; Timothy "Tim" Dunn (yes): live only; Venden "Vince" Leach (yes): live only; Warren Petersen (no): live only; Wendy Rogers (yes): live only | 12 other local bill(s) share this signature on 2026-02-16]
  [32m✓[0m  AZ HB 2190 (57th-2nd-regular): vote tally matches on 2026-02-16 ({'yes': 0, 'no': 0, 'other': 0, 'absent': 0, 'excused': 0, 'not voting': 0})
  [33m~[0m  AZ HB 2190 (57th-2nd-regular): vote tally differs on 2026-02-16  [local={'yes': 26, 'no': 3, 'other': 0, 'absent': 0, 'excused': 0, 'not voting': 1} live={'yes': 45, 'no': 13, 'other': 0, 'absent': 0, 'excused': 0, 'not voting': 2} | Analise Ortiz (yes): local only; Brian Fernandez (yes): local only; Carine Werner (yes): local only; Catherine Miranda (yes): local only; David C. Farnsworth (no): local only; David Gowan (yes): local only; Denise “Mitzi” Epstein (yes): local only; Eva Diaz (yes): local only; Flavio Bravo (other): local only; Frank Carroll (yes): local only; Hildy Angius (yes): local only; J.D. Mesnard (yes): local only; Jake Hoffman (no): local only; Janae Shamp (yes): local only; John Kavanagh (yes): local only; Kevin Payne (yes): local only; Kiana Sears (yes): local only; Lauren Kuby (yes): local only; Lela Alston (yes): local only; Mark Finchem (yes): local only; Priya Sundareshan (yes): local only; Rosanna Gabaldón (yes): local only; Sally Ann Gonzales (yes): local only; Shawnna Bolick (yes): local only; Theresa Hatathlie (yes): local only; Thomas "T.J." Shope (yes): local only; Timothy "Tim" Dunn (yes): local only; Venden "Vince" Leach (yes): local only; Warren Petersen (no): local only; Wendy Rogers (yes): local only; Aaron Márquez (yes): live only; Alexander Kolodin (no): live only; Alma Hernandez (yes): live only; Anna Abeytia (yes): live only; Betty J Villegas (yes): live only; Beverly Pingerelli (no): live only; Brian Garcia (yes): live only; Cesar Aguilar (yes): live only; Chris Lopez (yes): live only; Christopher Mathis (yes): live only; Consuelo Hernandez (yes): live only; David Livingston (yes): live only; David Marshall, Sr. (no): live only; Elda Luna-Nájera (yes): live only; Gail Griffin (yes): live only; James Taylor (yes): live only; Janeen Connolly (yes): live only; Jeff Weninger (yes): live only; John Gillette (yes): live only; Joseph Chaplik (no): live only; Julie Willoughby (yes): live only; Junelle Cavero (yes): live only; Justin Olson (no): live only; Justin Wilmeth (yes): live only; Kevin Volk (yes): live only; Khyl Powell (no): live only; Laurin Hendrix (no): live only; Leo Biasiucci (yes): live only; Lisa Fink (no): live only; Lorena Austin (yes): live only; Lupe Contreras (other): live only; Lupe Diaz (yes): live only; Lydia Hernandez (yes): live only; Mae Peshlakai (yes): live only; Mariana Sandoval (no): live only; Matt Gress (yes): live only; Michael Carbone (yes): live only; Michael Way (no): live only; Michele Peña (yes): live only; Myron Tsosie (yes): live only; Nancy Gutierrez (no): live only; Neal Carter (yes): live only; Nick Kupper (yes): live only; Oscar De Los Santos (yes): live only; Pamela Carter (yes): live only; Patty Contreras (yes): live only; Quang H Nguyen (yes): live only; Quantá Crews (yes): live only; Rachel Keshel (no): live only; Ralph Heap (no): live only; Sarah Liguori (yes): live only; Selina Bliss (yes): live only; Seth Blattman (other): live only; Stacey Travers (yes): live only; Stephanie Simacek (yes): live only; Stephanie Stahl Hamilton (yes): live only; Steve Montenegro (yes): live only; Teresa Martinez (yes): live only; Tony Rivero (yes): live only; Walt Blackman (yes): live only | 12 other local bill(s) share this signature on 2026-02-16]
  [32m✓[0m  AZ HB 2190 (57th-2nd-regular): sponsorship count matches (1)
  [32m✓[0m  AZ HB 2194 (57th-2nd-regular): title matches
  [32m✓[0m  AZ HB 2194 (57th-2nd-regular): latest_action matches
  [32m✓[0m  AZ HB 2194 (57th-2nd-regular): vote event count matches (0)
  [32m✓[0m  AZ HB 2194 (57th-2nd-regular): sponsorship count matches (1)
  [32m✓[0m  AZ HB 2199 (57th-2nd-regular): title matches
  [32m✓[0m  AZ HB 2199 (57th-2nd-regular): latest_action matches
  [32m✓[0m  AZ HB 2199 (57th-2nd-regular): vote event count matches (2)
  [32m✓[0m  AZ HB 2199 (57th-2nd-regular): vote tally matches on 2026-03-05 ({'yes': 0, 'no': 0, 'other': 0, 'absent': 0, 'excused': 0, 'not voting': 0})
  [32m✓[0m  AZ HB 2199 (57th-2nd-regular): vote tally matches on 2026-03-11 ({'yes': 36, 'no': 15, 'other': 0, 'absent': 0, 'excused': 0, 'not voting': 8})
  [32m✓[0m  AZ HB 2199 (57th-2nd-regular): sponsorship count matches (1)
  [32m✓[0m  AZ HB 2203 (57th-2nd-regular): title matches
  [32m✓[0m  AZ HB 2203 (57th-2nd-regular): latest_action matches
  [32m✓[0m  AZ HB 2203 (57th-2nd-regular): vote event count matches (6)
  [32m✓[0m  AZ HB 2203 (57th-2nd-regular): vote tally matches on 2026-02-05 ({'yes': 0, 'no': 0, 'other': 0, 'absent': 0, 'excused': 0, 'not voting': 0})
  [32m✓[0m  AZ HB 2203 (57th-2nd-regular): vote tally matches on 2026-02-18 ({'yes': 57, 'no': 0, 'other': 0, 'absent': 0, 'excused': 0, 'not voting': 3})
  [32m✓[0m  AZ HB 2203 (57th-2nd-regular): vote tally matches on 2026-04-01 ({'yes': 30, 'no': 0, 'other': 0, 'absent': 0, 'excused': 0, 'not voting': 0})
  [32m✓[0m  AZ HB 2203 (57th-2nd-regular): vote tally matches on 2026-04-01 ({'yes': 0, 'no': 0, 'other': 0, 'absent': 0, 'excused': 0, 'not voting': 0})
  [33m~[0m  AZ HB 2203 (57th-2nd-regular): vote tally differs on 2026-06-01  [local={'yes': 56, 'no': 0, 'other': 0, 'absent': 0, 'excused': 0, 'not voting': 4} live={'yes': 0, 'no': 0, 'other': 0, 'absent': 0, 'excused': 0, 'not voting': 0} | Aaron Márquez (yes): local only; Alexander Kolodin (yes): local only; Alma Hernandez (yes): local only; Anna Abeytia (yes): local only; Betty J Villegas (yes): local only; Beverly Pingerelli (yes): local only; Brian Garcia (yes): local only; Cesar Aguilar (yes): local only; Chris Lopez (yes): local only; Christopher Mathis (yes): local only; Cody Reim (yes): local only; Consuelo Hernandez (yes): local only; David Livingston (other): local only; Elda Luna-Nájera (yes): local only; Gail Griffin (yes): local only; James Taylor (yes): local only; Janeen Connolly (yes): local only; Jeff Weninger (yes): local only; John Gillette (yes): local only; Julie Willoughby (yes): local only; Junelle Cavero (yes): local only; Justin Olson (yes): local only; Justin Wilmeth (yes): local only; Kevin Volk (yes): local only; Khyl Powell (yes): local only; Laurin Hendrix (other): local only; Leo Biasiucci (yes): local only; Lisa Fink (yes): local only; Lorena Austin (yes): local only; Lupe Contreras (yes): local only; Lupe Diaz (yes): local only; Lydia Hernandez (yes): local only; Mae Peshlakai (yes): local only; Mariana Sandoval (yes): local only; Matt Gress (yes): local only; Michael Carbone (yes): local only; Michael Way (yes): local only; Michele Peña (yes): local only; Myron Tsosie (other): local only; Nancy Gutierrez (yes): local only; Neal Carter (yes): local only; Nick Kupper (yes): local only; Oscar De Los Santos (yes): local only; Pamela Carter (yes): local only; Patty Contreras (yes): local only; Quang H Nguyen (yes): local only; Quantá Crews (yes): local only; Rachel Keshel (yes): local only; Ralph Heap (yes): local only; Sarah Liguori (yes): local only; Selina Bliss (yes): local only; Seth Blattman (yes): local only; Stacey Travers (yes): local only; Stephanie Simacek (yes): local only; Stephanie Stahl Hamilton (yes): local only; Steve Montenegro (yes): local only; Sylvia Allen (yes): local only; Teresa Martinez (yes): local only; Tony Rivero (yes): local only; Walt Blackman (other): local only | 28 other local bill(s) share this signature on 2026-06-01]
  [33m~[0m  AZ HB 2203 (57th-2nd-regular): vote tally differs on 2026-06-01  [local={'yes': 0, 'no': 0, 'other': 0, 'absent': 0, 'excused': 0, 'not voting': 0} live={'yes': 56, 'no': 0, 'other': 0, 'absent': 0, 'excused': 0, 'not voting': 4} | Aaron Márquez (yes): live only; Alexander Kolodin (yes): live only; Alma Hernandez (yes): live only; Anna Abeytia (yes): live only; Betty J Villegas (yes): live only; Beverly Pingerelli (yes): live only; Brian Garcia (yes): live only; Cesar Aguilar (yes): live only; Chris Lopez (yes): live only; Christopher Mathis (yes): live only; Cody Reim (yes): live only; Consuelo Hernandez (yes): live only; David Livingston (other): live only; Elda Luna-Nájera (yes): live only; Gail Griffin (yes): live only; James Taylor (yes): live only; Janeen Connolly (yes): live only; Jeff Weninger (yes): live only; John Gillette (yes): live only; Julie Willoughby (yes): live only; Junelle Cavero (yes): live only; Justin Olson (yes): live only; Justin Wilmeth (yes): live only; Kevin Volk (yes): live only; Khyl Powell (yes): live only; Laurin Hendrix (other): live only; Leo Biasiucci (yes): live only; Lisa Fink (yes): live only; Lorena Austin (yes): live only; Lupe Contreras (yes): live only; Lupe Diaz (yes): live only; Lydia Hernandez (yes): live only; Mae Peshlakai (yes): live only; Mariana Sandoval (yes): live only; Matt Gress (yes): live only; Michael Carbone (yes): live only; Michael Way (yes): live only; Michele Peña (yes): live only; Myron Tsosie (other): live only; Nancy Gutierrez (yes): live only; Neal Carter (yes): live only; Nick Kupper (yes): live only; Oscar De Los Santos (yes): live only; Pamela Carter (yes): live only; Patty Contreras (yes): live only; Quang H Nguyen (yes): live only; Quantá Crews (yes): live only; Rachel Keshel (yes): live only; Ralph Heap (yes): live only; Sarah Liguori (yes): live only; Selina Bliss (yes): live only; Seth Blattman (yes): live only; Stacey Travers (yes): live only; Stephanie Simacek (yes): live only; Stephanie Stahl Hamilton (yes): live only; Steve Montenegro (yes): live only; Sylvia Allen (yes): live only; Teresa Martinez (yes): live only; Tony Rivero (yes): live only; Walt Blackman (other): live only | 28 other local bill(s) share this signature on 2026-06-01]
  [32m✓[0m  AZ HB 2203 (57th-2nd-regular): sponsorship count matches (1)
  [32m✓[0m  AZ HB 2211 (57th-2nd-regular): title matches
  [32m✓[0m  AZ HB 2211 (57th-2nd-regular): latest_action matches
  [32m✓[0m  AZ HB 2211 (57th-2nd-regular): vote event count matches (0)
  [32m✓[0m  AZ HB 2211 (57th-2nd-regular): sponsorship count matches (1)
  [32m✓[0m  AZ HB 2212 (57th-2nd-regular): title matches
  [32m✓[0m  AZ HB 2212 (57th-2nd-regular): latest_action matches
  [32m✓[0m  AZ HB 2212 (57th-2nd-regular): vote event count matches (0)
  [32m✓[0m  AZ HB 2212 (57th-2nd-regular): sponsorship count matches (1)
  [32m✓[0m  AZ HB 2217 (57th-2nd-regular): title matches
  [32m✓[0m  AZ HB 2217 (57th-2nd-regular): latest_action matches
  [32m✓[0m  AZ HB 2217 (57th-2nd-regular): vote event count matches (0)
  [32m✓[0m  AZ HB 2217 (57th-2nd-regular): sponsorship count matches (4)
  [32m✓[0m  AZ HB 2218 (57th-2nd-regular): title matches
  [32m✓[0m  AZ HB 2218 (57th-2nd-regular): latest_action matches
  [32m✓[0m  AZ HB 2218 (57th-2nd-regular): vote event count matches (0)
  [32m✓[0m  AZ HB 2218 (57th-2nd-regular): sponsorship count matches (3)
  [32m✓[0m  AZ HB 2221 (57th-2nd-regular): title matches
  [32m✓[0m  AZ HB 2221 (57th-2nd-regular): latest_action matches
  [32m✓[0m  AZ HB 2221 (57th-2nd-regular): vote event count matches (0)
  [32m✓[0m  AZ HB 2221 (57th-2nd-regular): sponsorship count matches (3)
  [32m✓[0m  AZ HB 2222 (57th-2nd-regular): title matches
  [32m✓[0m  AZ HB 2222 (57th-2nd-regular): latest_action matches
  [32m✓[0m  AZ HB 2222 (57th-2nd-regular): vote event count matches (0)
  [32m✓[0m  AZ HB 2222 (57th-2nd-regular): sponsorship count matches (3)
  [32m✓[0m  AZ HB 2225 (57th-2nd-regular): title matches
  [32m✓[0m  AZ HB 2225 (57th-2nd-regular): latest_action matches
  [32m✓[0m  AZ HB 2225 (57th-2nd-regular): vote event count matches (0)
  [32m✓[0m  AZ HB 2225 (57th-2nd-regular): sponsorship count matches (2)
  [32m✓[0m  AZ HB 2228 (57th-2nd-regular): title matches
  [32m✓[0m  AZ HB 2228 (57th-2nd-regular): latest_action matches
  [32m✓[0m  AZ HB 2228 (57th-2nd-regular): vote event count matches (2)
  [32m✓[0m  AZ HB 2228 (57th-2nd-regular): vote tally matches on 2026-02-19 ({'yes': 0, 'no': 0, 'other': 0, 'absent': 0, 'excused': 0, 'not voting': 0})
  [32m✓[0m  AZ HB 2228 (57th-2nd-regular): vote tally matches on 2026-02-23 ({'yes': 57, 'no': 0, 'other': 0, 'absent': 0, 'excused': 0, 'not voting': 3})
  [32m✓[0m  AZ HB 2228 (57th-2nd-regular): sponsorship count matches (1)
  [32m✓[0m  AZ HB 2230 (57th-2nd-regular): title matches
  [32m✓[0m  AZ HB 2230 (57th-2nd-regular): latest_action matches
  [32m✓[0m  AZ HB 2230 (57th-2nd-regular): vote event count matches (0)
  [32m✓[0m  AZ HB 2230 (57th-2nd-regular): sponsorship count matches (1)
  [32m✓[0m  AZ HB 2231 (57th-2nd-regular): title matches
  [32m✓[0m  AZ HB 2231 (57th-2nd-regular): latest_action matches
  [32m✓[0m  AZ HB 2231 (57th-2nd-regular): vote event count matches (1)
  [32m✓[0m  AZ HB 2231 (57th-2nd-regular): vote tally matches on 2026-02-26 ({'yes': 54, 'no': 0, 'other': 0, 'absent': 0, 'excused': 0, 'not voting': 6})
  [32m✓[0m  AZ HB 2231 (57th-2nd-regular): sponsorship count matches (1)
  [32m✓[0m  AZ HB 2235 (57th-2nd-regular): title matches
  [32m✓[0m  AZ HB 2235 (57th-2nd-regular): latest_action matches
  [32m✓[0m  AZ HB 2235 (57th-2nd-regular): vote event count matches (0)
  [32m✓[0m  AZ HB 2235 (57th-2nd-regular): sponsorship count matches (1)
  [32m✓[0m  AZ HB 2241 (57th-2nd-regular): title matches
  [32m✓[0m  AZ HB 2241 (57th-2nd-regular): latest_action matches
  [32m✓[0m  AZ HB 2241 (57th-2nd-regular): vote event count matches (0)
  [32m✓[0m  AZ HB 2241 (57th-2nd-regular): sponsorship count matches (1)
  [32m✓[0m  AZ HB 2242 (57th-2nd-regular): title matches
  [32m✓[0m  AZ HB 2242 (57th-2nd-regular): latest_action matches
  [32m✓[0m  AZ HB 2242 (57th-2nd-regular): vote event count matches (0)
  [32m✓[0m  AZ HB 2242 (57th-2nd-regular): sponsorship count matches (1)
    ...50/500
  [32m✓[0m  AZ HB 2245 (57th-2nd-regular): title matches
  [32m✓[0m  AZ HB 2245 (57th-2nd-regular): latest_action matches
  [32m✓[0m  AZ HB 2245 (57th-2nd-regular): vote event count matches (0)
  [32m✓[0m  AZ HB 2245 (57th-2nd-regular): sponsorship count matches (1)
  [32m✓[0m  AZ HB 2246 (57th-2nd-regular): title matches
  [32m✓[0m  AZ HB 2246 (57th-2nd-regular): latest_action matches
  [32m✓[0m  AZ HB 2246 (57th-2nd-regular): vote event count matches (0)
  [32m✓[0m  AZ HB 2246 (57th-2nd-regular): sponsorship count matches (1)
  [32m✓[0m  AZ HB 2250 (57th-2nd-regular): title matches
  [32m✓[0m  AZ HB 2250 (57th-2nd-regular): latest_action matches
  [32m✓[0m  AZ HB 2250 (57th-2nd-regular): vote event count matches (0)
  [32m✓[0m  AZ HB 2250 (57th-2nd-regular): sponsorship count matches (1)
  [32m✓[0m  AZ HB 2255 (57th-2nd-regular): title matches
  [32m✓[0m  AZ HB 2255 (57th-2nd-regular): latest_action matches
  [32m✓[0m  AZ HB 2255 (57th-2nd-regular): vote event count matches (3)
  [32m✓[0m  AZ HB 2255 (57th-2nd-regular): vote tally matches on 2026-02-26 ({'yes': 52, 'no': 2, 'other': 0, 'absent': 0, 'excused': 0, 'not voting': 6})
  [32m✓[0m  AZ HB 2255 (57th-2nd-regular): vote tally matches on 2026-04-01 ({'yes': 29, 'no': 1, 'other': 0, 'absent': 0, 'excused': 0, 'not voting': 0})
  [32m✓[0m  AZ HB 2255 (57th-2nd-regular): vote tally matches on 2026-04-01 ({'yes': 0, 'no': 0, 'other': 0, 'absent': 0, 'excused': 0, 'not voting': 0})
  [32m✓[0m  AZ HB 2255 (57th-2nd-regular): sponsorship count matches (1)
  [31m✗[0m  AZ HB 2256 (57th-2nd-regular): live API error  [429 Client Error: Too Many Requests for url: https://v3.openstates.org/bills?jurisdiction=az&session=57th-2nd-regular&identifier=HB+2256&include=votes&include=sponsorships&include=actions&apikey=REDACTED-API-KEY]
  [31m✗[0m  AZ HB 2263 (57th-2nd-regular): live API error  [429 Client Error: Too Many Requests for url: https://v3.openstates.org/bills?jurisdiction=az&session=57th-2nd-regular&identifier=HB+2263&include=votes&include=sponsorships&include=actions&apikey=REDACTED-API-KEY]
  [31m✗[0m  AZ HB 2264 (57th-2nd-regular): live API error  [429 Client Error: Too Many Requests for url: https://v3.openstates.org/bills?jurisdiction=az&session=57th-2nd-regular&identifier=HB+2264&include=votes&include=sponsorships&include=actions&apikey=REDACTED-API-KEY]
  [31m✗[0m  AZ HB 2267 (57th-2nd-regular): live API error  [429 Client Error: Too Many Requests for url: https://v3.openstates.org/bills?jurisdiction=az&session=57th-2nd-regular&identifier=HB+2267&include=votes&include=sponsorships&include=actions&apikey=REDACTED-API-KEY]
  [31m✗[0m  AZ HB 2279 (57th-2nd-regular): live API error  [429 Client Error: Too Many Requests for url: https://v3.openstates.org/bills?jurisdiction=az&session=57th-2nd-regular&identifier=HB+2279&include=votes&include=sponsorships&include=actions&apikey=REDACTED-API-KEY]
  [31m✗[0m  AZ HB 2282 (57th-2nd-regular): live API error  [429 Client Error: Too Many Requests for url: https://v3.openstates.org/bills?jurisdiction=az&session=57th-2nd-regular&identifier=HB+2282&include=votes&include=sponsorships&include=actions&apikey=REDACTED-API-KEY]
  [31m✗[0m  AZ HB 2284 (57th-2nd-regular): live API error  [429 Client Error: Too Many Requests for url: https://v3.openstates.org/bills?jurisdiction=az&session=57th-2nd-regular&identifier=HB+2284&include=votes&include=sponsorships&include=actions&apikey=REDACTED-API-KEY]
  [31m✗[0m  AZ HB 2286 (57th-2nd-regular): live API error  [429 Client Error: Too Many Requests for url: https://v3.openstates.org/bills?jurisdiction=az&session=57th-2nd-regular&identifier=HB+2286&include=votes&include=sponsorships&include=actions&apikey=REDACTED-API-KEY]
  [32m✓[0m  AZ HB 2288 (57th-2nd-regular): title matches
  [32m✓[0m  AZ HB 2288 (57th-2nd-regular): latest_action matches
  [32m✓[0m  AZ HB 2288 (57th-2nd-regular): vote event count matches (0)
  [32m✓[0m  AZ HB 2288 (57th-2nd-regular): sponsorship count matches (1)
  [32m✓[0m  AZ HB 2291 (57th-2nd-regular): title matches
  [32m✓[0m  AZ HB 2291 (57th-2nd-regular): latest_action matches
  [32m✓[0m  AZ HB 2291 (57th-2nd-regular): vote event count matches (0)
  [32m✓[0m  AZ HB 2291 (57th-2nd-regular): sponsorship count matches (1)
  [32m✓[0m  AZ HB 2293 (57th-2nd-regular): title matches
  [32m✓[0m  AZ HB 2293 (57th-2nd-regular): latest_action matches
  [32m✓[0m  AZ HB 2293 (57th-2nd-regular): vote event count matches (0)
  [32m✓[0m  AZ HB 2293 (57th-2nd-regular): sponsorship count matches (12)
  [32m✓[0m  AZ HB 2295 (57th-2nd-regular): title matches
  [32m✓[0m  AZ HB 2295 (57th-2nd-regular): latest_action matches
  [32m✓[0m  AZ HB 2295 (57th-2nd-regular): vote event count matches (0)
  [32m✓[0m  AZ HB 2295 (57th-2nd-regular): sponsorship count matches (12)
  [32m✓[0m  AZ HB 2313 (57th-2nd-regular): title matches
  [32m✓[0m  AZ HB 2313 (57th-2nd-regular): latest_action matches
  [32m✓[0m  AZ HB 2313 (57th-2nd-regular): vote event count matches (3)
  [32m✓[0m  AZ HB 2313 (57th-2nd-regular): vote tally matches on 2026-02-25 ({'yes': 0, 'no': 0, 'other': 0, 'absent': 0, 'excused': 0, 'not voting': 0})
  [32m✓[0m  AZ HB 2313 (57th-2nd-regular): vote tally matches on 2026-02-26 ({'yes': 31, 'no': 22, 'other': 0, 'absent': 0, 'excused': 0, 'not voting': 7})
  [32m✓[0m  AZ HB 2313 (57th-2nd-regular): vote tally matches on 2026-04-20 ({'yes': 0, 'no': 0, 'other': 0, 'absent': 0, 'excused': 0, 'not voting': 0})
  [32m✓[0m  AZ HB 2313 (57th-2nd-regular): sponsorship count matches (1)
  [32m✓[0m  AZ HB 2325 (57th-2nd-regular): title matches
  [32m✓[0m  AZ HB 2325 (57th-2nd-regular): latest_action matches
  [32m✓[0m  AZ HB 2325 (57th-2nd-regular): vote event count matches (0)
  [32m✓[0m  AZ HB 2325 (57th-2nd-regular): sponsorship count matches (1)
  [32m✓[0m  AZ HB 2326 (57th-2nd-regular): title matches
  [32m✓[0m  AZ HB 2326 (57th-2nd-regular): latest_action matches
  [32m✓[0m  AZ HB 2326 (57th-2nd-regular): vote event count matches (0)
  [32m✓[0m  AZ HB 2326 (57th-2nd-regular): sponsorship count matches (2)
  [32m✓[0m  AZ HB 2341 (57th-2nd-regular): title matches
  [32m✓[0m  AZ HB 2341 (57th-2nd-regular): latest_action matches
  [32m✓[0m  AZ HB 2341 (57th-2nd-regular): vote event count matches (2)
  [32m✓[0m  AZ HB 2341 (57th-2nd-regular): vote tally matches on 2026-02-25 ({'yes': 0, 'no': 0, 'other': 0, 'absent': 0, 'excused': 0, 'not voting': 0})
  [32m✓[0m  AZ HB 2341 (57th-2nd-regular): vote tally matches on 2026-02-26 ({'yes': 31, 'no': 22, 'other': 0, 'absent': 0, 'excused': 0, 'not voting': 7})
  [32m✓[0m  AZ HB 2341 (57th-2nd-regular): sponsorship count matches (2)
  [32m✓[0m  AZ HB 2343 (57th-2nd-regular): title matches
  [32m✓[0m  AZ HB 2343 (57th-2nd-regular): latest_action matches
  [32m✓[0m  AZ HB 2343 (57th-2nd-regular): vote event count matches (0)
  [32m✓[0m  AZ HB 2343 (57th-2nd-regular): sponsorship count matches (4)
  [32m✓[0m  AZ HB 2352 (57th-2nd-regular): title matches
  [32m✓[0m  AZ HB 2352 (57th-2nd-regular): latest_action matches
  [32m✓[0m  AZ HB 2352 (57th-2nd-regular): vote event count matches (2)
  [32m✓[0m  AZ HB 2352 (57th-2nd-regular): vote tally matches on 2026-02-24 ({'yes': 0, 'no': 0, 'other': 0, 'absent': 0, 'excused': 0, 'not voting': 0})
  [32m✓[0m  AZ HB 2352 (57th-2nd-regular): vote tally matches on 2026-02-25 ({'yes': 31, 'no': 23, 'other': 0, 'absent': 0, 'excused': 0, 'not voting': 6})
  [32m✓[0m  AZ HB 2352 (57th-2nd-regular): sponsorship count matches (2)
  [32m✓[0m  AZ HB 2353 (57th-2nd-regular): title matches
  [32m✓[0m  AZ HB 2353 (57th-2nd-regular): latest_action matches
  [32m✓[0m  AZ HB 2353 (57th-2nd-regular): vote event count matches (0)
  [32m✓[0m  AZ HB 2353 (57th-2nd-regular): sponsorship count matches (3)
  [32m✓[0m  AZ HB 2354 (57th-2nd-regular): title matches
  [32m✓[0m  AZ HB 2354 (57th-2nd-regular): latest_action matches
  [32m✓[0m  AZ HB 2354 (57th-2nd-regular): vote event count matches (0)
  [32m✓[0m  AZ HB 2354 (57th-2nd-regular): sponsorship count matches (6)
  [32m✓[0m  AZ HB 2355 (57th-2nd-regular): title matches
  [32m✓[0m  AZ HB 2355 (57th-2nd-regular): latest_action matches
  [32m✓[0m  AZ HB 2355 (57th-2nd-regular): vote event count matches (0)
  [32m✓[0m  AZ HB 2355 (57th-2nd-regular): sponsorship count matches (6)
    ...75/500
  [32m✓[0m  AZ HB 2357 (57th-2nd-regular): title matches
  [32m✓[0m  AZ HB 2357 (57th-2nd-regular): latest_action matches
  [32m✓[0m  AZ HB 2357 (57th-2nd-regular): vote event count matches (0)
  [32m✓[0m  AZ HB 2357 (57th-2nd-regular): sponsorship count matches (5)
  [32m✓[0m  AZ HB 2358 (57th-2nd-regular): title matches
  [32m✓[0m  AZ HB 2358 (57th-2nd-regular): latest_action matches
  [32m✓[0m  AZ HB 2358 (57th-2nd-regular): vote event count matches (0)
  [32m✓[0m  AZ HB 2358 (57th-2nd-regular): sponsorship count matches (5)
  [32m✓[0m  AZ HB 2366 (57th-2nd-regular): title matches
  [32m✓[0m  AZ HB 2366 (57th-2nd-regular): latest_action matches
  [32m✓[0m  AZ HB 2366 (57th-2nd-regular): vote event count matches (0)
  [32m✓[0m  AZ HB 2366 (57th-2nd-regular): sponsorship count matches (12)
  [32m✓[0m  AZ HB 2368 (57th-2nd-regular): title matches
  [32m✓[0m  AZ HB 2368 (57th-2nd-regular): latest_action matches
  [32m✓[0m  AZ HB 2368 (57th-2nd-regular): vote event count matches (0)
  [32m✓[0m  AZ HB 2368 (57th-2nd-regular): sponsorship count matches (1)
  [32m✓[0m  AZ HB 2369 (57th-2nd-regular): title matches
  [32m✓[0m  AZ HB 2369 (57th-2nd-regular): latest_action matches
  [32m✓[0m  AZ HB 2369 (57th-2nd-regular): vote event count matches (4)
  [32m✓[0m  AZ HB 2369 (57th-2nd-regular): vote tally matches on 2026-02-23 ({'yes': 0, 'no': 0, 'other': 0, 'absent': 0, 'excused': 0, 'not voting': 0})
  [32m✓[0m  AZ HB 2369 (57th-2nd-regular): vote tally matches on 2026-02-24 ({'yes': 56, 'no': 0, 'other': 0, 'absent': 0, 'excused': 0, 'not voting': 4})
  [32m✓[0m  AZ HB 2369 (57th-2nd-regular): vote tally matches on 2026-04-16 ({'yes': 17, 'no': 10, 'other': 0, 'absent': 0, 'excused': 0, 'not voting': 3})
  [32m✓[0m  AZ HB 2369 (57th-2nd-regular): vote tally matches on 2026-04-16 ({'yes': 0, 'no': 0, 'other': 0, 'absent': 0, 'excused': 0, 'not voting': 0})
  [32m✓[0m  AZ HB 2369 (57th-2nd-regular): sponsorship count matches (8)
  [32m✓[0m  AZ HB 2370 (57th-2nd-regular): title matches
  [32m✓[0m  AZ HB 2370 (57th-2nd-regular): latest_action matches
  [32m✓[0m  AZ HB 2370 (57th-2nd-regular): vote event count matches (3)
  [32m✓[0m  AZ HB 2370 (57th-2nd-regular): vote tally matches on 2026-02-25 ({'yes': 0, 'no': 0, 'other': 0, 'absent': 0, 'excused': 0, 'not voting': 0})
  [32m✓[0m  AZ HB 2370 (57th-2nd-regular): vote tally matches on 2026-02-26 ({'yes': 37, 'no': 16, 'other': 0, 'absent': 0, 'excused': 0, 'not voting': 7})
  [32m✓[0m  AZ HB 2370 (57th-2nd-regular): vote tally matches on 2026-04-08 ({'yes': 21, 'no': 7, 'other': 0, 'absent': 0, 'excused': 0, 'not voting': 2})
  [32m✓[0m  AZ HB 2370 (57th-2nd-regular): sponsorship count matches (4)
  [32m✓[0m  AZ HB 2372 (57th-2nd-regular): title matches
  [32m✓[0m  AZ HB 2372 (57th-2nd-regular): latest_action matches
  [32m✓[0m  AZ HB 2372 (57th-2nd-regular): vote event count matches (0)
  [32m✓[0m  AZ HB 2372 (57th-2nd-regular): sponsorship count matches (7)
  [32m✓[0m  AZ HB 2382 (57th-2nd-regular): title matches
  [32m✓[0m  AZ HB 2382 (57th-2nd-regular): latest_action matches
  [32m✓[0m  AZ HB 2382 (57th-2nd-regular): vote event count matches (1)
  [32m✓[0m  AZ HB 2382 (57th-2nd-regular): vote tally matches on 2026-02-24 ({'yes': 0, 'no': 0, 'other': 0, 'absent': 0, 'excused': 0, 'not voting': 0})
  [32m✓[0m  AZ HB 2382 (57th-2nd-regular): sponsorship count matches (2)
  [32m✓[0m  AZ HB 2384 (57th-2nd-regular): title matches
  [32m✓[0m  AZ HB 2384 (57th-2nd-regular): latest_action matches
  [32m✓[0m  AZ HB 2384 (57th-2nd-regular): vote event count matches (3)
  [32m✓[0m  AZ HB 2384 (57th-2nd-regular): vote tally matches on 2026-02-23 ({'yes': 0, 'no': 0, 'other': 0, 'absent': 0, 'excused': 0, 'not voting': 0})
  [32m✓[0m  AZ HB 2384 (57th-2nd-regular): vote tally matches on 2026-02-24 ({'yes': 0, 'no': 0, 'other': 0, 'absent': 0, 'excused': 0, 'not voting': 0})
  [32m✓[0m  AZ HB 2384 (57th-2nd-regular): vote tally matches on 2026-02-25 ({'yes': 31, 'no': 23, 'other': 0, 'absent': 0, 'excused': 0, 'not voting': 6})
  [32m✓[0m  AZ HB 2384 (57th-2nd-regular): sponsorship count matches (2)
  [32m✓[0m  AZ HB 2389 (57th-2nd-regular): title matches
  [32m✓[0m  AZ HB 2389 (57th-2nd-regular): latest_action matches
  [32m✓[0m  AZ HB 2389 (57th-2nd-regular): vote event count matches (2)
  [32m✓[0m  AZ HB 2389 (57th-2nd-regular): vote tally matches on 2026-03-10 ({'yes': 0, 'no': 0, 'other': 0, 'absent': 0, 'excused': 0, 'not voting': 0})
  [32m✓[0m  AZ HB 2389 (57th-2nd-regular): vote tally matches on 2026-03-11 ({'yes': 31, 'no': 21, 'other': 0, 'absent': 0, 'excused': 0, 'not voting': 7})
  [32m✓[0m  AZ HB 2389 (57th-2nd-regular): sponsorship count matches (1)
  [32m✓[0m  AZ HB 2390 (57th-2nd-regular): title matches
  [32m✓[0m  AZ HB 2390 (57th-2nd-regular): latest_action matches
  [32m✓[0m  AZ HB 2390 (57th-2nd-regular): vote event count matches (0)
  [32m✓[0m  AZ HB 2390 (57th-2nd-regular): sponsorship count matches (15)
  [32m✓[0m  AZ HB 2391 (57th-2nd-regular): title matches
  [32m✓[0m  AZ HB 2391 (57th-2nd-regular): latest_action matches
  [32m✓[0m  AZ HB 2391 (57th-2nd-regular): vote event count matches (0)
  [32m✓[0m  AZ HB 2391 (57th-2nd-regular): sponsorship count matches (13)
  [32m✓[0m  AZ HB 2395 (57th-2nd-regular): title matches
  [32m✓[0m  AZ HB 2395 (57th-2nd-regular): latest_action matches
  [32m✓[0m  AZ HB 2395 (57th-2nd-regular): vote event count matches (3)
  [32m✓[0m  AZ HB 2395 (57th-2nd-regular): vote tally matches on 2026-02-05 ({'yes': 0, 'no': 0, 'other': 0, 'absent': 0, 'excused': 0, 'not voting': 0})
  [32m✓[0m  AZ HB 2395 (57th-2nd-regular): vote tally matches on 2026-02-09 ({'yes': 59, 'no': 0, 'other': 0, 'absent': 0, 'excused': 0, 'not voting': 1})
  [32m✓[0m  AZ HB 2395 (57th-2nd-regular): vote tally matches on 2026-04-07 ({'yes': 28, 'no': 1, 'other': 0, 'absent': 0, 'excused': 0, 'not voting': 1})
  [32m✓[0m  AZ HB 2395 (57th-2nd-regular): sponsorship count matches (4)
  [32m✓[0m  AZ HB 2396 (57th-2nd-regular): title matches
  [32m✓[0m  AZ HB 2396 (57th-2nd-regular): latest_action matches
  [32m✓[0m  AZ HB 2396 (57th-2nd-regular): vote event count matches (6)
  [32m✓[0m  AZ HB 2396 (57th-2nd-regular): vote tally matches on 2026-02-11 ({'yes': 0, 'no': 0, 'other': 0, 'absent': 0, 'excused': 0, 'not voting': 0})
  [32m✓[0m  AZ HB 2396 (57th-2nd-regular): vote tally matches on 2026-02-12 ({'yes': 34, 'no': 25, 'other': 0, 'absent': 0, 'excused': 0, 'not voting': 1})
  [33m~[0m  AZ HB 2396 (57th-2nd-regular): vote tally differs on 2026-02-16  [local={'yes': 0, 'no': 0, 'other': 0, 'absent': 0, 'excused': 0, 'not voting': 0} live={'yes': 17, 'no': 12, 'other': 0, 'absent': 0, 'excused': 0, 'not voting': 1} | Analise Ortiz (no): live only; Brian Fernandez (no): live only; Carine Werner (yes): live only; Catherine Miranda (no): live only; David C. Farnsworth (yes): live only; David Gowan (yes): live only; Denise “Mitzi” Epstein (no): live only; Eva Diaz (no): live only; Flavio Bravo (other): live only; Frank Carroll (yes): live only; Hildy Angius (yes): live only; J.D. Mesnard (yes): live only; Jake Hoffman (yes): live only; Janae Shamp (yes): live only; John Kavanagh (yes): live only; Kevin Payne (yes): live only; Kiana Sears (no): live only; Lauren Kuby (no): live only; Lela Alston (no): live only; Mark Finchem (yes): live only; Priya Sundareshan (no): live only; Rosanna Gabaldón (no): live only; Sally Ann Gonzales (no): live only; Shawnna Bolick (yes): live only; Theresa Hatathlie (no): live only; Thomas "T.J." Shope (yes): live only; Timothy "Tim" Dunn (yes): live only; Venden "Vince" Leach (yes): live only; Warren Petersen (yes): live only; Wendy Rogers (yes): live only | 8 other local bill(s) share this signature on 2026-02-16]
  [33m~[0m  AZ HB 2396 (57th-2nd-regular): vote tally differs on 2026-02-16  [local={'yes': 17, 'no': 12, 'other': 0, 'absent': 0, 'excused': 0, 'not voting': 1} live={'yes': 33, 'no': 25, 'other': 0, 'absent': 0, 'excused': 0, 'not voting': 2} | Analise Ortiz (no): local only; Brian Fernandez (no): local only; Carine Werner (yes): local only; Catherine Miranda (no): local only; David C. Farnsworth (yes): local only; David Gowan (yes): local only; Denise “Mitzi” Epstein (no): local only; Eva Diaz (no): local only; Flavio Bravo (other): local only; Frank Carroll (yes): local only; Hildy Angius (yes): local only; J.D. Mesnard (yes): local only; Jake Hoffman (yes): local only; Janae Shamp (yes): local only; John Kavanagh (yes): local only; Kevin Payne (yes): local only; Kiana Sears (no): local only; Lauren Kuby (no): local only; Lela Alston (no): local only; Mark Finchem (yes): local only; Priya Sundareshan (no): local only; Rosanna Gabaldón (no): local only; Sally Ann Gonzales (no): local only; Shawnna Bolick (yes): local only; Theresa Hatathlie (no): local only; Thomas "T.J." Shope (yes): local only; Timothy "Tim" Dunn (yes): local only; Venden "Vince" Leach (yes): local only; Warren Petersen (yes): local only; Wendy Rogers (yes): local only; Aaron Márquez (no): live only; Alexander Kolodin (yes): live only; Alma Hernandez (no): live only; Anna Abeytia (no): live only; Betty J Villegas (no): live only; Beverly Pingerelli (yes): live only; Brian Garcia (no): live only; Cesar Aguilar (no): live only; Chris Lopez (yes): live only; Christopher Mathis (no): live only; Consuelo Hernandez (no): live only; David Livingston (yes): live only; David Marshall, Sr. (yes): live only; Elda Luna-Nájera (no): live only; Gail Griffin (yes): live only; James Taylor (yes): live only; Janeen Connolly (no): live only; Jeff Weninger (yes): live only; John Gillette (yes): live only; Joseph Chaplik (yes): live only; Julie Willoughby (yes): live only; Junelle Cavero (no): live only; Justin Olson (yes): live only; Justin Wilmeth (yes): live only; Kevin Volk (no): live only; Khyl Powell (yes): live only; Laurin Hendrix (yes): live only; Leo Biasiucci (yes): live only; Lisa Fink (yes): live only; Lorena Austin (no): live only; Lupe Contreras (other): live only; Lupe Diaz (yes): live only; Lydia Hernandez (no): live only; Mae Peshlakai (no): live only; Mariana Sandoval (no): live only; Matt Gress (yes): live only; Michael Carbone (yes): live only; Michael Way (yes): live only; Michele Peña (yes): live only; Myron Tsosie (no): live only; Nancy Gutierrez (no): live only; Neal Carter (yes): live only; Nick Kupper (yes): live only; Oscar De Los Santos (no): live only; Pamela Carter (yes): live only; Patty Contreras (no): live only; Quang H Nguyen (yes): live only; Quantá Crews (no): live only; Rachel Keshel (yes): live only; Ralph Heap (yes): live only; Sarah Liguori (no): live only; Selina Bliss (yes): live only; Seth Blattman (other): live only; Stacey Travers (no): live only; Stephanie Simacek (no): live only; Stephanie Stahl Hamilton (no): live only; Steve Montenegro (yes): live only; Teresa Martinez (yes): live only; Tony Rivero (yes): live only; Walt Blackman (yes): live only | 12 other local bill(s) share this signature on 2026-02-16]
  [32m✓[0m  AZ HB 2396 (57th-2nd-regular): vote tally matches on 2026-02-16 ({'yes': 0, 'no': 0, 'other': 0, 'absent': 0, 'excused': 0, 'not voting': 0})
  [33m~[0m  AZ HB 2396 (57th-2nd-regular): vote tally differs on 2026-02-16  [local={'yes': 33, 'no': 25, 'other': 0, 'absent': 0, 'excused': 0, 'not voting': 2} live={'yes': 0, 'no': 0, 'other': 0, 'absent': 0, 'excused': 0, 'not voting': 0} | Aaron Márquez (no): local only; Alexander Kolodin (yes): local only; Alma Hernandez (no): local only; Anna Abeytia (no): local only; Betty J Villegas (no): local only; Beverly Pingerelli (yes): local only; Brian Garcia (no): local only; Cesar Aguilar (no): local only; Chris Lopez (yes): local only; Christopher Mathis (no): local only; Consuelo Hernandez (no): local only; David Livingston (yes): local only; David Marshall, Sr. (yes): local only; Elda Luna-Nájera (no): local only; Gail Griffin (yes): local only; James Taylor (yes): local only; Janeen Connolly (no): local only; Jeff Weninger (yes): local only; John Gillette (yes): local only; Joseph Chaplik (yes): local only; Julie Willoughby (yes): local only; Junelle Cavero (no): local only; Justin Olson (yes): local only; Justin Wilmeth (yes): local only; Kevin Volk (no): local only; Khyl Powell (yes): local only; Laurin Hendrix (yes): local only; Leo Biasiucci (yes): local only; Lisa Fink (yes): local only; Lorena Austin (no): local only; Lupe Contreras (other): local only; Lupe Diaz (yes): local only; Lydia Hernandez (no): local only; Mae Peshlakai (no): local only; Mariana Sandoval (no): local only; Matt Gress (yes): local only; Michael Carbone (yes): local only; Michael Way (yes): local only; Michele Peña (yes): local only; Myron Tsosie (no): local only; Nancy Gutierrez (no): local only; Neal Carter (yes): local only; Nick Kupper (yes): local only; Oscar De Los Santos (no): local only; Pamela Carter (yes): local only; Patty Contreras (no): local only; Quang H Nguyen (yes): local only; Quantá Crews (no): local only; Rachel Keshel (yes): local only; Ralph Heap (yes): local only; Sarah Liguori (no): local only; Selina Bliss (yes): local only; Seth Blattman (other): local only; Stacey Travers (no): local only; Stephanie Simacek (no): local only; Stephanie Stahl Hamilton (no): local only; Steve Montenegro (yes): local only; Teresa Martinez (yes): local only; Tony Rivero (yes): local only; Walt Blackman (yes): local only | 8 other local bill(s) share this signature on 2026-02-16]
  [32m✓[0m  AZ HB 2396 (57th-2nd-regular): sponsorship count matches (7)
  [32m✓[0m  AZ HB 2398 (57th-2nd-regular): title matches
  [32m✓[0m  AZ HB 2398 (57th-2nd-regular): latest_action matches
  [32m✓[0m  AZ HB 2398 (57th-2nd-regular): vote event count matches (7)
  [32m✓[0m  AZ HB 2398 (57th-2nd-regular): vote tally matches on 2026-02-23 ({'yes': 0, 'no': 0, 'other': 0, 'absent': 0, 'excused': 0, 'not voting': 0})
  [32m✓[0m  AZ HB 2398 (57th-2nd-regular): vote tally matches on 2026-02-24 ({'yes': 42, 'no': 13, 'other': 0, 'absent': 0, 'excused': 0, 'not voting': 5})
  [32m✓[0m  AZ HB 2398 (57th-2nd-regular): vote tally matches on 2026-06-01 ({'yes': 0, 'no': 0, 'other': 0, 'absent': 0, 'excused': 0, 'not voting': 0})
  [32m✓[0m  AZ HB 2398 (57th-2nd-regular): vote tally matches on 2026-06-10 ({'yes': 0, 'no': 0, 'other': 0, 'absent': 0, 'excused': 0, 'not voting': 0})
  [33m~[0m  AZ HB 2398 (57th-2nd-regular): vote tally differs on 2026-06-12  [local={'yes': 26, 'no': 3, 'other': 0, 'absent': 0, 'excused': 0, 'not voting': 1} live={'yes': 0, 'no': 0, 'other': 0, 'absent': 0, 'excused': 0, 'not voting': 0} | Analise Ortiz (yes): local only; Brian Fernandez (yes): local only; Carine Werner (yes): local only; Catherine Miranda (yes): local only; David C. Farnsworth (no): local only; David Gowan (yes): local only; Denise “Mitzi” Epstein (yes): local only; Eva Diaz (yes): local only; Flavio Bravo (yes): local only; Frank Carroll (yes): local only; Hildy Angius (yes): local only; J.D. Mesnard (yes): local only; Jake Hoffman (no): local only; Janae Shamp (other): local only; John Kavanagh (yes): local only; Kevin Payne (yes): local only; Kiana Sears (yes): local only; Lauren Kuby (yes): local only; Lela Alston (yes): local only; Mark Finchem (yes): local only; Priya Sundareshan (yes): local only; Rosanna Gabaldón (yes): local only; Sally Ann Gonzales (yes): local only; Shawnna Bolick (yes): local only; Theresa Hatathlie (yes): local only; Thomas "T.J." Shope (yes): local only; Timothy "Tim" Dunn (yes): local only; Venden "Vince" Leach (yes): local only; Warren Petersen (no): local only; Wendy Rogers (yes): local only | 47 other local bill(s) share this signature on 2026-06-12]
  [33m~[0m  AZ HB 2398 (57th-2nd-regular): vote tally differs on 2026-06-12  [local={'yes': 0, 'no': 0, 'other': 0, 'absent': 0, 'excused': 0, 'not voting': 0} live={'yes': 26, 'no': 3, 'other': 0, 'absent': 0, 'excused': 0, 'not voting': 1} | Analise Ortiz (yes): live only; Brian Fernandez (yes): live only; Carine Werner (yes): live only; Catherine Miranda (yes): live only; David C. Farnsworth (no): live only; David Gowan (yes): live only; Denise “Mitzi” Epstein (yes): live only; Eva Diaz (yes): live only; Flavio Bravo (yes): live only; Frank Carroll (yes): live only; Hildy Angius (yes): live only; J.D. Mesnard (yes): live only; Jake Hoffman (no): live only; Janae Shamp (other): live only; John Kavanagh (yes): live only; Kevin Payne (yes): live only; Kiana Sears (yes): live only; Lauren Kuby (yes): live only; Lela Alston (yes): live only; Mark Finchem (yes): live only; Priya Sundareshan (yes): live only; Rosanna Gabaldón (yes): live only; Sally Ann Gonzales (yes): live only; Shawnna Bolick (yes): live only; Theresa Hatathlie (yes): live only; Thomas "T.J." Shope (yes): live only; Timothy "Tim" Dunn (yes): live only; Venden "Vince" Leach (yes): live only; Warren Petersen (no): live only; Wendy Rogers (yes): live only | 47 other local bill(s) share this signature on 2026-06-12]
  [32m✓[0m  AZ HB 2398 (57th-2nd-regular): vote tally matches on 2026-06-13 ({'yes': 21, 'no': 32, 'other': 0, 'absent': 0, 'excused': 0, 'not voting': 7})
  [32m✓[0m  AZ HB 2398 (57th-2nd-regular): sponsorship count matches (3)
  [32m✓[0m  AZ HB 2400 (57th-2nd-regular): title matches
  [32m✓[0m  AZ HB 2400 (57th-2nd-regular): latest_action matches
  [32m✓[0m  AZ HB 2400 (57th-2nd-regular): vote event count matches (2)
  [32m✓[0m  AZ HB 2400 (57th-2nd-regular): vote tally matches on 2026-02-23 ({'yes': 0, 'no': 0, 'other': 0, 'absent': 0, 'excused': 0, 'not voting': 0})
  [32m✓[0m  AZ HB 2400 (57th-2nd-regular): vote tally matches on 2026-02-24 ({'yes': 32, 'no': 24, 'other': 0, 'absent': 0, 'excused': 0, 'not voting': 4})
  [32m✓[0m  AZ HB 2400 (57th-2nd-regular): sponsorship count matches (2)
  [32m✓[0m  AZ HB 2402 (57th-2nd-regular): title matches
  [32m✓[0m  AZ HB 2402 (57th-2nd-regular): latest_action matches
  [32m✓[0m  AZ HB 2402 (57th-2nd-regular): vote event count matches (2)
  [32m✓[0m  AZ HB 2402 (57th-2nd-regular): vote tally matches on 2026-03-04 ({'yes': 0, 'no': 0, 'other': 0, 'absent': 0, 'excused': 0, 'not voting': 0})
  [32m✓[0m  AZ HB 2402 (57th-2nd-regular): vote tally matches on 2026-03-05 ({'yes': 43, 'no': 7, 'other': 0, 'absent': 0, 'excused': 0, 'not voting': 9})
  [32m✓[0m  AZ HB 2402 (57th-2nd-regular): sponsorship count matches (1)
  [32m✓[0m  AZ HB 2405 (57th-2nd-regular): title matches
  [32m✓[0m  AZ HB 2405 (57th-2nd-regular): latest_action matches
  [32m✓[0m  AZ HB 2405 (57th-2nd-regular): vote event count matches (0)
  [32m✓[0m  AZ HB 2405 (57th-2nd-regular): sponsorship count matches (1)
  [32m✓[0m  AZ HB 2409 (57th-2nd-regular): title matches
  [32m✓[0m  AZ HB 2409 (57th-2nd-regular): latest_action matches
  [32m✓[0m  AZ HB 2409 (57th-2nd-regular): vote event count matches (1)
  [32m✓[0m  AZ HB 2409 (57th-2nd-regular): vote tally matches on 2026-02-23 ({'yes': 32, 'no': 25, 'other': 0, 'absent': 0, 'excused': 0, 'not voting': 3})
  [32m✓[0m  AZ HB 2409 (57th-2nd-regular): sponsorship count matches (6)
  [32m✓[0m  AZ HB 2412 (57th-2nd-regular): title matches
  [32m✓[0m  AZ HB 2412 (57th-2nd-regular): latest_action matches
  [32m✓[0m  AZ HB 2412 (57th-2nd-regular): vote event count matches (0)
  [32m✓[0m  AZ HB 2412 (57th-2nd-regular): sponsorship count matches (1)
  [32m✓[0m  AZ HB 2413 (57th-2nd-regular): title matches
  [32m✓[0m  AZ HB 2413 (57th-2nd-regular): latest_action matches
  [32m✓[0m  AZ HB 2413 (57th-2nd-regular): vote event count matches (2)
  [32m✓[0m  AZ HB 2413 (57th-2nd-regular): vote tally matches on 2026-02-24 ({'yes': 0, 'no': 0, 'other': 0, 'absent': 0, 'excused': 0, 'not voting': 0})
  [32m✓[0m  AZ HB 2413 (57th-2nd-regular): vote tally matches on 2026-03-02 ({'yes': 30, 'no': 26, 'other': 0, 'absent': 0, 'excused': 0, 'not voting': 3})
  [32m✓[0m  AZ HB 2413 (57th-2nd-regular): sponsorship count matches (2)
  [32m✓[0m  AZ HB 2416 (57th-2nd-regular): title matches
  [32m✓[0m  AZ HB 2416 (57th-2nd-regular): latest_action matches
  [32m✓[0m  AZ HB 2416 (57th-2nd-regular): vote event count matches (2)
  [32m✓[0m  AZ HB 2416 (57th-2nd-regular): vote tally matches on 2026-03-02 ({'yes': 0, 'no': 0, 'other': 0, 'absent': 0, 'excused': 0, 'not voting': 0})
  [32m✓[0m  AZ HB 2416 (57th-2nd-regular): vote tally matches on 2026-03-03 ({'yes': 33, 'no': 23, 'other': 0, 'absent': 0, 'excused': 0, 'not voting': 3})
  [32m✓[0m  AZ HB 2416 (57th-2nd-regular): sponsorship count matches (1)
  [32m✓[0m  AZ HB 2417 (57th-2nd-regular): title matches
  [32m✓[0m  AZ HB 2417 (57th-2nd-regular): latest_action matches
  [32m✓[0m  AZ HB 2417 (57th-2nd-regular): vote event count matches (4)
  [32m✓[0m  AZ HB 2417 (57th-2nd-regular): vote tally matches on 2026-02-23 ({'yes': 0, 'no': 0, 'other': 0, 'absent': 0, 'excused': 0, 'not voting': 0})
  [32m✓[0m  AZ HB 2417 (57th-2nd-regular): vote tally matches on 2026-02-25 ({'yes': 33, 'no': 21, 'other': 0, 'absent': 0, 'excused': 0, 'not voting': 6})
  [32m✓[0m  AZ HB 2417 (57th-2nd-regular): vote tally matches on 2026-04-13 ({'yes': 0, 'no': 0, 'other': 0, 'absent': 0, 'excused': 0, 'not voting': 0})
  [32m✓[0m  AZ HB 2417 (57th-2nd-regular): vote tally matches on 2026-06-09 ({'yes': 24, 'no': 5, 'other': 0, 'absent': 0, 'excused': 0, 'not voting': 1})
  [32m✓[0m  AZ HB 2417 (57th-2nd-regular): sponsorship count matches (7)
  [32m✓[0m  AZ HB 2419 (57th-2nd-regular): title matches
  [32m✓[0m  AZ HB 2419 (57th-2nd-regular): latest_action matches
  [32m✓[0m  AZ HB 2419 (57th-2nd-regular): vote event count matches (0)
  [32m✓[0m  AZ HB 2419 (57th-2nd-regular): sponsorship count matches (1)
  [32m✓[0m  AZ HB 2420 (57th-2nd-regular): title matches
  [32m✓[0m  AZ HB 2420 (57th-2nd-regular): latest_action matches
  [32m✓[0m  AZ HB 2420 (57th-2nd-regular): vote event count matches (0)
  [32m✓[0m  AZ HB 2420 (57th-2nd-regular): sponsorship count matches (2)
    ...100/500
  [32m✓[0m  AZ HB 2421 (57th-2nd-regular): title matches
  [32m✓[0m  AZ HB 2421 (57th-2nd-regular): latest_action matches
  [32m✓[0m  AZ HB 2421 (57th-2nd-regular): vote event count matches (0)
  [32m✓[0m  AZ HB 2421 (57th-2nd-regular): sponsorship count matches (1)
  [32m✓[0m  AZ HB 2423 (57th-2nd-regular): title matches
  [32m✓[0m  AZ HB 2423 (57th-2nd-regular): latest_action matches
  [32m✓[0m  AZ HB 2423 (57th-2nd-regular): vote event count matches (6)
  [32m✓[0m  AZ HB 2423 (57th-2nd-regular): vote tally matches on 2026-02-25 ({'yes': 0, 'no': 0, 'other': 0, 'absent': 0, 'excused': 0, 'not voting': 0})
  [32m✓[0m  AZ HB 2423 (57th-2nd-regular): vote tally matches on 2026-02-26 ({'yes': 44, 'no': 9, 'other': 0, 'absent': 0, 'excused': 0, 'not voting': 7})
  [32m✓[0m  AZ HB 2423 (57th-2nd-regular): vote tally matches on 2026-04-16 ({'yes': 20, 'no': 7, 'other': 0, 'absent': 0, 'excused': 0, 'not voting': 3})
  [32m✓[0m  AZ HB 2423 (57th-2nd-regular): vote tally matches on 2026-04-16 ({'yes': 0, 'no': 0, 'other': 0, 'absent': 0, 'excused': 0, 'not voting': 0})
  [32m✓[0m  AZ HB 2423 (57th-2nd-regular): vote tally matches on 2026-06-01 ({'yes': 46, 'no': 10, 'other': 0, 'absent': 0, 'excused': 0, 'not voting': 4})
  [32m✓[0m  AZ HB 2423 (57th-2nd-regular): vote tally matches on 2026-06-01 ({'yes': 0, 'no': 0, 'other': 0, 'absent': 0, 'excused': 0, 'not voting': 0})
  [32m✓[0m  AZ HB 2423 (57th-2nd-regular): sponsorship count matches (2)
  [32m✓[0m  AZ HB 2447 (57th-2nd-regular): title matches
  [32m✓[0m  AZ HB 2447 (57th-2nd-regular): latest_action matches
  [32m✓[0m  AZ HB 2447 (57th-2nd-regular): vote event count matches (1)
  [32m✓[0m  AZ HB 2447 (57th-2nd-regular): vote tally matches on 2026-02-25 ({'yes': 32, 'no': 22, 'other': 0, 'absent': 0, 'excused': 0, 'not voting': 6})
  [32m✓[0m  AZ HB 2447 (57th-2nd-regular): sponsorship count matches (2)
  [32m✓[0m  AZ HB 2448 (57th-2nd-regular): title matches
  [32m✓[0m  AZ HB 2448 (57th-2nd-regular): latest_action matches
  [32m✓[0m  AZ HB 2448 (57th-2nd-regular): vote event count matches (1)
  [32m✓[0m  AZ HB 2448 (57th-2nd-regular): vote tally matches on 2026-02-11 ({'yes': 0, 'no': 0, 'other': 0, 'absent': 0, 'excused': 0, 'not voting': 0})
  [32m✓[0m  AZ HB 2448 (57th-2nd-regular): sponsorship count matches (9)
  [32m✓[0m  AZ HB 2452 (57th-2nd-regular): title matches
  [32m✓[0m  AZ HB 2452 (57th-2nd-regular): latest_action matches
  [32m✓[0m  AZ HB 2452 (57th-2nd-regular): vote event count matches (3)
  [32m✓[0m  AZ HB 2452 (57th-2nd-regular): vote tally matches on 2026-02-23 ({'yes': 0, 'no': 0, 'other': 0, 'absent': 0, 'excused': 0, 'not voting': 0})
  [32m✓[0m  AZ HB 2452 (57th-2nd-regular): vote tally matches on 2026-02-25 ({'yes': 25, 'no': 29, 'other': 0, 'absent': 0, 'excused': 0, 'not voting': 6})
  [32m✓[0m  AZ HB 2452 (57th-2nd-regular): vote tally matches on 2026-02-26 ({'yes': 0, 'no': 0, 'other': 0, 'absent': 0, 'excused': 0, 'not voting': 0})
  [32m✓[0m  AZ HB 2452 (57th-2nd-regular): sponsorship count matches (1)
  [32m✓[0m  AZ HB 2454 (57th-2nd-regular): title matches
  [32m✓[0m  AZ HB 2454 (57th-2nd-regular): latest_action matches
  [32m✓[0m  AZ HB 2454 (57th-2nd-regular): vote event count matches (0)
  [32m✓[0m  AZ HB 2454 (57th-2nd-regular): sponsorship count matches (1)
  [32m✓[0m  AZ HB 2457 (57th-2nd-regular): title matches
  [32m✓[0m  AZ HB 2457 (57th-2nd-regular): latest_action matches
  [32m✓[0m  AZ HB 2457 (57th-2nd-regular): vote event count matches (8)
  [32m✓[0m  AZ HB 2457 (57th-2nd-regular): vote tally matches on 2026-02-24 ({'yes': 0, 'no': 0, 'other': 0, 'absent': 0, 'excused': 0, 'not voting': 0})
  [32m✓[0m  AZ HB 2457 (57th-2nd-regular): vote tally matches on 2026-02-25 ({'yes': 28, 'no': 26, 'other': 0, 'absent': 0, 'excused': 0, 'not voting': 6})
  [32m✓[0m  AZ HB 2457 (57th-2nd-regular): vote tally matches on 2026-02-26 ({'yes': 0, 'no': 0, 'other': 0, 'absent': 0, 'excused': 0, 'not voting': 0})
  [32m✓[0m  AZ HB 2457 (57th-2nd-regular): vote tally matches on 2026-03-03 ({'yes': 32, 'no': 22, 'other': 0, 'absent': 0, 'excused': 0, 'not voting': 5})
  [32m✓[0m  AZ HB 2457 (57th-2nd-regular): vote tally matches on 2026-03-03 ({'yes': 0, 'no': 0, 'other': 0, 'absent': 0, 'excused': 0, 'not voting': 0})
  [32m✓[0m  AZ HB 2457 (57th-2nd-regular): vote tally matches on 2026-03-03 ({'yes': 0, 'no': 0, 'other': 0, 'absent': 0, 'excused': 0, 'not voting': 0})
  [32m✓[0m  AZ HB 2457 (57th-2nd-regular): vote tally matches on 2026-04-15 ({'yes': 0, 'no': 0, 'other': 0, 'absent': 0, 'excused': 0, 'not voting': 0})
  [32m✓[0m  AZ HB 2457 (57th-2nd-regular): vote tally matches on 2026-06-10 ({'yes': 15, 'no': 14, 'other': 0, 'absent': 0, 'excused': 0, 'not voting': 1})
  [32m✓[0m  AZ HB 2457 (57th-2nd-regular): sponsorship count matches (1)
  [32m✓[0m  AZ HB 2459 (57th-2nd-regular): title matches
  [32m✓[0m  AZ HB 2459 (57th-2nd-regular): latest_action matches
  [32m✓[0m  AZ HB 2459 (57th-2nd-regular): vote event count matches (2)
  [32m✓[0m  AZ HB 2459 (57th-2nd-regular): vote tally matches on 2026-02-10 ({'yes': 0, 'no': 0, 'other': 0, 'absent': 0, 'excused': 0, 'not voting': 0})
  [32m✓[0m  AZ HB 2459 (57th-2nd-regular): vote tally matches on 2026-02-17 ({'yes': 57, 'no': 0, 'other': 0, 'absent': 0, 'excused': 0, 'not voting': 3})
  [32m✓[0m  AZ HB 2459 (57th-2nd-regular): sponsorship count matches (1)
  [32m✓[0m  AZ HB 2462 (57th-2nd-regular): title matches
  [32m✓[0m  AZ HB 2462 (57th-2nd-regular): latest_action matches
  [32m✓[0m  AZ HB 2462 (57th-2nd-regular): vote event count matches (0)
  [32m✓[0m  AZ HB 2462 (57th-2nd-regular): sponsorship count matches (12)
  [32m✓[0m  AZ HB 2475 (57th-2nd-regular): title matches
  [32m✓[0m  AZ HB 2475 (57th-2nd-regular): latest_action matches
  [32m✓[0m  AZ HB 2475 (57th-2nd-regular): vote event count matches (0)
  [32m✓[0m  AZ HB 2475 (57th-2nd-regular): sponsorship count matches (24)
  [32m✓[0m  AZ HB 2484 (57th-2nd-regular): title matches
  [32m✓[0m  AZ HB 2484 (57th-2nd-regular): latest_action matches
  [32m✓[0m  AZ HB 2484 (57th-2nd-regular): vote event count matches (0)
  [32m✓[0m  AZ HB 2484 (57th-2nd-regular): sponsorship count matches (1)
  [32m✓[0m  AZ HB 2491 (57th-2nd-regular): title matches
  [32m✓[0m  AZ HB 2491 (57th-2nd-regular): latest_action matches
  [32m✓[0m  AZ HB 2491 (57th-2nd-regular): vote event count matches (0)
  [32m✓[0m  AZ HB 2491 (57th-2nd-regular): sponsorship count matches (3)
  [32m✓[0m  AZ HB 2493 (57th-2nd-regular): title matches
  [32m✓[0m  AZ HB 2493 (57th-2nd-regular): latest_action matches
  [32m✓[0m  AZ HB 2493 (57th-2nd-regular): vote event count matches (0)
  [32m✓[0m  AZ HB 2493 (57th-2nd-regular): sponsorship count matches (3)
  [32m✓[0m  AZ HB 2494 (57th-2nd-regular): title matches
  [32m✓[0m  AZ HB 2494 (57th-2nd-regular): latest_action matches
  [32m✓[0m  AZ HB 2494 (57th-2nd-regular): vote event count matches (4)
  [32m✓[0m  AZ HB 2494 (57th-2nd-regular): vote tally matches on 2026-02-23 ({'yes': 0, 'no': 0, 'other': 0, 'absent': 0, 'excused': 0, 'not voting': 0})
  [32m✓[0m  AZ HB 2494 (57th-2nd-regular): vote tally matches on 2026-02-25 ({'yes': 31, 'no': 22, 'other': 0, 'absent': 0, 'excused': 0, 'not voting': 7})
  [32m✓[0m  AZ HB 2494 (57th-2nd-regular): vote tally matches on 2026-06-09 ({'yes': 0, 'no': 0, 'other': 0, 'absent': 0, 'excused': 0, 'not voting': 0})
  [32m✓[0m  AZ HB 2494 (57th-2nd-regular): vote tally matches on 2026-06-10 ({'yes': 13, 'no': 16, 'other': 0, 'absent': 0, 'excused': 0, 'not voting': 1})
  [32m✓[0m  AZ HB 2494 (57th-2nd-regular): sponsorship count matches (3)
  [32m✓[0m  AZ HB 2496 (57th-2nd-regular): title matches
  [32m✓[0m  AZ HB 2496 (57th-2nd-regular): latest_action matches
  [32m✓[0m  AZ HB 2496 (57th-2nd-regular): vote event count matches (2)
  [32m✓[0m  AZ HB 2496 (57th-2nd-regular): vote tally matches on 2026-02-23 ({'yes': 0, 'no': 0, 'other': 0, 'absent': 0, 'excused': 0, 'not voting': 0})
  [32m✓[0m  AZ HB 2496 (57th-2nd-regular): vote tally matches on 2026-02-25 ({'yes': 44, 'no': 9, 'other': 0, 'absent': 0, 'excused': 0, 'not voting': 7})
  [32m✓[0m  AZ HB 2496 (57th-2nd-regular): sponsorship count matches (1)
  [32m✓[0m  AZ HB 2499 (57th-2nd-regular): title matches
  [32m✓[0m  AZ HB 2499 (57th-2nd-regular): latest_action matches
  [32m✓[0m  AZ HB 2499 (57th-2nd-regular): vote event count matches (1)
  [32m✓[0m  AZ HB 2499 (57th-2nd-regular): vote tally matches on 2026-02-23 ({'yes': 32, 'no': 25, 'other': 0, 'absent': 0, 'excused': 0, 'not voting': 3})
  [32m✓[0m  AZ HB 2499 (57th-2nd-regular): sponsorship count matches (2)
  [32m✓[0m  AZ HB 2500 (57th-2nd-regular): title matches
  [32m✓[0m  AZ HB 2500 (57th-2nd-regular): latest_action matches
  [32m✓[0m  AZ HB 2500 (57th-2nd-regular): vote event count matches (1)
  [32m✓[0m  AZ HB 2500 (57th-2nd-regular): vote tally matches on 2026-02-23 ({'yes': 32, 'no': 25, 'other': 0, 'absent': 0, 'excused': 0, 'not voting': 3})
  [32m✓[0m  AZ HB 2500 (57th-2nd-regular): sponsorship count matches (2)
  [32m✓[0m  AZ HB 2511 (57th-2nd-regular): title matches
  [32m✓[0m  AZ HB 2511 (57th-2nd-regular): latest_action matches
  [32m✓[0m  AZ HB 2511 (57th-2nd-regular): vote event count matches (0)
  [32m✓[0m  AZ HB 2511 (57th-2nd-regular): sponsorship count matches (16)
  [32m✓[0m  AZ HB 2512 (57th-2nd-regular): title matches
  [32m✓[0m  AZ HB 2512 (57th-2nd-regular): latest_action matches
  [32m✓[0m  AZ HB 2512 (57th-2nd-regular): vote event count matches (0)
  [32m✓[0m  AZ HB 2512 (57th-2nd-regular): sponsorship count matches (13)
  [32m✓[0m  AZ HB 2518 (57th-2nd-regular): title matches
  [32m✓[0m  AZ HB 2518 (57th-2nd-regular): latest_action matches
  [32m✓[0m  AZ HB 2518 (57th-2nd-regular): vote event count matches (0)
  [32m✓[0m  AZ HB 2518 (57th-2nd-regular): sponsorship count matches (8)
  [32m✓[0m  AZ HB 2519 (57th-2nd-regular): title matches
  [32m✓[0m  AZ HB 2519 (57th-2nd-regular): latest_action matches
  [32m✓[0m  AZ HB 2519 (57th-2nd-regular): vote event count matches (0)
  [32m✓[0m  AZ HB 2519 (57th-2nd-regular): sponsorship count matches (9)
  [32m✓[0m  AZ HB 2527 (57th-2nd-regular): title matches
  [32m✓[0m  AZ HB 2527 (57th-2nd-regular): latest_action matches
  [32m✓[0m  AZ HB 2527 (57th-2nd-regular): vote event count matches (0)
  [32m✓[0m  AZ HB 2527 (57th-2nd-regular): sponsorship count matches (9)
  [32m✓[0m  AZ HB 2538 (57th-2nd-regular): title matches
  [32m✓[0m  AZ HB 2538 (57th-2nd-regular): latest_action matches
  [32m✓[0m  AZ HB 2538 (57th-2nd-regular): vote event count matches (0)
  [32m✓[0m  AZ HB 2538 (57th-2nd-regular): sponsorship count matches (1)
  [32m✓[0m  AZ HB 2539 (57th-2nd-regular): title matches
  [32m✓[0m  AZ HB 2539 (57th-2nd-regular): latest_action matches
  [32m✓[0m  AZ HB 2539 (57th-2nd-regular): vote event count matches (0)
  [32m✓[0m  AZ HB 2539 (57th-2nd-regular): sponsorship count matches (1)
  [32m✓[0m  AZ HB 2543 (57th-2nd-regular): title matches
  [32m✓[0m  AZ HB 2543 (57th-2nd-regular): latest_action matches
  [32m✓[0m  AZ HB 2543 (57th-2nd-regular): vote event count matches (0)
  [32m✓[0m  AZ HB 2543 (57th-2nd-regular): sponsorship count matches (1)
    ...125/500
  [32m✓[0m  AZ HB 2556 (57th-2nd-regular): title matches
  [32m✓[0m  AZ HB 2556 (57th-2nd-regular): latest_action matches
  [32m✓[0m  AZ HB 2556 (57th-2nd-regular): vote event count matches (0)
  [32m✓[0m  AZ HB 2556 (57th-2nd-regular): sponsorship count matches (15)
  [32m✓[0m  AZ HB 2561 (57th-2nd-regular): title matches
  [32m✓[0m  AZ HB 2561 (57th-2nd-regular): latest_action matches
  [32m✓[0m  AZ HB 2561 (57th-2nd-regular): vote event count matches (0)
  [32m✓[0m  AZ HB 2561 (57th-2nd-regular): sponsorship count matches (9)
  [32m✓[0m  AZ HB 2562 (57th-2nd-regular): title matches
  [32m✓[0m  AZ HB 2562 (57th-2nd-regular): latest_action matches
  [32m✓[0m  AZ HB 2562 (57th-2nd-regular): vote event count matches (0)
  [32m✓[0m  AZ HB 2562 (57th-2nd-regular): sponsorship count matches (6)
  [32m✓[0m  AZ HB 2564 (57th-2nd-regular): title matches
  [32m✓[0m  AZ HB 2564 (57th-2nd-regular): latest_action matches
  [32m✓[0m  AZ HB 2564 (57th-2nd-regular): vote event count matches (0)
  [32m✓[0m  AZ HB 2564 (57th-2nd-regular): sponsorship count matches (7)
  [32m✓[0m  AZ HB 2568 (57th-2nd-regular): title matches
  [32m✓[0m  AZ HB 2568 (57th-2nd-regular): latest_action matches
  [32m✓[0m  AZ HB 2568 (57th-2nd-regular): vote event count matches (0)
  [32m✓[0m  AZ HB 2568 (57th-2nd-regular): sponsorship count matches (5)
  [32m✓[0m  AZ HB 2570 (57th-2nd-regular): title matches
  [32m✓[0m  AZ HB 2570 (57th-2nd-regular): latest_action matches
  [32m✓[0m  AZ HB 2570 (57th-2nd-regular): vote event count matches (0)
  [32m✓[0m  AZ HB 2570 (57th-2nd-regular): sponsorship count matches (1)
  [32m✓[0m  AZ HB 2571 (57th-2nd-regular): title matches
  [32m✓[0m  AZ HB 2571 (57th-2nd-regular): latest_action matches
  [32m✓[0m  AZ HB 2571 (57th-2nd-regular): vote event count matches (0)
  [32m✓[0m  AZ HB 2571 (57th-2nd-regular): sponsorship count matches (1)
  [32m✓[0m  AZ HB 2573 (57th-2nd-regular): title matches
  [32m✓[0m  AZ HB 2573 (57th-2nd-regular): latest_action matches
  [32m✓[0m  AZ HB 2573 (57th-2nd-regular): vote event count matches (7)
  [32m✓[0m  AZ HB 2573 (57th-2nd-regular): vote tally matches on 2026-02-23 ({'yes': 0, 'no': 0, 'other': 0, 'absent': 0, 'excused': 0, 'not voting': 0})
  [32m✓[0m  AZ HB 2573 (57th-2nd-regular): vote tally matches on 2026-03-02 ({'yes': 0, 'no': 0, 'other': 0, 'absent': 0, 'excused': 0, 'not voting': 0})
  [32m✓[0m  AZ HB 2573 (57th-2nd-regular): vote tally matches on 2026-03-10 ({'yes': 41, 'no': 14, 'other': 0, 'absent': 0, 'excused': 0, 'not voting': 4})
  [32m✓[0m  AZ HB 2573 (57th-2nd-regular): vote tally matches on 2026-04-21 ({'yes': 28, 'no': 0, 'other': 0, 'absent': 0, 'excused': 0, 'not voting': 2})
  [32m✓[0m  AZ HB 2573 (57th-2nd-regular): vote tally matches on 2026-04-21 ({'yes': 0, 'no': 0, 'other': 0, 'absent': 0, 'excused': 0, 'not voting': 0})
  [33m~[0m  AZ HB 2573 (57th-2nd-regular): vote tally differs on 2026-06-01  [local={'yes': 0, 'no': 0, 'other': 0, 'absent': 0, 'excused': 0, 'not voting': 0} live={'yes': 45, 'no': 11, 'other': 0, 'absent': 0, 'excused': 0, 'not voting': 4} | Aaron Márquez (yes): live only; Alexander Kolodin (no): live only; Alma Hernandez (yes): live only; Anna Abeytia (yes): live only; Betty J Villegas (yes): live only; Beverly Pingerelli (no): live only; Brian Garcia (yes): live only; Cesar Aguilar (yes): live only; Chris Lopez (yes): live only; Christopher Mathis (yes): live only; Cody Reim (no): live only; Consuelo Hernandez (yes): live only; David Livingston (other): live only; Elda Luna-Nájera (yes): live only; Gail Griffin (yes): live only; James Taylor (yes): live only; Janeen Connolly (yes): live only; Jeff Weninger (yes): live only; John Gillette (yes): live only; Julie Willoughby (yes): live only; Junelle Cavero (yes): live only; Justin Olson (no): live only; Justin Wilmeth (yes): live only; Kevin Volk (yes): live only; Khyl Powell (no): live only; Laurin Hendrix (other): live only; Leo Biasiucci (yes): live only; Lisa Fink (no): live only; Lorena Austin (yes): live only; Lupe Contreras (yes): live only; Lupe Diaz (yes): live only; Lydia Hernandez (yes): live only; Mae Peshlakai (yes): live only; Mariana Sandoval (no): live only; Matt Gress (yes): live only; Michael Carbone (yes): live only; Michael Way (no): live only; Michele Peña (yes): live only; Myron Tsosie (other): live only; Nancy Gutierrez (yes): live only; Neal Carter (yes): live only; Nick Kupper (yes): live only; Oscar De Los Santos (yes): live only; Pamela Carter (no): live only; Patty Contreras (yes): live only; Quang H Nguyen (yes): live only; Quantá Crews (yes): live only; Rachel Keshel (no): live only; Ralph Heap (no): live only; Sarah Liguori (yes): live only; Selina Bliss (yes): live only; Seth Blattman (yes): live only; Stacey Travers (yes): live only; Stephanie Simacek (yes): live only; Stephanie Stahl Hamilton (yes): live only; Steve Montenegro (yes): live only; Sylvia Allen (yes): live only; Teresa Martinez (yes): live only; Tony Rivero (yes): live only; Walt Blackman (other): live only | 28 other local bill(s) share this signature on 2026-06-01]
  [33m~[0m  AZ HB 2573 (57th-2nd-regular): vote tally differs on 2026-06-01  [local={'yes': 45, 'no': 11, 'other': 0, 'absent': 0, 'excused': 0, 'not voting': 4} live={'yes': 0, 'no': 0, 'other': 0, 'absent': 0, 'excused': 0, 'not voting': 0} | Aaron Márquez (yes): local only; Alexander Kolodin (no): local only; Alma Hernandez (yes): local only; Anna Abeytia (yes): local only; Betty J Villegas (yes): local only; Beverly Pingerelli (no): local only; Brian Garcia (yes): local only; Cesar Aguilar (yes): local only; Chris Lopez (yes): local only; Christopher Mathis (yes): local only; Cody Reim (no): local only; Consuelo Hernandez (yes): local only; David Livingston (other): local only; Elda Luna-Nájera (yes): local only; Gail Griffin (yes): local only; James Taylor (yes): local only; Janeen Connolly (yes): local only; Jeff Weninger (yes): local only; John Gillette (yes): local only; Julie Willoughby (yes): local only; Junelle Cavero (yes): local only; Justin Olson (no): local only; Justin Wilmeth (yes): local only; Kevin Volk (yes): local only; Khyl Powell (no): local only; Laurin Hendrix (other): local only; Leo Biasiucci (yes): local only; Lisa Fink (no): local only; Lorena Austin (yes): local only; Lupe Contreras (yes): local only; Lupe Diaz (yes): local only; Lydia Hernandez (yes): local only; Mae Peshlakai (yes): local only; Mariana Sandoval (no): local only; Matt Gress (yes): local only; Michael Carbone (yes): local only; Michael Way (no): local only; Michele Peña (yes): local only; Myron Tsosie (other): local only; Nancy Gutierrez (yes): local only; Neal Carter (yes): local only; Nick Kupper (yes): local only; Oscar De Los Santos (yes): local only; Pamela Carter (no): local only; Patty Contreras (yes): local only; Quang H Nguyen (yes): local only; Quantá Crews (yes): local only; Rachel Keshel (no): local only; Ralph Heap (no): local only; Sarah Liguori (yes): local only; Selina Bliss (yes): local only; Seth Blattman (yes): local only; Stacey Travers (yes): local only; Stephanie Simacek (yes): local only; Stephanie Stahl Hamilton (yes): local only; Steve Montenegro (yes): local only; Sylvia Allen (yes): local only; Teresa Martinez (yes): local only; Tony Rivero (yes): local only; Walt Blackman (other): local only | 28 other local bill(s) share this signature on 2026-06-01]
  [32m✓[0m  AZ HB 2573 (57th-2nd-regular): sponsorship count matches (1)
  [32m✓[0m  AZ HB 2578 (57th-2nd-regular): title matches
  [32m✓[0m  AZ HB 2578 (57th-2nd-regular): latest_action matches
  [32m✓[0m  AZ HB 2578 (57th-2nd-regular): vote event count matches (0)
  [32m✓[0m  AZ HB 2578 (57th-2nd-regular): sponsorship count matches (17)
  [32m✓[0m  AZ HB 2584 (57th-2nd-regular): title matches
  [32m✓[0m  AZ HB 2584 (57th-2nd-regular): latest_action matches
  [32m✓[0m  AZ HB 2584 (57th-2nd-regular): vote event count matches (3)
  [32m✓[0m  AZ HB 2584 (57th-2nd-regular): vote tally matches on 2026-02-23 ({'yes': 38, 'no': 19, 'other': 0, 'absent': 0, 'excused': 0, 'not voting': 3})
  [32m✓[0m  AZ HB 2584 (57th-2nd-regular): vote tally matches on 2026-04-02 ({'yes': 0, 'no': 0, 'other': 0, 'absent': 0, 'excused': 0, 'not voting': 0})
  [32m✓[0m  AZ HB 2584 (57th-2nd-regular): vote tally matches on 2026-04-08 ({'yes': 16, 'no': 12, 'other': 0, 'absent': 0, 'excused': 0, 'not voting': 2})
  [32m✓[0m  AZ HB 2584 (57th-2nd-regular): sponsorship count matches (1)
  [32m✓[0m  AZ HB 2585 (57th-2nd-regular): title matches
  [32m✓[0m  AZ HB 2585 (57th-2nd-regular): latest_action matches
  [32m✓[0m  AZ HB 2585 (57th-2nd-regular): vote event count matches (0)
  [32m✓[0m  AZ HB 2585 (57th-2nd-regular): sponsorship count matches (1)
  [32m✓[0m  AZ HB 2598 (57th-2nd-regular): title matches
  [32m✓[0m  AZ HB 2598 (57th-2nd-regular): latest_action matches
  [32m✓[0m  AZ HB 2598 (57th-2nd-regular): vote event count matches (0)
  [32m✓[0m  AZ HB 2598 (57th-2nd-regular): sponsorship count matches (3)
  [32m✓[0m  AZ HB 2601 (57th-2nd-regular): title matches
  [32m✓[0m  AZ HB 2601 (57th-2nd-regular): latest_action matches
  [32m✓[0m  AZ HB 2601 (57th-2nd-regular): vote event count matches (7)
  [32m✓[0m  AZ HB 2601 (57th-2nd-regular): vote tally matches on 2026-03-02 ({'yes': 0, 'no': 0, 'other': 0, 'absent': 0, 'excused': 0, 'not voting': 0})
  [32m✓[0m  AZ HB 2601 (57th-2nd-regular): vote tally matches on 2026-03-09 ({'yes': 0, 'no': 0, 'other': 0, 'absent': 0, 'excused': 0, 'not voting': 0})
  [32m✓[0m  AZ HB 2601 (57th-2nd-regular): vote tally matches on 2026-03-09 ({'yes': 0, 'no': 0, 'other': 0, 'absent': 0, 'excused': 0, 'not voting': 0})
  [32m✓[0m  AZ HB 2601 (57th-2nd-regular): vote tally matches on 2026-03-10 ({'yes': 34, 'no': 21, 'other': 0, 'absent': 0, 'excused': 0, 'not voting': 4})
  [32m✓[0m  AZ HB 2601 (57th-2nd-regular): vote tally matches on 2026-04-13 ({'yes': 0, 'no': 0, 'other': 0, 'absent': 0, 'excused': 0, 'not voting': 0})
  [32m✓[0m  AZ HB 2601 (57th-2nd-regular): vote tally matches on 2026-06-09 ({'yes': 13, 'no': 16, 'other': 0, 'absent': 0, 'excused': 0, 'not voting': 1})
  [32m✓[0m  AZ HB 2601 (57th-2nd-regular): vote tally matches on 2026-06-10 ({'yes': 0, 'no': 0, 'other': 0, 'absent': 0, 'excused': 0, 'not voting': 0})
  [32m✓[0m  AZ HB 2601 (57th-2nd-regular): sponsorship count matches (5)
  [32m✓[0m  AZ HB 2602 (57th-2nd-regular): title matches
  [32m✓[0m  AZ HB 2602 (57th-2nd-regular): latest_action matches
  [32m✓[0m  AZ HB 2602 (57th-2nd-regular): vote event count matches (0)
  [32m✓[0m  AZ HB 2602 (57th-2nd-regular): sponsorship count matches (1)
  [32m✓[0m  AZ HB 2607 (57th-2nd-regular): title matches
  [32m✓[0m  AZ HB 2607 (57th-2nd-regular): latest_action matches
  [32m✓[0m  AZ HB 2607 (57th-2nd-regular): vote event count matches (0)
  [32m✓[0m  AZ HB 2607 (57th-2nd-regular): sponsorship count matches (1)
  [32m✓[0m  AZ HB 2608 (57th-2nd-regular): title matches
  [32m✓[0m  AZ HB 2608 (57th-2nd-regular): latest_action matches
  [32m✓[0m  AZ HB 2608 (57th-2nd-regular): vote event count matches (0)
  [32m✓[0m  AZ HB 2608 (57th-2nd-regular): sponsorship count matches (1)
  [32m✓[0m  AZ HB 2611 (57th-2nd-regular): title matches
  [32m✓[0m  AZ HB 2611 (57th-2nd-regular): latest_action matches
  [32m✓[0m  AZ HB 2611 (57th-2nd-regular): vote event count matches (7)
  [32m✓[0m  AZ HB 2611 (57th-2nd-regular): vote tally matches on 2026-02-25 ({'yes': 0, 'no': 0, 'other': 0, 'absent': 0, 'excused': 0, 'not voting': 0})
  [32m✓[0m  AZ HB 2611 (57th-2nd-regular): vote tally matches on 2026-03-03 ({'yes': 0, 'no': 0, 'other': 0, 'absent': 0, 'excused': 0, 'not voting': 0})
  [32m✓[0m  AZ HB 2611 (57th-2nd-regular): vote tally matches on 2026-03-04 ({'yes': 51, 'no': 2, 'other': 0, 'absent': 0, 'excused': 0, 'not voting': 6})
  [32m✓[0m  AZ HB 2611 (57th-2nd-regular): vote tally matches on 2026-06-01 ({'yes': 0, 'no': 0, 'other': 0, 'absent': 0, 'excused': 0, 'not voting': 0})
  [32m✓[0m  AZ HB 2611 (57th-2nd-regular): vote tally matches on 2026-06-09 ({'yes': 17, 'no': 12, 'other': 0, 'absent': 0, 'excused': 0, 'not voting': 1})
  [32m✓[0m  AZ HB 2611 (57th-2nd-regular): vote tally matches on 2026-06-11 ({'yes': 0, 'no': 0, 'other': 0, 'absent': 0, 'excused': 0, 'not voting': 0})
  [32m✓[0m  AZ HB 2611 (57th-2nd-regular): vote tally matches on 2026-06-11 ({'yes': 32, 'no': 18, 'other': 0, 'absent': 0, 'excused': 0, 'not voting': 10})
  [32m✓[0m  AZ HB 2611 (57th-2nd-regular): sponsorship count matches (1)
  [32m✓[0m  AZ HB 2612 (57th-2nd-regular): title matches
  [32m✓[0m  AZ HB 2612 (57th-2nd-regular): latest_action matches
  [32m✓[0m  AZ HB 2612 (57th-2nd-regular): vote event count matches (0)
  [32m✓[0m  AZ HB 2612 (57th-2nd-regular): sponsorship count matches (1)
  [32m✓[0m  AZ HB 2615 (57th-2nd-regular): title matches
  [32m✓[0m  AZ HB 2615 (57th-2nd-regular): latest_action matches
  [32m✓[0m  AZ HB 2615 (57th-2nd-regular): vote event count matches (2)
  [32m✓[0m  AZ HB 2615 (57th-2nd-regular): vote tally matches on 2026-03-04 ({'yes': 0, 'no': 0, 'other': 0, 'absent': 0, 'excused': 0, 'not voting': 0})
  [32m✓[0m  AZ HB 2615 (57th-2nd-regular): vote tally matches on 2026-03-05 ({'yes': 31, 'no': 19, 'other': 0, 'absent': 0, 'excused': 0, 'not voting': 9})
  [32m✓[0m  AZ HB 2615 (57th-2nd-regular): sponsorship count matches (2)
  [32m✓[0m  AZ HB 2618 (57th-2nd-regular): title matches
  [32m✓[0m  AZ HB 2618 (57th-2nd-regular): latest_action matches
  [32m✓[0m  AZ HB 2618 (57th-2nd-regular): vote event count matches (0)
  [32m✓[0m  AZ HB 2618 (57th-2nd-regular): sponsorship count matches (1)
  [32m✓[0m  AZ HB 2625 (57th-2nd-regular): title matches
  [32m✓[0m  AZ HB 2625 (57th-2nd-regular): latest_action matches
  [32m✓[0m  AZ HB 2625 (57th-2nd-regular): vote event count matches (0)
  [32m✓[0m  AZ HB 2625 (57th-2nd-regular): sponsorship count matches (1)
  [32m✓[0m  AZ HB 2626 (57th-2nd-regular): title matches
  [32m✓[0m  AZ HB 2626 (57th-2nd-regular): latest_action matches
  [32m✓[0m  AZ HB 2626 (57th-2nd-regular): vote event count matches (0)
  [32m✓[0m  AZ HB 2626 (57th-2nd-regular): sponsorship count matches (10)
  [32m✓[0m  AZ HB 2629 (57th-2nd-regular): title matches
  [32m✓[0m  AZ HB 2629 (57th-2nd-regular): latest_action matches
  [32m✓[0m  AZ HB 2629 (57th-2nd-regular): vote event count matches (0)
  [32m✓[0m  AZ HB 2629 (57th-2nd-regular): sponsorship count matches (9)
  [32m✓[0m  AZ HB 2647 (57th-2nd-regular): title matches
  [32m✓[0m  AZ HB 2647 (57th-2nd-regular): latest_action matches
  [32m✓[0m  AZ HB 2647 (57th-2nd-regular): vote event count matches (0)
  [32m✓[0m  AZ HB 2647 (57th-2nd-regular): sponsorship count matches (16)
  [32m✓[0m  AZ HB 2652 (57th-2nd-regular): title matches
  [32m✓[0m  AZ HB 2652 (57th-2nd-regular): latest_action matches
  [32m✓[0m  AZ HB 2652 (57th-2nd-regular): vote event count matches (0)
  [32m✓[0m  AZ HB 2652 (57th-2nd-regular): sponsorship count matches (12)
    ...150/500
  [32m✓[0m  AZ HB 2663 (57th-2nd-regular): title matches
  [32m✓[0m  AZ HB 2663 (57th-2nd-regular): latest_action matches
  [32m✓[0m  AZ HB 2663 (57th-2nd-regular): vote event count matches (3)
  [32m✓[0m  AZ HB 2663 (57th-2nd-regular): vote tally matches on 2026-02-19 ({'yes': 0, 'no': 0, 'other': 0, 'absent': 0, 'excused': 0, 'not voting': 0})
  [32m✓[0m  AZ HB 2663 (57th-2nd-regular): vote tally matches on 2026-02-23 ({'yes': 57, 'no': 0, 'other': 0, 'absent': 0, 'excused': 0, 'not voting': 3})
  [32m✓[0m  AZ HB 2663 (57th-2nd-regular): vote tally matches on 2026-05-18 ({'yes': 24, 'no': 0, 'other': 0, 'absent': 0, 'excused': 0, 'not voting': 6})
  [32m✓[0m  AZ HB 2663 (57th-2nd-regular): sponsorship count matches (1)
  [32m✓[0m  AZ HB 2668 (57th-2nd-regular): title matches
  [32m✓[0m  AZ HB 2668 (57th-2nd-regular): latest_action matches
  [32m✓[0m  AZ HB 2668 (57th-2nd-regular): vote event count matches (0)
  [32m✓[0m  AZ HB 2668 (57th-2nd-regular): sponsorship count matches (4)
  [32m✓[0m  AZ HB 2669 (57th-2nd-regular): title matches
  [32m✓[0m  AZ HB 2669 (57th-2nd-regular): latest_action matches
  [32m✓[0m  AZ HB 2669 (57th-2nd-regular): vote event count matches (0)
  [32m✓[0m  AZ HB 2669 (57th-2nd-regular): sponsorship count matches (10)
  [32m✓[0m  AZ HB 2670 (57th-2nd-regular): title matches
  [32m✓[0m  AZ HB 2670 (57th-2nd-regular): latest_action matches
  [32m✓[0m  AZ HB 2670 (57th-2nd-regular): vote event count matches (0)
  [32m✓[0m  AZ HB 2670 (57th-2nd-regular): sponsorship count matches (4)
  [32m✓[0m  AZ HB 2671 (57th-2nd-regular): title matches
  [32m✓[0m  AZ HB 2671 (57th-2nd-regular): latest_action matches
  [32m✓[0m  AZ HB 2671 (57th-2nd-regular): vote event count matches (3)
  [32m✓[0m  AZ HB 2671 (57th-2nd-regular): vote tally matches on 2026-03-05 ({'yes': 0, 'no': 0, 'other': 0, 'absent': 0, 'excused': 0, 'not voting': 0})
  [32m✓[0m  AZ HB 2671 (57th-2nd-regular): vote tally matches on 2026-03-09 ({'yes': 0, 'no': 0, 'other': 0, 'absent': 0, 'excused': 0, 'not voting': 0})
  [32m✓[0m  AZ HB 2671 (57th-2nd-regular): vote tally matches on 2026-03-11 ({'yes': 51, 'no': 0, 'other': 0, 'absent': 0, 'excused': 0, 'not voting': 8})
  [32m✓[0m  AZ HB 2671 (57th-2nd-regular): sponsorship count matches (16)
  [32m✓[0m  AZ HB 2679 (57th-2nd-regular): title matches
  [32m✓[0m  AZ HB 2679 (57th-2nd-regular): latest_action matches
  [32m✓[0m  AZ HB 2679 (57th-2nd-regular): vote event count matches (0)
  [32m✓[0m  AZ HB 2679 (57th-2nd-regular): sponsorship count matches (16)
  [32m✓[0m  AZ HB 2682 (57th-2nd-regular): title matches
  [32m✓[0m  AZ HB 2682 (57th-2nd-regular): latest_action matches
  [32m✓[0m  AZ HB 2682 (57th-2nd-regular): vote event count matches (0)
  [32m✓[0m  AZ HB 2682 (57th-2nd-regular): sponsorship count matches (9)
  [32m✓[0m  AZ HB 2684 (57th-2nd-regular): title matches
  [32m✓[0m  AZ HB 2684 (57th-2nd-regular): latest_action matches
  [32m✓[0m  AZ HB 2684 (57th-2nd-regular): vote event count matches (0)
  [32m✓[0m  AZ HB 2684 (57th-2nd-regular): sponsorship count matches (13)
  [32m✓[0m  AZ HB 2685 (57th-2nd-regular): title matches
  [32m✓[0m  AZ HB 2685 (57th-2nd-regular): latest_action matches
  [32m✓[0m  AZ HB 2685 (57th-2nd-regular): vote event count matches (0)
  [32m✓[0m  AZ HB 2685 (57th-2nd-regular): sponsorship count matches (9)
  [32m✓[0m  AZ HB 2692 (57th-2nd-regular): title matches
  [32m✓[0m  AZ HB 2692 (57th-2nd-regular): latest_action matches
  [32m✓[0m  AZ HB 2692 (57th-2nd-regular): vote event count matches (1)
  [32m✓[0m  AZ HB 2692 (57th-2nd-regular): vote tally matches on 2026-02-26 ({'yes': 33, 'no': 21, 'other': 0, 'absent': 0, 'excused': 0, 'not voting': 6})
  [32m✓[0m  AZ HB 2692 (57th-2nd-regular): sponsorship count matches (1)
  [32m✓[0m  AZ HB 2693 (57th-2nd-regular): title matches
  [32m✓[0m  AZ HB 2693 (57th-2nd-regular): latest_action matches
  [32m✓[0m  AZ HB 2693 (57th-2nd-regular): vote event count matches (6)
  [32m✓[0m  AZ HB 2693 (57th-2nd-regular): vote tally matches on 2026-02-19 ({'yes': 0, 'no': 0, 'other': 0, 'absent': 0, 'excused': 0, 'not voting': 0})
  [32m✓[0m  AZ HB 2693 (57th-2nd-regular): vote tally matches on 2026-02-23 ({'yes': 40, 'no': 17, 'other': 0, 'absent': 0, 'excused': 0, 'not voting': 3})
  [32m✓[0m  AZ HB 2693 (57th-2nd-regular): vote tally matches on 2026-04-02 ({'yes': 0, 'no': 0, 'other': 0, 'absent': 0, 'excused': 0, 'not voting': 0})
  [32m✓[0m  AZ HB 2693 (57th-2nd-regular): vote tally matches on 2026-04-08 ({'yes': 19, 'no': 9, 'other': 0, 'absent': 0, 'excused': 0, 'not voting': 2})
  [32m✓[0m  AZ HB 2693 (57th-2nd-regular): vote tally matches on 2026-06-01 ({'yes': 49, 'no': 6, 'other': 0, 'absent': 0, 'excused': 0, 'not voting': 5})
  [32m✓[0m  AZ HB 2693 (57th-2nd-regular): vote tally matches on 2026-06-01 ({'yes': 0, 'no': 0, 'other': 0, 'absent': 0, 'excused': 0, 'not voting': 0})
  [32m✓[0m  AZ HB 2693 (57th-2nd-regular): sponsorship count matches (1)
  [32m✓[0m  AZ HB 2694 (57th-2nd-regular): title matches
  [32m✓[0m  AZ HB 2694 (57th-2nd-regular): latest_action matches
  [32m✓[0m  AZ HB 2694 (57th-2nd-regular): vote event count matches (0)
  [32m✓[0m  AZ HB 2694 (57th-2nd-regular): sponsorship count matches (1)
  [32m✓[0m  AZ HB 2698 (57th-2nd-regular): title matches
  [32m✓[0m  AZ HB 2698 (57th-2nd-regular): latest_action matches
  [32m✓[0m  AZ HB 2698 (57th-2nd-regular): vote event count matches (0)
  [32m✓[0m  AZ HB 2698 (57th-2nd-regular): sponsorship count matches (1)
  [32m✓[0m  AZ HB 2699 (57th-2nd-regular): title matches
  [32m✓[0m  AZ HB 2699 (57th-2nd-regular): latest_action matches
  [32m✓[0m  AZ HB 2699 (57th-2nd-regular): vote event count matches (0)
  [32m✓[0m  AZ HB 2699 (57th-2nd-regular): sponsorship count matches (23)
  [32m✓[0m  AZ HB 2707 (57th-2nd-regular): title matches
  [32m✓[0m  AZ HB 2707 (57th-2nd-regular): latest_action matches
  [32m✓[0m  AZ HB 2707 (57th-2nd-regular): vote event count matches (0)
  [32m✓[0m  AZ HB 2707 (57th-2nd-regular): sponsorship count matches (2)
  [32m✓[0m  AZ HB 2710 (57th-2nd-regular): title matches
  [32m✓[0m  AZ HB 2710 (57th-2nd-regular): latest_action matches
  [32m✓[0m  AZ HB 2710 (57th-2nd-regular): vote event count matches (0)
  [32m✓[0m  AZ HB 2710 (57th-2nd-regular): sponsorship count matches (20)
  [32m✓[0m  AZ HB 2713 (57th-2nd-regular): title matches
  [32m✓[0m  AZ HB 2713 (57th-2nd-regular): latest_action matches
  [32m✓[0m  AZ HB 2713 (57th-2nd-regular): vote event count matches (0)
  [32m✓[0m  AZ HB 2713 (57th-2nd-regular): sponsorship count matches (17)
  [32m✓[0m  AZ HB 2717 (57th-2nd-regular): title matches
  [32m✓[0m  AZ HB 2717 (57th-2nd-regular): latest_action matches
  [32m✓[0m  AZ HB 2717 (57th-2nd-regular): vote event count matches (0)
  [32m✓[0m  AZ HB 2717 (57th-2nd-regular): sponsorship count matches (14)
  [32m✓[0m  AZ HB 2718 (57th-2nd-regular): title matches
  [32m✓[0m  AZ HB 2718 (57th-2nd-regular): latest_action matches
  [32m✓[0m  AZ HB 2718 (57th-2nd-regular): vote event count matches (0)
  [32m✓[0m  AZ HB 2718 (57th-2nd-regular): sponsorship count matches (15)
  [32m✓[0m  AZ HB 2720 (57th-2nd-regular): title matches
  [32m✓[0m  AZ HB 2720 (57th-2nd-regular): latest_action matches
  [32m✓[0m  AZ HB 2720 (57th-2nd-regular): vote event count matches (5)
  [32m✓[0m  AZ HB 2720 (57th-2nd-regular): vote tally matches on 2026-02-24 ({'yes': 0, 'no': 0, 'other': 0, 'absent': 0, 'excused': 0, 'not voting': 0})
  [32m✓[0m  AZ HB 2720 (57th-2nd-regular): vote tally matches on 2026-03-09 ({'yes': 0, 'no': 0, 'other': 0, 'absent': 0, 'excused': 0, 'not voting': 0})
  [32m✓[0m  AZ HB 2720 (57th-2nd-regular): vote tally matches on 2026-03-11 ({'yes': 37, 'no': 14, 'other': 0, 'absent': 0, 'excused': 0, 'not voting': 8})
  [32m✓[0m  AZ HB 2720 (57th-2nd-regular): vote tally matches on 2026-04-20 ({'yes': 0, 'no': 0, 'other': 0, 'absent': 0, 'excused': 0, 'not voting': 0})
  [32m✓[0m  AZ HB 2720 (57th-2nd-regular): vote tally matches on 2026-05-26 ({'yes': 17, 'no': 7, 'other': 0, 'absent': 0, 'excused': 0, 'not voting': 6})
  [32m✓[0m  AZ HB 2720 (57th-2nd-regular): sponsorship count matches (7)
  [32m✓[0m  AZ HB 2723 (57th-2nd-regular): title matches
  [32m✓[0m  AZ HB 2723 (57th-2nd-regular): latest_action matches
  [32m✓[0m  AZ HB 2723 (57th-2nd-regular): vote event count matches (0)
  [32m✓[0m  AZ HB 2723 (57th-2nd-regular): sponsorship count matches (1)
  [32m✓[0m  AZ HB 2728 (57th-2nd-regular): title matches
  [32m✓[0m  AZ HB 2728 (57th-2nd-regular): latest_action matches
  [32m✓[0m  AZ HB 2728 (57th-2nd-regular): vote event count matches (3)
  [32m✓[0m  AZ HB 2728 (57th-2nd-regular): vote tally matches on 2026-03-03 ({'yes': 32, 'no': 22, 'other': 0, 'absent': 0, 'excused': 0, 'not voting': 5})
  [32m✓[0m  AZ HB 2728 (57th-2nd-regular): vote tally matches on 2026-03-03 ({'yes': 0, 'no': 0, 'other': 0, 'absent': 0, 'excused': 0, 'not voting': 0})
  [32m✓[0m  AZ HB 2728 (57th-2nd-regular): vote tally matches on 2026-03-03 ({'yes': 0, 'no': 0, 'other': 0, 'absent': 0, 'excused': 0, 'not voting': 0})
  [32m✓[0m  AZ HB 2728 (57th-2nd-regular): sponsorship count matches (1)
  [32m✓[0m  AZ HB 2730 (57th-2nd-regular): title matches
  [32m✓[0m  AZ HB 2730 (57th-2nd-regular): latest_action matches
  [32m✓[0m  AZ HB 2730 (57th-2nd-regular): vote event count matches (1)
  [32m✓[0m  AZ HB 2730 (57th-2nd-regular): vote tally matches on 2026-02-26 ({'yes': 52, 'no': 2, 'other': 0, 'absent': 0, 'excused': 0, 'not voting': 6})
  [32m✓[0m  AZ HB 2730 (57th-2nd-regular): sponsorship count matches (1)
  [32m✓[0m  AZ HB 2733 (57th-2nd-regular): title matches
  [32m✓[0m  AZ HB 2733 (57th-2nd-regular): latest_action matches
  [32m✓[0m  AZ HB 2733 (57th-2nd-regular): vote event count matches (3)
  [32m✓[0m  AZ HB 2733 (57th-2nd-regular): vote tally matches on 2026-02-25 ({'yes': 0, 'no': 0, 'other': 0, 'absent': 0, 'excused': 0, 'not voting': 0})
  [32m✓[0m  AZ HB 2733 (57th-2nd-regular): vote tally matches on 2026-02-26 ({'yes': 52, 'no': 0, 'other': 0, 'absent': 0, 'excused': 0, 'not voting': 8})
  [32m✓[0m  AZ HB 2733 (57th-2nd-regular): vote tally matches on 2026-06-09 ({'yes': 29, 'no': 0, 'other': 0, 'absent': 0, 'excused': 0, 'not voting': 1})
  [32m✓[0m  AZ HB 2733 (57th-2nd-regular): sponsorship count matches (1)
  [32m✓[0m  AZ HB 2738 (57th-2nd-regular): title matches
  [32m✓[0m  AZ HB 2738 (57th-2nd-regular): latest_action matches
  [32m✓[0m  AZ HB 2738 (57th-2nd-regular): vote event count matches (0)
  [32m✓[0m  AZ HB 2738 (57th-2nd-regular): sponsorship count matches (6)
    ...175/500
  [32m✓[0m  AZ HB 2740 (57th-2nd-regular): title matches
  [32m✓[0m  AZ HB 2740 (57th-2nd-regular): latest_action matches
  [32m✓[0m  AZ HB 2740 (57th-2nd-regular): vote event count matches (0)
  [32m✓[0m  AZ HB 2740 (57th-2nd-regular): sponsorship count matches (10)
  [32m✓[0m  AZ HB 2745 (57th-2nd-regular): title matches
  [32m✓[0m  AZ HB 2745 (57th-2nd-regular): latest_action matches
  [32m✓[0m  AZ HB 2745 (57th-2nd-regular): vote event count matches (6)
  [32m✓[0m  AZ HB 2745 (57th-2nd-regular): vote tally matches on 2026-02-25 ({'yes': 0, 'no': 0, 'other': 0, 'absent': 0, 'excused': 0, 'not voting': 0})
  [32m✓[0m  AZ HB 2745 (57th-2nd-regular): vote tally matches on 2026-02-26 ({'yes': 32, 'no': 20, 'other': 0, 'absent': 0, 'excused': 0, 'not voting': 8})
  [32m✓[0m  AZ HB 2745 (57th-2nd-regular): vote tally matches on 2026-04-15 ({'yes': 0, 'no': 0, 'other': 0, 'absent': 0, 'excused': 0, 'not voting': 0})
  [32m✓[0m  AZ HB 2745 (57th-2nd-regular): vote tally matches on 2026-04-16 ({'yes': 17, 'no': 10, 'other': 0, 'absent': 0, 'excused': 0, 'not voting': 3})
  [33m~[0m  AZ HB 2745 (57th-2nd-regular): vote tally differs on 2026-06-09  [local={'yes': 32, 'no': 23, 'other': 0, 'absent': 0, 'excused': 0, 'not voting': 5} live={'yes': 0, 'no': 0, 'other': 0, 'absent': 0, 'excused': 0, 'not voting': 0} | Aaron Márquez (no): local only; Alexander Kolodin (yes): local only; Alma Hernandez (no): local only; Anna Abeytia (no): local only; Betty J Villegas (no): local only; Beverly Pingerelli (yes): local only; Brian Garcia (no): local only; Cesar Aguilar (no): local only; Chris Lopez (yes): local only; Christopher Mathis (no): local only; Cody Reim (yes): local only; Consuelo Hernandez (no): local only; David Livingston (other): local only; Elda Luna-Nájera (no): local only; Gail Griffin (yes): local only; James Taylor (yes): local only; Janeen Connolly (no): local only; Jeff Weninger (yes): local only; John Gillette (yes): local only; Julie Willoughby (yes): local only; Junelle Cavero (no): local only; Justin Olson (yes): local only; Justin Wilmeth (other): local only; Kevin Volk (no): local only; Khyl Powell (yes): local only; Laurin Hendrix (yes): local only; Leo Biasiucci (yes): local only; Lisa Fink (yes): local only; Lorena Austin (no): local only; Lupe Contreras (no): local only; Lupe Diaz (yes): local only; Lydia Hernandez (yes): local only; Mae Peshlakai (no): local only; Mariana Sandoval (no): local only; Matt Gress (yes): local only; Michael Carbone (yes): local only; Michael Way (yes): local only; Michele Peña (yes): local only; Myron Tsosie (no): local only; Nancy Gutierrez (other): local only; Neal Carter (yes): local only; Nick Kupper (yes): local only; Oscar De Los Santos (no): local only; Pamela Carter (yes): local only; Patty Contreras (no): local only; Quang H Nguyen (yes): local only; Quantá Crews (no): local only; Rachel Keshel (yes): local only; Ralph Heap (yes): local only; Sarah Liguori (no): local only; Selina Bliss (yes): local only; Seth Blattman (other): local only; Stacey Travers (no): local only; Stephanie Simacek (other): local only; Stephanie Stahl Hamilton (no): local only; Steve Montenegro (yes): local only; Sylvia Allen (yes): local only; Teresa Martinez (yes): local only; Tony Rivero (yes): local only; Walt Blackman (yes): local only | 61 other local bill(s) share this signature on 2026-06-09]
  [33m~[0m  AZ HB 2745 (57th-2nd-regular): vote tally differs on 2026-06-09  [local={'yes': 0, 'no': 0, 'other': 0, 'absent': 0, 'excused': 0, 'not voting': 0} live={'yes': 32, 'no': 23, 'other': 0, 'absent': 0, 'excused': 0, 'not voting': 5} | Aaron Márquez (no): live only; Alexander Kolodin (yes): live only; Alma Hernandez (no): live only; Anna Abeytia (no): live only; Betty J Villegas (no): live only; Beverly Pingerelli (yes): live only; Brian Garcia (no): live only; Cesar Aguilar (no): live only; Chris Lopez (yes): live only; Christopher Mathis (no): live only; Cody Reim (yes): live only; Consuelo Hernandez (no): live only; David Livingston (other): live only; Elda Luna-Nájera (no): live only; Gail Griffin (yes): live only; James Taylor (yes): live only; Janeen Connolly (no): live only; Jeff Weninger (yes): live only; John Gillette (yes): live only; Julie Willoughby (yes): live only; Junelle Cavero (no): live only; Justin Olson (yes): live only; Justin Wilmeth (other): live only; Kevin Volk (no): live only; Khyl Powell (yes): live only; Laurin Hendrix (yes): live only; Leo Biasiucci (yes): live only; Lisa Fink (yes): live only; Lorena Austin (no): live only; Lupe Contreras (no): live only; Lupe Diaz (yes): live only; Lydia Hernandez (yes): live only; Mae Peshlakai (no): live only; Mariana Sandoval (no): live only; Matt Gress (yes): live only; Michael Carbone (yes): live only; Michael Way (yes): live only; Michele Peña (yes): live only; Myron Tsosie (no): live only; Nancy Gutierrez (other): live only; Neal Carter (yes): live only; Nick Kupper (yes): live only; Oscar De Los Santos (no): live only; Pamela Carter (yes): live only; Patty Contreras (no): live only; Quang H Nguyen (yes): live only; Quantá Crews (no): live only; Rachel Keshel (yes): live only; Ralph Heap (yes): live only; Sarah Liguori (no): live only; Selina Bliss (yes): live only; Seth Blattman (other): live only; Stacey Travers (no): live only; Stephanie Simacek (other): live only; Stephanie Stahl Hamilton (no): live only; Steve Montenegro (yes): live only; Sylvia Allen (yes): live only; Teresa Martinez (yes): live only; Tony Rivero (yes): live only; Walt Blackman (yes): live only | 61 other local bill(s) share this signature on 2026-06-09]
  [32m✓[0m  AZ HB 2745 (57th-2nd-regular): sponsorship count matches (1)
  [32m✓[0m  AZ HB 2748 (57th-2nd-regular): title matches
  [32m✓[0m  AZ HB 2748 (57th-2nd-regular): latest_action matches
  [32m✓[0m  AZ HB 2748 (57th-2nd-regular): vote event count matches (0)
  [32m✓[0m  AZ HB 2748 (57th-2nd-regular): sponsorship count matches (1)
  [32m✓[0m  AZ HB 2752 (57th-2nd-regular): title matches
  [32m✓[0m  AZ HB 2752 (57th-2nd-regular): latest_action matches
  [32m✓[0m  AZ HB 2752 (57th-2nd-regular): vote event count matches (6)
  [32m✓[0m  AZ HB 2752 (57th-2nd-regular): vote tally matches on 2026-02-23 ({'yes': 56, 'no': 0, 'other': 0, 'absent': 0, 'excused': 0, 'not voting': 4})
  [32m✓[0m  AZ HB 2752 (57th-2nd-regular): vote tally matches on 2026-04-14 ({'yes': 0, 'no': 0, 'other': 0, 'absent': 0, 'excused': 0, 'not voting': 0})
  [32m✓[0m  AZ HB 2752 (57th-2nd-regular): vote tally matches on 2026-04-15 ({'yes': 0, 'no': 0, 'other': 0, 'absent': 0, 'excused': 0, 'not voting': 0})
  [32m✓[0m  AZ HB 2752 (57th-2nd-regular): vote tally matches on 2026-04-16 ({'yes': 27, 'no': 0, 'other': 0, 'absent': 0, 'excused': 0, 'not voting': 3})
  [33m~[0m  AZ HB 2752 (57th-2nd-regular): vote tally differs on 2026-06-01  [local={'yes': 44, 'no': 11, 'other': 0, 'absent': 0, 'excused': 0, 'not voting': 5} live={'yes': 0, 'no': 0, 'other': 0, 'absent': 0, 'excused': 0, 'not voting': 0} | Aaron Márquez (no): local only; Alexander Kolodin (yes): local only; Alma Hernandez (yes): local only; Anna Abeytia (no): local only; Betty J Villegas (yes): local only; Beverly Pingerelli (yes): local only; Brian Garcia (no): local only; Cesar Aguilar (yes): local only; Chris Lopez (yes): local only; Christopher Mathis (no): local only; Cody Reim (yes): local only; Consuelo Hernandez (yes): local only; David Livingston (other): local only; Elda Luna-Nájera (yes): local only; Gail Griffin (yes): local only; James Taylor (yes): local only; Janeen Connolly (yes): local only; Jeff Weninger (yes): local only; John Gillette (yes): local only; Julie Willoughby (yes): local only; Junelle Cavero (yes): local only; Justin Olson (yes): local only; Justin Wilmeth (yes): local only; Kevin Volk (yes): local only; Khyl Powell (yes): local only; Laurin Hendrix (other): local only; Leo Biasiucci (yes): local only; Lisa Fink (yes): local only; Lorena Austin (no): local only; Lupe Contreras (yes): local only; Lupe Diaz (yes): local only; Lydia Hernandez (yes): local only; Mae Peshlakai (no): local only; Mariana Sandoval (no): local only; Matt Gress (yes): local only; Michael Carbone (yes): local only; Michael Way (yes): local only; Michele Peña (yes): local only; Myron Tsosie (other): local only; Nancy Gutierrez (no): local only; Neal Carter (yes): local only; Nick Kupper (yes): local only; Oscar De Los Santos (yes): local only; Pamela Carter (yes): local only; Patty Contreras (yes): local only; Quang H Nguyen (yes): local only; Quantá Crews (no): local only; Rachel Keshel (yes): local only; Ralph Heap (yes): local only; Sarah Liguori (yes): local only; Selina Bliss (yes): local only; Seth Blattman (yes): local only; Stacey Travers (no): local only; Stephanie Simacek (other): local only; Stephanie Stahl Hamilton (no): local only; Steve Montenegro (yes): local only; Sylvia Allen (yes): local only; Teresa Martinez (yes): local only; Tony Rivero (yes): local only; Walt Blackman (other): local only | 28 other local bill(s) share this signature on 2026-06-01]
  [33m~[0m  AZ HB 2752 (57th-2nd-regular): vote tally differs on 2026-06-01  [local={'yes': 0, 'no': 0, 'other': 0, 'absent': 0, 'excused': 0, 'not voting': 0} live={'yes': 44, 'no': 11, 'other': 0, 'absent': 0, 'excused': 0, 'not voting': 5} | Aaron Márquez (no): live only; Alexander Kolodin (yes): live only; Alma Hernandez (yes): live only; Anna Abeytia (no): live only; Betty J Villegas (yes): live only; Beverly Pingerelli (yes): live only; Brian Garcia (no): live only; Cesar Aguilar (yes): live only; Chris Lopez (yes): live only; Christopher Mathis (no): live only; Cody Reim (yes): live only; Consuelo Hernandez (yes): live only; David Livingston (other): live only; Elda Luna-Nájera (yes): live only; Gail Griffin (yes): live only; James Taylor (yes): live only; Janeen Connolly (yes): live only; Jeff Weninger (yes): live only; John Gillette (yes): live only; Julie Willoughby (yes): live only; Junelle Cavero (yes): live only; Justin Olson (yes): live only; Justin Wilmeth (yes): live only; Kevin Volk (yes): live only; Khyl Powell (yes): live only; Laurin Hendrix (other): live only; Leo Biasiucci (yes): live only; Lisa Fink (yes): live only; Lorena Austin (no): live only; Lupe Contreras (yes): live only; Lupe Diaz (yes): live only; Lydia Hernandez (yes): live only; Mae Peshlakai (no): live only; Mariana Sandoval (no): live only; Matt Gress (yes): live only; Michael Carbone (yes): live only; Michael Way (yes): live only; Michele Peña (yes): live only; Myron Tsosie (other): live only; Nancy Gutierrez (no): live only; Neal Carter (yes): live only; Nick Kupper (yes): live only; Oscar De Los Santos (yes): live only; Pamela Carter (yes): live only; Patty Contreras (yes): live only; Quang H Nguyen (yes): live only; Quantá Crews (no): live only; Rachel Keshel (yes): live only; Ralph Heap (yes): live only; Sarah Liguori (yes): live only; Selina Bliss (yes): live only; Seth Blattman (yes): live only; Stacey Travers (no): live only; Stephanie Simacek (other): live only; Stephanie Stahl Hamilton (no): live only; Steve Montenegro (yes): live only; Sylvia Allen (yes): live only; Teresa Martinez (yes): live only; Tony Rivero (yes): live only; Walt Blackman (other): live only | 28 other local bill(s) share this signature on 2026-06-01]
  [32m✓[0m  AZ HB 2752 (57th-2nd-regular): sponsorship count matches (1)
  [32m✓[0m  AZ HB 2755 (57th-2nd-regular): title matches
  [32m✓[0m  AZ HB 2755 (57th-2nd-regular): latest_action matches
  [32m✓[0m  AZ HB 2755 (57th-2nd-regular): vote event count matches (10)
  [32m✓[0m  AZ HB 2755 (57th-2nd-regular): vote tally matches on 2026-02-25 ({'yes': 0, 'no': 0, 'other': 0, 'absent': 0, 'excused': 0, 'not voting': 0})
  [32m✓[0m  AZ HB 2755 (57th-2nd-regular): vote tally matches on 2026-02-26 ({'yes': 30, 'no': 23, 'other': 0, 'absent': 0, 'excused': 0, 'not voting': 7})
  [32m✓[0m  AZ HB 2755 (57th-2nd-regular): vote tally matches on 2026-03-02 ({'yes': 0, 'no': 0, 'other': 0, 'absent': 0, 'excused': 0, 'not voting': 0})
  [32m✓[0m  AZ HB 2755 (57th-2nd-regular): vote tally matches on 2026-03-03 ({'yes': 32, 'no': 22, 'other': 0, 'absent': 0, 'excused': 0, 'not voting': 5})
  [32m✓[0m  AZ HB 2755 (57th-2nd-regular): vote tally matches on 2026-03-03 ({'yes': 0, 'no': 0, 'other': 0, 'absent': 0, 'excused': 0, 'not voting': 0})
  [32m✓[0m  AZ HB 2755 (57th-2nd-regular): vote tally matches on 2026-03-03 ({'yes': 0, 'no': 0, 'other': 0, 'absent': 0, 'excused': 0, 'not voting': 0})
  [32m✓[0m  AZ HB 2755 (57th-2nd-regular): vote tally matches on 2026-06-11 ({'yes': 0, 'no': 0, 'other': 0, 'absent': 0, 'excused': 0, 'not voting': 0})
  [33m~[0m  AZ HB 2755 (57th-2nd-regular): vote tally differs on 2026-06-12  [local={'yes': 16, 'no': 13, 'other': 0, 'absent': 0, 'excused': 0, 'not voting': 1} live={'yes': 0, 'no': 0, 'other': 0, 'absent': 0, 'excused': 0, 'not voting': 0} | Analise Ortiz (no): local only; Brian Fernandez (no): local only; Carine Werner (yes): local only; Catherine Miranda (no): local only; David C. Farnsworth (yes): local only; David Gowan (yes): local only; Denise “Mitzi” Epstein (no): local only; Eva Diaz (no): local only; Flavio Bravo (no): local only; Frank Carroll (yes): local only; Hildy Angius (yes): local only; J.D. Mesnard (yes): local only; Jake Hoffman (yes): local only; Janae Shamp (other): local only; John Kavanagh (yes): local only; Kevin Payne (yes): local only; Kiana Sears (no): local only; Lauren Kuby (no): local only; Lela Alston (no): local only; Mark Finchem (yes): local only; Priya Sundareshan (no): local only; Rosanna Gabaldón (no): local only; Sally Ann Gonzales (no): local only; Shawnna Bolick (yes): local only; Theresa Hatathlie (no): local only; Thomas "T.J." Shope (yes): local only; Timothy "Tim" Dunn (yes): local only; Venden "Vince" Leach (yes): local only; Warren Petersen (yes): local only; Wendy Rogers (yes): local only | 47 other local bill(s) share this signature on 2026-06-12]
  [33m~[0m  AZ HB 2755 (57th-2nd-regular): vote tally differs on 2026-06-12  [local={'yes': 0, 'no': 0, 'other': 0, 'absent': 0, 'excused': 0, 'not voting': 0} live={'yes': 16, 'no': 13, 'other': 0, 'absent': 0, 'excused': 0, 'not voting': 1} | Analise Ortiz (no): live only; Brian Fernandez (no): live only; Carine Werner (yes): live only; Catherine Miranda (no): live only; David C. Farnsworth (yes): live only; David Gowan (yes): live only; Denise “Mitzi” Epstein (no): live only; Eva Diaz (no): live only; Flavio Bravo (no): live only; Frank Carroll (yes): live only; Hildy Angius (yes): live only; J.D. Mesnard (yes): live only; Jake Hoffman (yes): live only; Janae Shamp (other): live only; John Kavanagh (yes): live only; Kevin Payne (yes): live only; Kiana Sears (no): live only; Lauren Kuby (no): live only; Lela Alston (no): live only; Mark Finchem (yes): live only; Priya Sundareshan (no): live only; Rosanna Gabaldón (no): live only; Sally Ann Gonzales (no): live only; Shawnna Bolick (yes): live only; Theresa Hatathlie (no): live only; Thomas "T.J." Shope (yes): live only; Timothy "Tim" Dunn (yes): live only; Venden "Vince" Leach (yes): live only; Warren Petersen (yes): live only; Wendy Rogers (yes): live only | 47 other local bill(s) share this signature on 2026-06-12]
  [32m✓[0m  AZ HB 2755 (57th-2nd-regular): vote tally matches on 2026-06-13 ({'yes': 31, 'no': 22, 'other': 0, 'absent': 0, 'excused': 0, 'not voting': 7})
  [32m✓[0m  AZ HB 2755 (57th-2nd-regular): sponsorship count matches (2)
  [32m✓[0m  AZ HB 2757 (57th-2nd-regular): title matches
  [32m✓[0m  AZ HB 2757 (57th-2nd-regular): latest_action matches
  [32m✓[0m  AZ HB 2757 (57th-2nd-regular): vote event count matches (0)
  [32m✓[0m  AZ HB 2757 (57th-2nd-regular): sponsorship count matches (2)
  [32m✓[0m  AZ HB 2760 (57th-2nd-regular): title matches
  [32m✓[0m  AZ HB 2760 (57th-2nd-regular): latest_action matches
  [32m✓[0m  AZ HB 2760 (57th-2nd-regular): vote event count matches (0)
  [32m✓[0m  AZ HB 2760 (57th-2nd-regular): sponsorship count matches (1)
  [32m✓[0m  AZ HB 2762 (57th-2nd-regular): title matches
  [32m✓[0m  AZ HB 2762 (57th-2nd-regular): latest_action matches
  [32m✓[0m  AZ HB 2762 (57th-2nd-regular): vote event count matches (3)
  [32m✓[0m  AZ HB 2762 (57th-2nd-regular): vote tally matches on 2026-02-23 ({'yes': 0, 'no': 0, 'other': 0, 'absent': 0, 'excused': 0, 'not voting': 0})
  [32m✓[0m  AZ HB 2762 (57th-2nd-regular): vote tally matches on 2026-02-24 ({'yes': 52, 'no': 3, 'other': 0, 'absent': 0, 'excused': 0, 'not voting': 5})
  [32m✓[0m  AZ HB 2762 (57th-2nd-regular): vote tally matches on 2026-06-09 ({'yes': 24, 'no': 5, 'other': 0, 'absent': 0, 'excused': 0, 'not voting': 1})
  [32m✓[0m  AZ HB 2762 (57th-2nd-regular): sponsorship count matches (2)
  [32m✓[0m  AZ HB 2763 (57th-2nd-regular): title matches
  [32m✓[0m  AZ HB 2763 (57th-2nd-regular): latest_action matches
  [32m✓[0m  AZ HB 2763 (57th-2nd-regular): vote event count matches (4)
  [32m✓[0m  AZ HB 2763 (57th-2nd-regular): vote tally matches on 2026-02-24 ({'yes': 0, 'no': 0, 'other': 0, 'absent': 0, 'excused': 0, 'not voting': 0})
  [32m✓[0m  AZ HB 2763 (57th-2nd-regular): vote tally matches on 2026-02-25 ({'yes': 31, 'no': 22, 'other': 0, 'absent': 0, 'excused': 0, 'not voting': 7})
  [32m✓[0m  AZ HB 2763 (57th-2nd-regular): vote tally matches on 2026-04-15 ({'yes': 0, 'no': 0, 'other': 0, 'absent': 0, 'excused': 0, 'not voting': 0})
  [32m✓[0m  AZ HB 2763 (57th-2nd-regular): vote tally matches on 2026-06-10 ({'yes': 16, 'no': 13, 'other': 0, 'absent': 0, 'excused': 0, 'not voting': 1})
  [32m✓[0m  AZ HB 2763 (57th-2nd-regular): sponsorship count matches (2)
  [32m✓[0m  AZ HB 2767 (57th-2nd-regular): title matches
  [32m✓[0m  AZ HB 2767 (57th-2nd-regular): latest_action matches
  [32m✓[0m  AZ HB 2767 (57th-2nd-regular): vote event count matches (0)
  [32m✓[0m  AZ HB 2767 (57th-2nd-regular): sponsorship count matches (1)
  [32m✓[0m  AZ HB 2768 (57th-2nd-regular): title matches
  [32m✓[0m  AZ HB 2768 (57th-2nd-regular): latest_action matches
  [32m✓[0m  AZ HB 2768 (57th-2nd-regular): vote event count matches (0)
  [32m✓[0m  AZ HB 2768 (57th-2nd-regular): sponsorship count matches (1)
  [32m✓[0m  AZ HB 2771 (57th-2nd-regular): title matches
  [32m✓[0m  AZ HB 2771 (57th-2nd-regular): latest_action matches
  [32m✓[0m  AZ HB 2771 (57th-2nd-regular): vote event count matches (3)
  [32m✓[0m  AZ HB 2771 (57th-2nd-regular): vote tally matches on 2026-02-24 ({'yes': 0, 'no': 0, 'other': 0, 'absent': 0, 'excused': 0, 'not voting': 0})
  [32m✓[0m  AZ HB 2771 (57th-2nd-regular): vote tally matches on 2026-02-25 ({'yes': 42, 'no': 11, 'other': 0, 'absent': 0, 'excused': 0, 'not voting': 7})
  [32m✓[0m  AZ HB 2771 (57th-2nd-regular): vote tally matches on 2026-06-10 ({'yes': 16, 'no': 13, 'other': 0, 'absent': 0, 'excused': 0, 'not voting': 1})
  [32m✓[0m  AZ HB 2771 (57th-2nd-regular): sponsorship count matches (1)
  [32m✓[0m  AZ HB 2774 (57th-2nd-regular): title matches
  [32m✓[0m  AZ HB 2774 (57th-2nd-regular): latest_action matches
  [32m✓[0m  AZ HB 2774 (57th-2nd-regular): vote event count matches (0)
  [32m✓[0m  AZ HB 2774 (57th-2nd-regular): sponsorship count matches (1)
  [32m✓[0m  AZ HB 2782 (57th-2nd-regular): title matches
  [32m✓[0m  AZ HB 2782 (57th-2nd-regular): latest_action matches
  [32m✓[0m  AZ HB 2782 (57th-2nd-regular): vote event count matches (3)
  [32m✓[0m  AZ HB 2782 (57th-2nd-regular): vote tally matches on 2026-02-25 ({'yes': 0, 'no': 0, 'other': 0, 'absent': 0, 'excused': 0, 'not voting': 0})
  [32m✓[0m  AZ HB 2782 (57th-2nd-regular): vote tally matches on 2026-02-26 ({'yes': 34, 'no': 19, 'other': 0, 'absent': 0, 'excused': 0, 'not voting': 7})
  [32m✓[0m  AZ HB 2782 (57th-2nd-regular): vote tally matches on 2026-06-10 ({'yes': 29, 'no': 0, 'other': 0, 'absent': 0, 'excused': 0, 'not voting': 1})
  [32m✓[0m  AZ HB 2782 (57th-2nd-regular): sponsorship count matches (1)
  [32m✓[0m  AZ HB 2797 (57th-2nd-regular): title matches
  [32m✓[0m  AZ HB 2797 (57th-2nd-regular): latest_action matches
  [32m✓[0m  AZ HB 2797 (57th-2nd-regular): vote event count matches (1)
  [32m✓[0m  AZ HB 2797 (57th-2nd-regular): vote tally matches on 2026-02-11 ({'yes': 0, 'no': 0, 'other': 0, 'absent': 0, 'excused': 0, 'not voting': 0})
  [32m✓[0m  AZ HB 2797 (57th-2nd-regular): sponsorship count matches (1)
  [32m✓[0m  AZ HB 2798 (57th-2nd-regular): title matches
  [32m✓[0m  AZ HB 2798 (57th-2nd-regular): latest_action matches
  [32m✓[0m  AZ HB 2798 (57th-2nd-regular): vote event count matches (2)
  [32m✓[0m  AZ HB 2798 (57th-2nd-regular): vote tally matches on 2026-02-24 ({'yes': 0, 'no': 0, 'other': 0, 'absent': 0, 'excused': 0, 'not voting': 0})
  [32m✓[0m  AZ HB 2798 (57th-2nd-regular): vote tally matches on 2026-02-26 ({'yes': 24, 'no': 30, 'other': 0, 'absent': 0, 'excused': 0, 'not voting': 6})
  [32m✓[0m  AZ HB 2798 (57th-2nd-regular): sponsorship count matches (1)
  [32m✓[0m  AZ HB 2803 (57th-2nd-regular): title matches
  [32m✓[0m  AZ HB 2803 (57th-2nd-regular): latest_action matches
  [32m✓[0m  AZ HB 2803 (57th-2nd-regular): vote event count matches (0)
  [32m✓[0m  AZ HB 2803 (57th-2nd-regular): sponsorship count matches (16)
  [32m✓[0m  AZ HB 2812 (57th-2nd-regular): title matches
  [32m✓[0m  AZ HB 2812 (57th-2nd-regular): latest_action matches
  [32m✓[0m  AZ HB 2812 (57th-2nd-regular): vote event count matches (3)
  [32m✓[0m  AZ HB 2812 (57th-2nd-regular): vote tally matches on 2026-02-23 ({'yes': 48, 'no': 9, 'other': 0, 'absent': 0, 'excused': 0, 'not voting': 3})
  [32m✓[0m  AZ HB 2812 (57th-2nd-regular): vote tally matches on 2026-04-09 ({'yes': 15, 'no': 11, 'other': 0, 'absent': 0, 'excused': 0, 'not voting': 4})
  [32m✓[0m  AZ HB 2812 (57th-2nd-regular): vote tally matches on 2026-04-09 ({'yes': 0, 'no': 0, 'other': 0, 'absent': 0, 'excused': 0, 'not voting': 0})
  [32m✓[0m  AZ HB 2812 (57th-2nd-regular): sponsorship count matches (1)
  [32m✓[0m  AZ HB 2815 (57th-2nd-regular): title matches
  [32m✓[0m  AZ HB 2815 (57th-2nd-regular): latest_action matches
  [32m✓[0m  AZ HB 2815 (57th-2nd-regular): vote event count matches (0)
  [32m✓[0m  AZ HB 2815 (57th-2nd-regular): sponsorship count matches (1)
  [31m✗[0m  AZ HB 2820 (57th-2nd-regular): live API error  [429 Client Error: Too Many Requests for url: https://v3.openstates.org/bills?jurisdiction=az&session=57th-2nd-regular&identifier=HB+2820&include=votes&include=sponsorships&include=actions&apikey=REDACTED-API-KEY]
  [31m✗[0m  AZ HB 2825 (57th-2nd-regular): live API error  [429 Client Error: Too Many Requests for url: https://v3.openstates.org/bills?jurisdiction=az&session=57th-2nd-regular&identifier=HB+2825&include=votes&include=sponsorships&include=actions&apikey=REDACTED-API-KEY]
  [31m✗[0m  AZ HB 2827 (57th-2nd-regular): live API error  [429 Client Error: Too Many Requests for url: https://v3.openstates.org/bills?jurisdiction=az&session=57th-2nd-regular&identifier=HB+2827&include=votes&include=sponsorships&include=actions&apikey=REDACTED-API-KEY]
  [31m✗[0m  AZ HB 2828 (57th-2nd-regular): live API error  [429 Client Error: Too Many Requests for url: https://v3.openstates.org/bills?jurisdiction=az&session=57th-2nd-regular&identifier=HB+2828&include=votes&include=sponsorships&include=actions&apikey=REDACTED-API-KEY]
  [31m✗[0m  AZ HB 2829 (57th-2nd-regular): live API error  [429 Client Error: Too Many Requests for url: https://v3.openstates.org/bills?jurisdiction=az&session=57th-2nd-regular&identifier=HB+2829&include=votes&include=sponsorships&include=actions&apikey=REDACTED-API-KEY]
  [31m✗[0m  AZ HB 2838 (57th-2nd-regular): live API error  [429 Client Error: Too Many Requests for url: https://v3.openstates.org/bills?jurisdiction=az&session=57th-2nd-regular&identifier=HB+2838&include=votes&include=sponsorships&include=actions&apikey=REDACTED-API-KEY]
    ...200/500
  [32m✓[0m  AZ HB 2847 (57th-2nd-regular): title matches
  [32m✓[0m  AZ HB 2847 (57th-2nd-regular): latest_action matches
  [32m✓[0m  AZ HB 2847 (57th-2nd-regular): vote event count matches (0)
  [32m✓[0m  AZ HB 2847 (57th-2nd-regular): sponsorship count matches (8)
  [32m✓[0m  AZ HB 2848 (57th-2nd-regular): title matches
  [32m✓[0m  AZ HB 2848 (57th-2nd-regular): latest_action matches
  [32m✓[0m  AZ HB 2848 (57th-2nd-regular): vote event count matches (0)
  [32m✓[0m  AZ HB 2848 (57th-2nd-regular): sponsorship count matches (1)
  [32m✓[0m  AZ HB 2858 (57th-2nd-regular): title matches
  [32m✓[0m  AZ HB 2858 (57th-2nd-regular): latest_action matches
  [32m✓[0m  AZ HB 2858 (57th-2nd-regular): vote event count matches (0)
  [32m✓[0m  AZ HB 2858 (57th-2nd-regular): sponsorship count matches (1)
  [32m✓[0m  AZ HB 2860 (57th-2nd-regular): title matches
  [32m✓[0m  AZ HB 2860 (57th-2nd-regular): latest_action matches
  [32m✓[0m  AZ HB 2860 (57th-2nd-regular): vote event count matches (0)
  [32m✓[0m  AZ HB 2860 (57th-2nd-regular): sponsorship count matches (1)
  [32m✓[0m  AZ HB 2863 (57th-2nd-regular): title matches
  [32m✓[0m  AZ HB 2863 (57th-2nd-regular): latest_action matches
  [32m✓[0m  AZ HB 2863 (57th-2nd-regular): vote event count matches (0)
  [32m✓[0m  AZ HB 2863 (57th-2nd-regular): sponsorship count matches (1)
  [32m✓[0m  AZ HB 2865 (57th-2nd-regular): title matches
  [32m✓[0m  AZ HB 2865 (57th-2nd-regular): latest_action matches
  [32m✓[0m  AZ HB 2865 (57th-2nd-regular): vote event count matches (0)
  [32m✓[0m  AZ HB 2865 (57th-2nd-regular): sponsorship count matches (2)
  [32m✓[0m  AZ HB 2870 (57th-2nd-regular): title matches
  [32m✓[0m  AZ HB 2870 (57th-2nd-regular): latest_action matches
  [32m✓[0m  AZ HB 2870 (57th-2nd-regular): vote event count matches (2)
  [32m✓[0m  AZ HB 2870 (57th-2nd-regular): vote tally matches on 2026-02-25 ({'yes': 0, 'no': 0, 'other': 0, 'absent': 0, 'excused': 0, 'not voting': 0})
  [32m✓[0m  AZ HB 2870 (57th-2nd-regular): vote tally matches on 2026-02-26 ({'yes': 35, 'no': 17, 'other': 0, 'absent': 0, 'excused': 0, 'not voting': 8})
  [32m✓[0m  AZ HB 2870 (57th-2nd-regular): sponsorship count matches (5)
  [32m✓[0m  AZ HB 2877 (57th-2nd-regular): title matches
  [32m✓[0m  AZ HB 2877 (57th-2nd-regular): latest_action matches
  [32m✓[0m  AZ HB 2877 (57th-2nd-regular): vote event count matches (4)
  [32m✓[0m  AZ HB 2877 (57th-2nd-regular): vote tally matches on 2026-02-19 ({'yes': 0, 'no': 0, 'other': 0, 'absent': 0, 'excused': 0, 'not voting': 0})
  [32m✓[0m  AZ HB 2877 (57th-2nd-regular): vote tally matches on 2026-02-23 ({'yes': 47, 'no': 10, 'other': 0, 'absent': 0, 'excused': 0, 'not voting': 3})
  [32m✓[0m  AZ HB 2877 (57th-2nd-regular): vote tally matches on 2026-04-07 ({'yes': 25, 'no': 4, 'other': 0, 'absent': 0, 'excused': 0, 'not voting': 1})
  [32m✓[0m  AZ HB 2877 (57th-2nd-regular): vote tally matches on 2026-04-07 ({'yes': 0, 'no': 0, 'other': 0, 'absent': 0, 'excused': 0, 'not voting': 0})
  [32m✓[0m  AZ HB 2877 (57th-2nd-regular): sponsorship count matches (1)
  [32m✓[0m  AZ HB 2882 (57th-2nd-regular): title matches
  [32m✓[0m  AZ HB 2882 (57th-2nd-regular): latest_action matches
  [32m✓[0m  AZ HB 2882 (57th-2nd-regular): vote event count matches (0)
  [32m✓[0m  AZ HB 2882 (57th-2nd-regular): sponsorship count matches (3)
  [32m✓[0m  AZ HB 2884 (57th-2nd-regular): title matches
  [32m✓[0m  AZ HB 2884 (57th-2nd-regular): latest_action matches
  [32m✓[0m  AZ HB 2884 (57th-2nd-regular): vote event count matches (0)
  [32m✓[0m  AZ HB 2884 (57th-2nd-regular): sponsorship count matches (1)
  [32m✓[0m  AZ HB 2888 (57th-2nd-regular): title matches
  [32m✓[0m  AZ HB 2888 (57th-2nd-regular): latest_action matches
  [32m✓[0m  AZ HB 2888 (57th-2nd-regular): vote event count matches (0)
  [32m✓[0m  AZ HB 2888 (57th-2nd-regular): sponsorship count matches (1)
  [32m✓[0m  AZ HB 2889 (57th-2nd-regular): title matches
  [32m✓[0m  AZ HB 2889 (57th-2nd-regular): latest_action matches
  [32m✓[0m  AZ HB 2889 (57th-2nd-regular): vote event count matches (2)
  [32m✓[0m  AZ HB 2889 (57th-2nd-regular): vote tally matches on 2026-03-05 ({'yes': 0, 'no': 0, 'other': 0, 'absent': 0, 'excused': 0, 'not voting': 0})
  [32m✓[0m  AZ HB 2889 (57th-2nd-regular): vote tally matches on 2026-03-09 ({'yes': 50, 'no': 2, 'other': 0, 'absent': 0, 'excused': 0, 'not voting': 7})
  [32m✓[0m  AZ HB 2889 (57th-2nd-regular): sponsorship count matches (1)
  [32m✓[0m  AZ HB 2902 (57th-2nd-regular): title matches
  [32m✓[0m  AZ HB 2902 (57th-2nd-regular): latest_action matches
  [32m✓[0m  AZ HB 2902 (57th-2nd-regular): vote event count matches (2)
  [32m✓[0m  AZ HB 2902 (57th-2nd-regular): vote tally matches on 2026-03-09 ({'yes': 0, 'no': 0, 'other': 0, 'absent': 0, 'excused': 0, 'not voting': 0})
  [32m✓[0m  AZ HB 2902 (57th-2nd-regular): vote tally matches on 2026-03-11 ({'yes': 31, 'no': 21, 'other': 0, 'absent': 0, 'excused': 0, 'not voting': 7})
  [32m✓[0m  AZ HB 2902 (57th-2nd-regular): sponsorship count matches (1)
  [32m✓[0m  AZ HB 2915 (57th-2nd-regular): title matches
  [32m✓[0m  AZ HB 2915 (57th-2nd-regular): latest_action matches
  [32m✓[0m  AZ HB 2915 (57th-2nd-regular): vote event count matches (0)
  [32m✓[0m  AZ HB 2915 (57th-2nd-regular): sponsorship count matches (2)
  [32m✓[0m  AZ HB 2917 (57th-2nd-regular): title matches
  [32m✓[0m  AZ HB 2917 (57th-2nd-regular): latest_action matches
  [32m✓[0m  AZ HB 2917 (57th-2nd-regular): vote event count matches (3)
  [32m✓[0m  AZ HB 2917 (57th-2nd-regular): vote tally matches on 2026-02-24 ({'yes': 0, 'no': 0, 'other': 0, 'absent': 0, 'excused': 0, 'not voting': 0})
  [32m✓[0m  AZ HB 2917 (57th-2nd-regular): vote tally matches on 2026-02-24 ({'yes': 0, 'no': 0, 'other': 0, 'absent': 0, 'excused': 0, 'not voting': 0})
  [32m✓[0m  AZ HB 2917 (57th-2nd-regular): vote tally matches on 2026-02-26 ({'yes': 53, 'no': 0, 'other': 0, 'absent': 0, 'excused': 0, 'not voting': 7})
  [32m✓[0m  AZ HB 2917 (57th-2nd-regular): sponsorship count matches (1)
  [32m✓[0m  AZ HB 2921 (57th-2nd-regular): title matches
  [32m✓[0m  AZ HB 2921 (57th-2nd-regular): latest_action matches
  [32m✓[0m  AZ HB 2921 (57th-2nd-regular): vote event count matches (0)
  [32m✓[0m  AZ HB 2921 (57th-2nd-regular): sponsorship count matches (7)
  [32m✓[0m  AZ HB 2926 (57th-2nd-regular): title matches
  [32m✓[0m  AZ HB 2926 (57th-2nd-regular): latest_action matches
  [32m✓[0m  AZ HB 2926 (57th-2nd-regular): vote event count matches (2)
  [32m✓[0m  AZ HB 2926 (57th-2nd-regular): vote tally matches on 2026-02-24 ({'yes': 0, 'no': 0, 'other': 0, 'absent': 0, 'excused': 0, 'not voting': 0})
  [32m✓[0m  AZ HB 2926 (57th-2nd-regular): vote tally matches on 2026-02-26 ({'yes': 37, 'no': 16, 'other': 0, 'absent': 0, 'excused': 0, 'not voting': 7})
  [32m✓[0m  AZ HB 2926 (57th-2nd-regular): sponsorship count matches (1)
  [32m✓[0m  AZ HB 2929 (57th-2nd-regular): title matches
  [32m✓[0m  AZ HB 2929 (57th-2nd-regular): latest_action matches
  [32m✓[0m  AZ HB 2929 (57th-2nd-regular): vote event count matches (0)
  [32m✓[0m  AZ HB 2929 (57th-2nd-regular): sponsorship count matches (14)
  [32m✓[0m  AZ HB 2930 (57th-2nd-regular): title matches
  [32m✓[0m  AZ HB 2930 (57th-2nd-regular): latest_action matches
  [32m✓[0m  AZ HB 2930 (57th-2nd-regular): vote event count matches (0)
  [32m✓[0m  AZ HB 2930 (57th-2nd-regular): sponsorship count matches (1)
  [32m✓[0m  AZ HB 2931 (57th-2nd-regular): title matches
  [32m✓[0m  AZ HB 2931 (57th-2nd-regular): latest_action matches
  [32m✓[0m  AZ HB 2931 (57th-2nd-regular): vote event count matches (2)
  [32m✓[0m  AZ HB 2931 (57th-2nd-regular): vote tally matches on 2026-03-05 ({'yes': 0, 'no': 0, 'other': 0, 'absent': 0, 'excused': 0, 'not voting': 0})
  [32m✓[0m  AZ HB 2931 (57th-2nd-regular): vote tally matches on 2026-03-18 ({'yes': 36, 'no': 19, 'other': 0, 'absent': 0, 'excused': 0, 'not voting': 5})
  [32m✓[0m  AZ HB 2931 (57th-2nd-regular): sponsorship count matches (3)
  [32m✓[0m  AZ HB 2935 (57th-2nd-regular): title matches
  [32m✓[0m  AZ HB 2935 (57th-2nd-regular): latest_action matches
  [32m✓[0m  AZ HB 2935 (57th-2nd-regular): vote event count matches (0)
  [32m✓[0m  AZ HB 2935 (57th-2nd-regular): sponsorship count matches (1)
  [32m✓[0m  AZ HB 2940 (57th-2nd-regular): title matches
  [32m✓[0m  AZ HB 2940 (57th-2nd-regular): latest_action matches
  [32m✓[0m  AZ HB 2940 (57th-2nd-regular): vote event count matches (3)
  [32m✓[0m  AZ HB 2940 (57th-2nd-regular): vote tally matches on 2026-02-25 ({'yes': 0, 'no': 0, 'other': 0, 'absent': 0, 'excused': 0, 'not voting': 0})
  [32m✓[0m  AZ HB 2940 (57th-2nd-regular): vote tally matches on 2026-03-02 ({'yes': 0, 'no': 0, 'other': 0, 'absent': 0, 'excused': 0, 'not voting': 0})
  [32m✓[0m  AZ HB 2940 (57th-2nd-regular): vote tally matches on 2026-03-03 ({'yes': 32, 'no': 24, 'other': 0, 'absent': 0, 'excused': 0, 'not voting': 3})
  [32m✓[0m  AZ HB 2940 (57th-2nd-regular): sponsorship count matches (1)
  [32m✓[0m  AZ HB 2941 (57th-2nd-regular): title matches
  [32m✓[0m  AZ HB 2941 (57th-2nd-regular): latest_action matches
  [32m✓[0m  AZ HB 2941 (57th-2nd-regular): vote event count matches (2)
  [32m✓[0m  AZ HB 2941 (57th-2nd-regular): vote tally matches on 2026-03-02 ({'yes': 56, 'no': 0, 'other': 0, 'absent': 0, 'excused': 0, 'not voting': 3})
  [32m✓[0m  AZ HB 2941 (57th-2nd-regular): vote tally matches on 2026-06-12 ({'yes': 26, 'no': 3, 'other': 0, 'absent': 0, 'excused': 0, 'not voting': 1})
  [32m✓[0m  AZ HB 2941 (57th-2nd-regular): sponsorship count matches (11)
  [32m✓[0m  AZ HB 2946 (57th-2nd-regular): title matches
  [32m✓[0m  AZ HB 2946 (57th-2nd-regular): latest_action matches
  [32m✓[0m  AZ HB 2946 (57th-2nd-regular): vote event count matches (11)
  [32m✓[0m  AZ HB 2946 (57th-2nd-regular): vote tally matches on 2026-02-25 ({'yes': 0, 'no': 0, 'other': 0, 'absent': 0, 'excused': 0, 'not voting': 0})
  [32m✓[0m  AZ HB 2946 (57th-2nd-regular): vote tally matches on 2026-03-02 ({'yes': 0, 'no': 0, 'other': 0, 'absent': 0, 'excused': 0, 'not voting': 0})
  [32m✓[0m  AZ HB 2946 (57th-2nd-regular): vote tally matches on 2026-03-03 ({'yes': 0, 'no': 0, 'other': 0, 'absent': 0, 'excused': 0, 'not voting': 0})
  [32m✓[0m  AZ HB 2946 (57th-2nd-regular): vote tally matches on 2026-03-03 ({'yes': 26, 'no': 30, 'other': 0, 'absent': 0, 'excused': 0, 'not voting': 3})
  [32m✓[0m  AZ HB 2946 (57th-2nd-regular): vote tally matches on 2026-03-10 ({'yes': 0, 'no': 0, 'other': 0, 'absent': 0, 'excused': 0, 'not voting': 0})
  [32m✓[0m  AZ HB 2946 (57th-2nd-regular): vote tally matches on 2026-03-10 ({'yes': 0, 'no': 0, 'other': 0, 'absent': 0, 'excused': 0, 'not voting': 0})
  [32m✓[0m  AZ HB 2946 (57th-2nd-regular): vote tally matches on 2026-03-11 ({'yes': 31, 'no': 21, 'other': 0, 'absent': 0, 'excused': 0, 'not voting': 7})
  [32m✓[0m  AZ HB 2946 (57th-2nd-regular): vote tally matches on 2026-04-14 ({'yes': 0, 'no': 0, 'other': 0, 'absent': 0, 'excused': 0, 'not voting': 0})
  [32m✓[0m  AZ HB 2946 (57th-2nd-regular): vote tally matches on 2026-04-14 ({'yes': 27, 'no': 0, 'other': 0, 'absent': 0, 'excused': 0, 'not voting': 3})
  [32m✓[0m  AZ HB 2946 (57th-2nd-regular): vote tally matches on 2026-06-01 ({'yes': 38, 'no': 16, 'other': 0, 'absent': 0, 'excused': 0, 'not voting': 6})
  [32m✓[0m  AZ HB 2946 (57th-2nd-regular): vote tally matches on 2026-06-01 ({'yes': 0, 'no': 0, 'other': 0, 'absent': 0, 'excused': 0, 'not voting': 0})
  [32m✓[0m  AZ HB 2946 (57th-2nd-regular): sponsorship count matches (1)
  [32m✓[0m  AZ HB 2949 (57th-2nd-regular): title matches
  [32m✓[0m  AZ HB 2949 (57th-2nd-regular): latest_action matches
  [32m✓[0m  AZ HB 2949 (57th-2nd-regular): vote event count matches (0)
  [32m✓[0m  AZ HB 2949 (57th-2nd-regular): sponsorship count matches (24)
    ...225/500
  [32m✓[0m  AZ HB 2954 (57th-2nd-regular): title matches
  [32m✓[0m  AZ HB 2954 (57th-2nd-regular): latest_action matches
  [32m✓[0m  AZ HB 2954 (57th-2nd-regular): vote event count matches (0)
  [32m✓[0m  AZ HB 2954 (57th-2nd-regular): sponsorship count matches (1)
  [32m✓[0m  AZ HB 2960 (57th-2nd-regular): title matches
  [32m✓[0m  AZ HB 2960 (57th-2nd-regular): latest_action matches
  [32m✓[0m  AZ HB 2960 (57th-2nd-regular): vote event count matches (4)
  [32m✓[0m  AZ HB 2960 (57th-2nd-regular): vote tally matches on 2026-03-05 ({'yes': 0, 'no': 0, 'other': 0, 'absent': 0, 'excused': 0, 'not voting': 0})
  [32m✓[0m  AZ HB 2960 (57th-2nd-regular): vote tally matches on 2026-03-09 ({'yes': 37, 'no': 15, 'other': 0, 'absent': 0, 'excused': 0, 'not voting': 7})
  [32m✓[0m  AZ HB 2960 (57th-2nd-regular): vote tally matches on 2026-06-11 ({'yes': 0, 'no': 0, 'other': 0, 'absent': 0, 'excused': 0, 'not voting': 0})
  [32m✓[0m  AZ HB 2960 (57th-2nd-regular): vote tally matches on 2026-06-12 ({'yes': 28, 'no': 1, 'other': 0, 'absent': 0, 'excused': 0, 'not voting': 1})
  [32m✓[0m  AZ HB 2960 (57th-2nd-regular): sponsorship count matches (14)
  [32m✓[0m  AZ HB 2961 (57th-2nd-regular): title matches
  [32m✓[0m  AZ HB 2961 (57th-2nd-regular): latest_action matches
  [32m✓[0m  AZ HB 2961 (57th-2nd-regular): vote event count matches (0)
  [32m✓[0m  AZ HB 2961 (57th-2nd-regular): sponsorship count matches (11)
  [32m✓[0m  AZ HB 2969 (57th-2nd-regular): title matches
  [32m✓[0m  AZ HB 2969 (57th-2nd-regular): latest_action matches
  [32m✓[0m  AZ HB 2969 (57th-2nd-regular): vote event count matches (0)
  [32m✓[0m  AZ HB 2969 (57th-2nd-regular): sponsorship count matches (3)
  [32m✓[0m  AZ HB 2970 (57th-2nd-regular): title matches
  [32m✓[0m  AZ HB 2970 (57th-2nd-regular): latest_action matches
  [32m✓[0m  AZ HB 2970 (57th-2nd-regular): vote event count matches (4)
  [32m✓[0m  AZ HB 2970 (57th-2nd-regular): vote tally matches on 2026-02-24 ({'yes': 0, 'no': 0, 'other': 0, 'absent': 0, 'excused': 0, 'not voting': 0})
  [32m✓[0m  AZ HB 2970 (57th-2nd-regular): vote tally matches on 2026-02-24 ({'yes': 0, 'no': 0, 'other': 0, 'absent': 0, 'excused': 0, 'not voting': 0})
  [32m✓[0m  AZ HB 2970 (57th-2nd-regular): vote tally matches on 2026-02-26 ({'yes': 31, 'no': 22, 'other': 0, 'absent': 0, 'excused': 0, 'not voting': 7})
  [32m✓[0m  AZ HB 2970 (57th-2nd-regular): vote tally matches on 2026-06-09 ({'yes': 16, 'no': 13, 'other': 0, 'absent': 0, 'excused': 0, 'not voting': 1})
  [32m✓[0m  AZ HB 2970 (57th-2nd-regular): sponsorship count matches (1)
  [32m✓[0m  AZ HB 2971 (57th-2nd-regular): title matches
  [32m✓[0m  AZ HB 2971 (57th-2nd-regular): latest_action matches
  [32m✓[0m  AZ HB 2971 (57th-2nd-regular): vote event count matches (0)
  [32m✓[0m  AZ HB 2971 (57th-2nd-regular): sponsorship count matches (1)
  [32m✓[0m  AZ HB 2974 (57th-2nd-regular): title matches
  [32m✓[0m  AZ HB 2974 (57th-2nd-regular): latest_action matches
  [32m✓[0m  AZ HB 2974 (57th-2nd-regular): vote event count matches (0)
  [32m✓[0m  AZ HB 2974 (57th-2nd-regular): sponsorship count matches (3)
  [32m✓[0m  AZ HB 2975 (57th-2nd-regular): title matches
  [32m✓[0m  AZ HB 2975 (57th-2nd-regular): latest_action matches
  [32m✓[0m  AZ HB 2975 (57th-2nd-regular): vote event count matches (3)
  [32m✓[0m  AZ HB 2975 (57th-2nd-regular): vote tally matches on 2026-02-24 ({'yes': 0, 'no': 0, 'other': 0, 'absent': 0, 'excused': 0, 'not voting': 0})
  [32m✓[0m  AZ HB 2975 (57th-2nd-regular): vote tally matches on 2026-02-26 ({'yes': 31, 'no': 22, 'other': 0, 'absent': 0, 'excused': 0, 'not voting': 7})
  [32m✓[0m  AZ HB 2975 (57th-2nd-regular): vote tally matches on 2026-04-13 ({'yes': 0, 'no': 0, 'other': 0, 'absent': 0, 'excused': 0, 'not voting': 0})
  [32m✓[0m  AZ HB 2975 (57th-2nd-regular): sponsorship count matches (2)
  [32m✓[0m  AZ HB 2977 (57th-2nd-regular): title matches
  [32m✓[0m  AZ HB 2977 (57th-2nd-regular): latest_action matches
  [32m✓[0m  AZ HB 2977 (57th-2nd-regular): vote event count matches (0)
  [32m✓[0m  AZ HB 2977 (57th-2nd-regular): sponsorship count matches (13)
  [32m✓[0m  AZ HB 2980 (57th-2nd-regular): title matches
  [32m✓[0m  AZ HB 2980 (57th-2nd-regular): latest_action matches
  [32m✓[0m  AZ HB 2980 (57th-2nd-regular): vote event count matches (0)
  [32m✓[0m  AZ HB 2980 (57th-2nd-regular): sponsorship count matches (1)
  [32m✓[0m  AZ HB 2981 (57th-2nd-regular): title matches
  [32m✓[0m  AZ HB 2981 (57th-2nd-regular): latest_action matches
  [32m✓[0m  AZ HB 2981 (57th-2nd-regular): vote event count matches (0)
  [32m✓[0m  AZ HB 2981 (57th-2nd-regular): sponsorship count matches (1)
  [32m✓[0m  AZ HB 2985 (57th-2nd-regular): title matches
  [32m✓[0m  AZ HB 2985 (57th-2nd-regular): latest_action matches
  [32m✓[0m  AZ HB 2985 (57th-2nd-regular): vote event count matches (3)
  [32m✓[0m  AZ HB 2985 (57th-2nd-regular): vote tally matches on 2026-02-23 ({'yes': 32, 'no': 25, 'other': 0, 'absent': 0, 'excused': 0, 'not voting': 3})
  [32m✓[0m  AZ HB 2985 (57th-2nd-regular): vote tally matches on 2026-04-08 ({'yes': 0, 'no': 0, 'other': 0, 'absent': 0, 'excused': 0, 'not voting': 0})
  [32m✓[0m  AZ HB 2985 (57th-2nd-regular): vote tally matches on 2026-04-08 ({'yes': 16, 'no': 12, 'other': 0, 'absent': 0, 'excused': 0, 'not voting': 2})
  [32m✓[0m  AZ HB 2985 (57th-2nd-regular): sponsorship count matches (1)
  [32m✓[0m  AZ HB 2989 (57th-2nd-regular): title matches
  [32m✓[0m  AZ HB 2989 (57th-2nd-regular): latest_action matches
  [32m✓[0m  AZ HB 2989 (57th-2nd-regular): vote event count matches (0)
  [32m✓[0m  AZ HB 2989 (57th-2nd-regular): sponsorship count matches (1)
  [32m✓[0m  AZ HB 2992 (57th-2nd-regular): title matches
  [32m✓[0m  AZ HB 2992 (57th-2nd-regular): latest_action matches
  [32m✓[0m  AZ HB 2992 (57th-2nd-regular): vote event count matches (6)
  [32m✓[0m  AZ HB 2992 (57th-2nd-regular): vote tally matches on 2026-02-25 ({'yes': 0, 'no': 0, 'other': 0, 'absent': 0, 'excused': 0, 'not voting': 0})
  [32m✓[0m  AZ HB 2992 (57th-2nd-regular): vote tally matches on 2026-03-02 ({'yes': 25, 'no': 31, 'other': 0, 'absent': 0, 'excused': 0, 'not voting': 3})
  [32m✓[0m  AZ HB 2992 (57th-2nd-regular): vote tally matches on 2026-03-02 ({'yes': 0, 'no': 0, 'other': 0, 'absent': 0, 'excused': 0, 'not voting': 0})
  [32m✓[0m  AZ HB 2992 (57th-2nd-regular): vote tally matches on 2026-03-17 ({'yes': 0, 'no': 0, 'other': 0, 'absent': 0, 'excused': 0, 'not voting': 0})
  [32m✓[0m  AZ HB 2992 (57th-2nd-regular): vote tally matches on 2026-03-17 ({'yes': 0, 'no': 0, 'other': 0, 'absent': 0, 'excused': 0, 'not voting': 0})
  [32m✓[0m  AZ HB 2992 (57th-2nd-regular): vote tally matches on 2026-03-18 ({'yes': 35, 'no': 20, 'other': 0, 'absent': 0, 'excused': 0, 'not voting': 5})
  [32m✓[0m  AZ HB 2992 (57th-2nd-regular): sponsorship count matches (1)
  [32m✓[0m  AZ HB 2996 (57th-2nd-regular): title matches
  [32m✓[0m  AZ HB 2996 (57th-2nd-regular): latest_action matches
  [32m✓[0m  AZ HB 2996 (57th-2nd-regular): vote event count matches (3)
  [32m✓[0m  AZ HB 2996 (57th-2nd-regular): vote tally matches on 2026-02-25 ({'yes': 0, 'no': 0, 'other': 0, 'absent': 0, 'excused': 0, 'not voting': 0})
  [32m✓[0m  AZ HB 2996 (57th-2nd-regular): vote tally matches on 2026-02-26 ({'yes': 52, 'no': 0, 'other': 0, 'absent': 0, 'excused': 0, 'not voting': 8})
  [32m✓[0m  AZ HB 2996 (57th-2nd-regular): vote tally matches on 2026-06-01 ({'yes': 26, 'no': 0, 'other': 0, 'absent': 0, 'excused': 0, 'not voting': 4})
  [32m✓[0m  AZ HB 2996 (57th-2nd-regular): sponsorship count matches (1)
  [32m✓[0m  AZ HB 2997 (57th-2nd-regular): title matches
  [32m✓[0m  AZ HB 2997 (57th-2nd-regular): latest_action matches
  [32m✓[0m  AZ HB 2997 (57th-2nd-regular): vote event count matches (0)
  [32m✓[0m  AZ HB 2997 (57th-2nd-regular): sponsorship count matches (1)
  [32m✓[0m  AZ HB 2999 (57th-2nd-regular): title matches
  [32m✓[0m  AZ HB 2999 (57th-2nd-regular): latest_action matches
  [32m✓[0m  AZ HB 2999 (57th-2nd-regular): vote event count matches (9)
  [32m✓[0m  AZ HB 2999 (57th-2nd-regular): vote tally matches on 2026-02-25 ({'yes': 0, 'no': 0, 'other': 0, 'absent': 0, 'excused': 0, 'not voting': 0})
  [32m✓[0m  AZ HB 2999 (57th-2nd-regular): vote tally matches on 2026-03-05 ({'yes': 0, 'no': 0, 'other': 0, 'absent': 0, 'excused': 0, 'not voting': 0})
  [32m✓[0m  AZ HB 2999 (57th-2nd-regular): vote tally matches on 2026-03-16 ({'yes': 0, 'no': 0, 'other': 0, 'absent': 0, 'excused': 0, 'not voting': 0})
  [32m✓[0m  AZ HB 2999 (57th-2nd-regular): vote tally matches on 2026-03-16 ({'yes': 0, 'no': 0, 'other': 0, 'absent': 0, 'excused': 0, 'not voting': 0})
  [32m✓[0m  AZ HB 2999 (57th-2nd-regular): vote tally matches on 2026-03-17 ({'yes': 32, 'no': 21, 'other': 0, 'absent': 0, 'excused': 0, 'not voting': 6})
  [32m✓[0m  AZ HB 2999 (57th-2nd-regular): vote tally matches on 2026-04-14 ({'yes': 0, 'no': 0, 'other': 0, 'absent': 0, 'excused': 0, 'not voting': 0})
  [32m✓[0m  AZ HB 2999 (57th-2nd-regular): vote tally matches on 2026-04-14 ({'yes': 21, 'no': 6, 'other': 0, 'absent': 0, 'excused': 0, 'not voting': 3})
  [32m✓[0m  AZ HB 2999 (57th-2nd-regular): vote tally matches on 2026-06-01 ({'yes': 0, 'no': 0, 'other': 0, 'absent': 0, 'excused': 0, 'not voting': 0})
  [32m✓[0m  AZ HB 2999 (57th-2nd-regular): vote tally matches on 2026-06-01 ({'yes': 45, 'no': 9, 'other': 0, 'absent': 0, 'excused': 0, 'not voting': 6})
  [32m✓[0m  AZ HB 2999 (57th-2nd-regular): sponsorship count matches (1)
  [32m✓[0m  AZ HB 4012 (57th-2nd-regular): title matches
  [32m✓[0m  AZ HB 4012 (57th-2nd-regular): latest_action matches
  [32m✓[0m  AZ HB 4012 (57th-2nd-regular): vote event count matches (0)
  [32m✓[0m  AZ HB 4012 (57th-2nd-regular): sponsorship count matches (1)
  [32m✓[0m  AZ HB 4013 (57th-2nd-regular): title matches
  [32m✓[0m  AZ HB 4013 (57th-2nd-regular): latest_action matches
  [32m✓[0m  AZ HB 4013 (57th-2nd-regular): vote event count matches (0)
  [32m✓[0m  AZ HB 4013 (57th-2nd-regular): sponsorship count matches (27)
  [32m✓[0m  AZ HB 4017 (57th-2nd-regular): title matches
  [32m✓[0m  AZ HB 4017 (57th-2nd-regular): latest_action matches
  [32m✓[0m  AZ HB 4017 (57th-2nd-regular): vote event count matches (1)
  [32m✓[0m  AZ HB 4017 (57th-2nd-regular): vote tally matches on 2026-02-26 ({'yes': 47, 'no': 7, 'other': 0, 'absent': 0, 'excused': 0, 'not voting': 6})
  [32m✓[0m  AZ HB 4017 (57th-2nd-regular): sponsorship count matches (1)
  [32m✓[0m  AZ HB 4023 (57th-2nd-regular): title matches
  [32m✓[0m  AZ HB 4023 (57th-2nd-regular): latest_action matches
  [32m✓[0m  AZ HB 4023 (57th-2nd-regular): vote event count matches (0)
  [32m✓[0m  AZ HB 4023 (57th-2nd-regular): sponsorship count matches (1)
  [32m✓[0m  AZ HB 4029 (57th-2nd-regular): title matches
  [32m✓[0m  AZ HB 4029 (57th-2nd-regular): latest_action matches
  [32m✓[0m  AZ HB 4029 (57th-2nd-regular): vote event count matches (2)
  [32m✓[0m  AZ HB 4029 (57th-2nd-regular): vote tally matches on 2026-02-23 ({'yes': 0, 'no': 0, 'other': 0, 'absent': 0, 'excused': 0, 'not voting': 0})
  [32m✓[0m  AZ HB 4029 (57th-2nd-regular): vote tally matches on 2026-02-26 ({'yes': 31, 'no': 23, 'other': 0, 'absent': 0, 'excused': 0, 'not voting': 6})
  [32m✓[0m  AZ HB 4029 (57th-2nd-regular): sponsorship count matches (1)
  [32m✓[0m  AZ HB 4040 (57th-2nd-regular): title matches
  [32m✓[0m  AZ HB 4040 (57th-2nd-regular): latest_action matches
  [32m✓[0m  AZ HB 4040 (57th-2nd-regular): vote event count matches (0)
  [32m✓[0m  AZ HB 4040 (57th-2nd-regular): sponsorship count matches (1)
  [32m✓[0m  AZ HB 4044 (57th-2nd-regular): title matches
  [32m✓[0m  AZ HB 4044 (57th-2nd-regular): latest_action matches
  [32m✓[0m  AZ HB 4044 (57th-2nd-regular): vote event count matches (2)
  [32m✓[0m  AZ HB 4044 (57th-2nd-regular): vote tally matches on 2026-03-05 ({'yes': 0, 'no': 0, 'other': 0, 'absent': 0, 'excused': 0, 'not voting': 0})
  [32m✓[0m  AZ HB 4044 (57th-2nd-regular): vote tally matches on 2026-03-09 ({'yes': 35, 'no': 17, 'other': 0, 'absent': 0, 'excused': 0, 'not voting': 7})
  [32m✓[0m  AZ HB 4044 (57th-2nd-regular): sponsorship count matches (1)
  [32m✓[0m  AZ HB 4045 (57th-2nd-regular): title matches
  [32m✓[0m  AZ HB 4045 (57th-2nd-regular): latest_action matches
  [32m✓[0m  AZ HB 4045 (57th-2nd-regular): vote event count matches (0)
  [32m✓[0m  AZ HB 4045 (57th-2nd-regular): sponsorship count matches (1)
    ...250/500
  [32m✓[0m  AZ HB 4063 (57th-2nd-regular): title matches
  [32m✓[0m  AZ HB 4063 (57th-2nd-regular): latest_action matches
  [32m✓[0m  AZ HB 4063 (57th-2nd-regular): vote event count matches (0)
  [32m✓[0m  AZ HB 4063 (57th-2nd-regular): sponsorship count matches (1)
  [32m✓[0m  AZ HB 4067 (57th-2nd-regular): title matches
  [32m✓[0m  AZ HB 4067 (57th-2nd-regular): latest_action matches
  [32m✓[0m  AZ HB 4067 (57th-2nd-regular): vote event count matches (3)
  [32m✓[0m  AZ HB 4067 (57th-2nd-regular): vote tally matches on 2026-02-25 ({'yes': 0, 'no': 0, 'other': 0, 'absent': 0, 'excused': 0, 'not voting': 0})
  [32m✓[0m  AZ HB 4067 (57th-2nd-regular): vote tally matches on 2026-03-02 ({'yes': 31, 'no': 25, 'other': 0, 'absent': 0, 'excused': 0, 'not voting': 3})
  [32m✓[0m  AZ HB 4067 (57th-2nd-regular): vote tally matches on 2026-04-15 ({'yes': 0, 'no': 0, 'other': 0, 'absent': 0, 'excused': 0, 'not voting': 0})
  [32m✓[0m  AZ HB 4067 (57th-2nd-regular): sponsorship count matches (1)
  [32m✓[0m  AZ HB 4078 (57th-2nd-regular): title matches
  [32m✓[0m  AZ HB 4078 (57th-2nd-regular): latest_action matches
  [32m✓[0m  AZ HB 4078 (57th-2nd-regular): vote event count matches (0)
  [32m✓[0m  AZ HB 4078 (57th-2nd-regular): sponsorship count matches (3)
  [32m✓[0m  AZ HB 4080 (57th-2nd-regular): title matches
  [32m✓[0m  AZ HB 4080 (57th-2nd-regular): latest_action matches
  [32m✓[0m  AZ HB 4080 (57th-2nd-regular): vote event count matches (0)
  [32m✓[0m  AZ HB 4080 (57th-2nd-regular): sponsorship count matches (2)
  [32m✓[0m  AZ HB 4091 (57th-2nd-regular): title matches
  [32m✓[0m  AZ HB 4091 (57th-2nd-regular): latest_action matches
  [32m✓[0m  AZ HB 4091 (57th-2nd-regular): vote event count matches (0)
  [32m✓[0m  AZ HB 4091 (57th-2nd-regular): sponsorship count matches (7)
  [32m✓[0m  AZ HB 4092 (57th-2nd-regular): title matches
  [32m✓[0m  AZ HB 4092 (57th-2nd-regular): latest_action matches
  [32m✓[0m  AZ HB 4092 (57th-2nd-regular): vote event count matches (0)
  [32m✓[0m  AZ HB 4092 (57th-2nd-regular): sponsorship count matches (1)
  [32m✓[0m  AZ HB 4103 (57th-2nd-regular): title matches
  [32m✓[0m  AZ HB 4103 (57th-2nd-regular): latest_action matches
  [32m✓[0m  AZ HB 4103 (57th-2nd-regular): vote event count matches (2)
  [32m✓[0m  AZ HB 4103 (57th-2nd-regular): vote tally matches on 2026-02-25 ({'yes': 0, 'no': 0, 'other': 0, 'absent': 0, 'excused': 0, 'not voting': 0})
  [32m✓[0m  AZ HB 4103 (57th-2nd-regular): vote tally matches on 2026-03-03 ({'yes': 32, 'no': 24, 'other': 0, 'absent': 0, 'excused': 0, 'not voting': 3})
  [32m✓[0m  AZ HB 4103 (57th-2nd-regular): sponsorship count matches (1)
  [32m✓[0m  AZ HB 4104 (57th-2nd-regular): title matches
  [32m✓[0m  AZ HB 4104 (57th-2nd-regular): latest_action matches
  [32m✓[0m  AZ HB 4104 (57th-2nd-regular): vote event count matches (0)
  [32m✓[0m  AZ HB 4104 (57th-2nd-regular): sponsorship count matches (4)
  [32m✓[0m  AZ HB 4105 (57th-2nd-regular): title matches
  [32m✓[0m  AZ HB 4105 (57th-2nd-regular): latest_action matches
  [32m✓[0m  AZ HB 4105 (57th-2nd-regular): vote event count matches (0)
  [32m✓[0m  AZ HB 4105 (57th-2nd-regular): sponsorship count matches (2)
  [32m✓[0m  AZ HB 4111 (57th-2nd-regular): title matches
  [32m✓[0m  AZ HB 4111 (57th-2nd-regular): latest_action matches
  [32m✓[0m  AZ HB 4111 (57th-2nd-regular): vote event count matches (0)
  [32m✓[0m  AZ HB 4111 (57th-2nd-regular): sponsorship count matches (12)
  [32m✓[0m  AZ HB 4113 (57th-2nd-regular): title matches
  [32m✓[0m  AZ HB 4113 (57th-2nd-regular): latest_action matches
  [32m✓[0m  AZ HB 4113 (57th-2nd-regular): vote event count matches (0)
  [32m✓[0m  AZ HB 4113 (57th-2nd-regular): sponsorship count matches (1)
  [32m✓[0m  AZ HB 4122 (57th-2nd-regular): title matches
  [32m✓[0m  AZ HB 4122 (57th-2nd-regular): latest_action matches
  [32m✓[0m  AZ HB 4122 (57th-2nd-regular): vote event count matches (0)
  [32m✓[0m  AZ HB 4122 (57th-2nd-regular): sponsorship count matches (6)
  [32m✓[0m  AZ HB 4123 (57th-2nd-regular): title matches
  [32m✓[0m  AZ HB 4123 (57th-2nd-regular): latest_action matches
  [32m✓[0m  AZ HB 4123 (57th-2nd-regular): vote event count matches (0)
  [32m✓[0m  AZ HB 4123 (57th-2nd-regular): sponsorship count matches (13)
  [32m✓[0m  AZ HB 4132 (57th-2nd-regular): title matches
  [32m✓[0m  AZ HB 4132 (57th-2nd-regular): latest_action matches
  [32m✓[0m  AZ HB 4132 (57th-2nd-regular): vote event count matches (0)
  [32m✓[0m  AZ HB 4132 (57th-2nd-regular): sponsorship count matches (16)
  [32m✓[0m  AZ HB 4134 (57th-2nd-regular): title matches
  [32m✓[0m  AZ HB 4134 (57th-2nd-regular): latest_action matches
  [32m✓[0m  AZ HB 4134 (57th-2nd-regular): vote event count matches (0)
  [32m✓[0m  AZ HB 4134 (57th-2nd-regular): sponsorship count matches (1)
  [32m✓[0m  AZ HB 4144 (57th-2nd-regular): title matches
  [32m✓[0m  AZ HB 4144 (57th-2nd-regular): latest_action matches
  [32m✓[0m  AZ HB 4144 (57th-2nd-regular): vote event count matches (4)
  [32m✓[0m  AZ HB 4144 (57th-2nd-regular): vote tally matches on 2026-04-29 ({'yes': 33, 'no': 20, 'other': 0, 'absent': 0, 'excused': 0, 'not voting': 7})
  [32m✓[0m  AZ HB 4144 (57th-2nd-regular): vote tally matches on 2026-04-29 ({'yes': 0, 'no': 0, 'other': 0, 'absent': 0, 'excused': 0, 'not voting': 0})
  [33m~[0m  AZ HB 4144 (57th-2nd-regular): vote tally differs on 2026-05-04  [local={'yes': 0, 'no': 0, 'other': 0, 'absent': 0, 'excused': 0, 'not voting': 0} live={'yes': 16, 'no': 12, 'other': 0, 'absent': 0, 'excused': 0, 'not voting': 2} | Analise Ortiz (no): live only; Brian Fernandez (no): live only; Carine Werner (yes): live only; Catherine Miranda (no): live only; David C. Farnsworth (yes): live only; David Gowan (yes): live only; Denise “Mitzi” Epstein (other): live only; Eva Diaz (no): live only; Flavio Bravo (no): live only; Frank Carroll (yes): live only; Hildy Angius (yes): live only; J.D. Mesnard (yes): live only; Jake Hoffman (yes): live only; Janae Shamp (other): live only; John Kavanagh (yes): live only; Kevin Payne (yes): live only; Kiana Sears (no): live only; Lauren Kuby (no): live only; Lela Alston (no): live only; Mark Finchem (yes): live only; Priya Sundareshan (no): live only; Rosanna Gabaldón (no): live only; Sally Ann Gonzales (no): live only; Shawnna Bolick (yes): live only; Theresa Hatathlie (no): live only; Thomas "T.J." Shope (yes): live only; Timothy "Tim" Dunn (yes): live only; Venden "Vince" Leach (yes): live only; Warren Petersen (yes): live only; Wendy Rogers (yes): live only | 15 other local bill(s) share this signature on 2026-05-04]
  [33m~[0m  AZ HB 4144 (57th-2nd-regular): vote tally differs on 2026-05-04  [local={'yes': 16, 'no': 12, 'other': 0, 'absent': 0, 'excused': 0, 'not voting': 2} live={'yes': 0, 'no': 0, 'other': 0, 'absent': 0, 'excused': 0, 'not voting': 0} | Analise Ortiz (no): local only; Brian Fernandez (no): local only; Carine Werner (yes): local only; Catherine Miranda (no): local only; David C. Farnsworth (yes): local only; David Gowan (yes): local only; Denise “Mitzi” Epstein (other): local only; Eva Diaz (no): local only; Flavio Bravo (no): local only; Frank Carroll (yes): local only; Hildy Angius (yes): local only; J.D. Mesnard (yes): local only; Jake Hoffman (yes): local only; Janae Shamp (other): local only; John Kavanagh (yes): local only; Kevin Payne (yes): local only; Kiana Sears (no): local only; Lauren Kuby (no): local only; Lela Alston (no): local only; Mark Finchem (yes): local only; Priya Sundareshan (no): local only; Rosanna Gabaldón (no): local only; Sally Ann Gonzales (no): local only; Shawnna Bolick (yes): local only; Theresa Hatathlie (no): local only; Thomas "T.J." Shope (yes): local only; Timothy "Tim" Dunn (yes): local only; Venden "Vince" Leach (yes): local only; Warren Petersen (yes): local only; Wendy Rogers (yes): local only | 15 other local bill(s) share this signature on 2026-05-04]
  [32m✓[0m  AZ HB 4144 (57th-2nd-regular): sponsorship count matches (5)
  [32m✓[0m  AZ HB 4154 (57th-2nd-regular): title matches
  [32m✓[0m  AZ HB 4154 (57th-2nd-regular): latest_action matches
  [32m✓[0m  AZ HB 4154 (57th-2nd-regular): vote event count matches (1)
  [32m✓[0m  AZ HB 4154 (57th-2nd-regular): vote tally matches on 2026-06-11 ({'yes': 0, 'no': 0, 'other': 0, 'absent': 0, 'excused': 0, 'not voting': 0})
  [32m✓[0m  AZ HB 4154 (57th-2nd-regular): sponsorship count matches (5)
  [32m✓[0m  AZ HB 4157 (57th-2nd-regular): title matches
  [32m✓[0m  AZ HB 4157 (57th-2nd-regular): latest_action matches
  [32m✓[0m  AZ HB 4157 (57th-2nd-regular): vote event count matches (4)
  [33m~[0m  AZ HB 4157 (57th-2nd-regular): vote tally differs on 2026-06-11  [local={'yes': 0, 'no': 0, 'other': 0, 'absent': 0, 'excused': 0, 'not voting': 0} live={'yes': 23, 'no': 5, 'other': 0, 'absent': 0, 'excused': 0, 'not voting': 2} | Analise Ortiz (no): live only; Brian Fernandez (yes): live only; Carine Werner (yes): live only; Catherine Miranda (no): live only; David C. Farnsworth (yes): live only; David Gowan (yes): live only; Denise “Mitzi” Epstein (no): live only; Eva Diaz (no): live only; Flavio Bravo (yes): live only; Frank Carroll (yes): live only; Hildy Angius (yes): live only; J.D. Mesnard (yes): live only; Jake Hoffman (yes): live only; Janae Shamp (other): live only; John Kavanagh (yes): live only; Kevin Payne (yes): live only; Kiana Sears (yes): live only; Lauren Kuby (yes): live only; Lela Alston (yes): live only; Mark Finchem (yes): live only; Priya Sundareshan (yes): live only; Rosanna Gabaldón (yes): live only; Sally Ann Gonzales (no): live only; Shawnna Bolick (yes): live only; Theresa Hatathlie (other): live only; Thomas "T.J." Shope (yes): live only; Timothy "Tim" Dunn (yes): live only; Venden "Vince" Leach (yes): live only; Warren Petersen (yes): live only; Wendy Rogers (yes): live only | 35 other local bill(s) share this signature on 2026-06-11]
  [33m~[0m  AZ HB 4157 (57th-2nd-regular): vote tally differs on 2026-06-11  [local={'yes': 23, 'no': 5, 'other': 0, 'absent': 0, 'excused': 0, 'not voting': 2} live={'yes': 0, 'no': 0, 'other': 0, 'absent': 0, 'excused': 0, 'not voting': 0} | Analise Ortiz (no): local only; Brian Fernandez (yes): local only; Carine Werner (yes): local only; Catherine Miranda (no): local only; David C. Farnsworth (yes): local only; David Gowan (yes): local only; Denise “Mitzi” Epstein (no): local only; Eva Diaz (no): local only; Flavio Bravo (yes): local only; Frank Carroll (yes): local only; Hildy Angius (yes): local only; J.D. Mesnard (yes): local only; Jake Hoffman (yes): local only; Janae Shamp (other): local only; John Kavanagh (yes): local only; Kevin Payne (yes): local only; Kiana Sears (yes): local only; Lauren Kuby (yes): local only; Lela Alston (yes): local only; Mark Finchem (yes): local only; Priya Sundareshan (yes): local only; Rosanna Gabaldón (yes): local only; Sally Ann Gonzales (no): local only; Shawnna Bolick (yes): local only; Theresa Hatathlie (other): local only; Thomas "T.J." Shope (yes): local only; Timothy "Tim" Dunn (yes): local only; Venden "Vince" Leach (yes): local only; Warren Petersen (yes): local only; Wendy Rogers (yes): local only | 35 other local bill(s) share this signature on 2026-06-11]
  [32m✓[0m  AZ HB 4157 (57th-2nd-regular): vote tally matches on 2026-06-11 ({'yes': 49, 'no': 8, 'other': 0, 'absent': 0, 'excused': 0, 'not voting': 3})
  [32m✓[0m  AZ HB 4157 (57th-2nd-regular): vote tally matches on 2026-06-11 ({'yes': 0, 'no': 0, 'other': 0, 'absent': 0, 'excused': 0, 'not voting': 0})
  [32m✓[0m  AZ HB 4157 (57th-2nd-regular): sponsorship count matches (5)
  [32m✓[0m  AZ HB 4162 (57th-2nd-regular): title matches
  [32m✓[0m  AZ HB 4162 (57th-2nd-regular): latest_action matches
  [32m✓[0m  AZ HB 4162 (57th-2nd-regular): vote event count matches (4)
  [33m~[0m  AZ HB 4162 (57th-2nd-regular): vote tally differs on 2026-06-11  [local={'yes': 50, 'no': 8, 'other': 0, 'absent': 0, 'excused': 0, 'not voting': 2} live={'yes': 23, 'no': 5, 'other': 0, 'absent': 0, 'excused': 0, 'not voting': 2} | Aaron Márquez (no): local only; Alexander Kolodin (yes): local only; Alma Hernandez (no): local only; Anna Abeytia (no): local only; Betty J Villegas (yes): local only; Beverly Pingerelli (yes): local only; Brian Garcia (yes): local only; Cesar Aguilar (no): local only; Chris Lopez (yes): local only; Christopher Mathis (yes): local only; Cody Reim (yes): local only; Consuelo Hernandez (no): local only; David Livingston (yes): local only; Elda Luna-Nájera (no): local only; Gail Griffin (yes): local only; James Taylor (yes): local only; Janeen Connolly (yes): local only; Jeff Weninger (yes): local only; John Gillette (yes): local only; Julie Willoughby (yes): local only; Junelle Cavero (yes): local only; Justin Olson (yes): local only; Justin Wilmeth (yes): local only; Kevin Volk (yes): local only; Khyl Powell (yes): local only; Laurin Hendrix (yes): local only; Leo Biasiucci (yes): local only; Lisa Fink (yes): local only; Lorena Austin (yes): local only; Lupe Contreras (yes): local only; Lupe Diaz (yes): local only; Lydia Hernandez (no): local only; Mae Peshlakai (yes): local only; Mariana Sandoval (no): local only; Matt Gress (yes): local only; Michael Carbone (yes): local only; Michael Way (other): local only; Michele Peña (yes): local only; Myron Tsosie (yes): local only; Nancy Gutierrez (other): local only; Neal Carter (yes): local only; Nick Kupper (yes): local only; Oscar De Los Santos (yes): local only; Pamela Carter (yes): local only; Patty Contreras (yes): local only; Quang H Nguyen (yes): local only; Quantá Crews (yes): local only; Rachel Keshel (yes): local only; Ralph Heap (yes): local only; Sarah Liguori (yes): local only; Selina Bliss (yes): local only; Seth Blattman (yes): local only; Stacey Travers (yes): local only; Stephanie Simacek (yes): local only; Stephanie Stahl Hamilton (yes): local only; Steve Montenegro (yes): local only; Sylvia Allen (yes): local only; Teresa Martinez (yes): local only; Tony Rivero (yes): local only; Walt Blackman (yes): local only; Analise Ortiz (no): live only; Brian Fernandez (yes): live only; Carine Werner (yes): live only; Catherine Miranda (no): live only; David C. Farnsworth (yes): live only; David Gowan (yes): live only; Denise “Mitzi” Epstein (no): live only; Eva Diaz (no): live only; Flavio Bravo (yes): live only; Frank Carroll (yes): live only; Hildy Angius (yes): live only; J.D. Mesnard (yes): live only; Jake Hoffman (yes): live only; Janae Shamp (other): live only; John Kavanagh (yes): live only; Kevin Payne (yes): live only; Kiana Sears (yes): live only; Lauren Kuby (yes): live only; Lela Alston (yes): live only; Mark Finchem (yes): live only; Priya Sundareshan (yes): live only; Rosanna Gabaldón (yes): live only; Sally Ann Gonzales (no): live only; Shawnna Bolick (yes): live only; Theresa Hatathlie (other): live only; Thomas "T.J." Shope (yes): live only; Timothy "Tim" Dunn (yes): live only; Venden "Vince" Leach (yes): live only; Warren Petersen (yes): live only; Wendy Rogers (yes): live only | 107 other local bill(s) share this signature on 2026-06-11]
  [33m~[0m  AZ HB 4162 (57th-2nd-regular): vote tally differs on 2026-06-11  [local={'yes': 23, 'no': 5, 'other': 0, 'absent': 0, 'excused': 0, 'not voting': 2} live={'yes': 0, 'no': 0, 'other': 0, 'absent': 0, 'excused': 0, 'not voting': 0} | Analise Ortiz (no): local only; Brian Fernandez (yes): local only; Carine Werner (yes): local only; Catherine Miranda (no): local only; David C. Farnsworth (yes): local only; David Gowan (yes): local only; Denise “Mitzi” Epstein (no): local only; Eva Diaz (no): local only; Flavio Bravo (yes): local only; Frank Carroll (yes): local only; Hildy Angius (yes): local only; J.D. Mesnard (yes): local only; Jake Hoffman (yes): local only; Janae Shamp (other): local only; John Kavanagh (yes): local only; Kevin Payne (yes): local only; Kiana Sears (yes): local only; Lauren Kuby (yes): local only; Lela Alston (yes): local only; Mark Finchem (yes): local only; Priya Sundareshan (yes): local only; Rosanna Gabaldón (yes): local only; Sally Ann Gonzales (no): local only; Shawnna Bolick (yes): local only; Theresa Hatathlie (other): local only; Thomas "T.J." Shope (yes): local only; Timothy "Tim" Dunn (yes): local only; Venden "Vince" Leach (yes): local only; Warren Petersen (yes): local only; Wendy Rogers (yes): local only | 35 other local bill(s) share this signature on 2026-06-11]
  [33m~[0m  AZ HB 4162 (57th-2nd-regular): vote tally differs on 2026-06-11  [local={'yes': 0, 'no': 0, 'other': 0, 'absent': 0, 'excused': 0, 'not voting': 0} live={'yes': 50, 'no': 8, 'other': 0, 'absent': 0, 'excused': 0, 'not voting': 2} | Aaron Márquez (no): live only; Alexander Kolodin (yes): live only; Alma Hernandez (no): live only; Anna Abeytia (no): live only; Betty J Villegas (yes): live only; Beverly Pingerelli (yes): live only; Brian Garcia (yes): live only; Cesar Aguilar (no): live only; Chris Lopez (yes): live only; Christopher Mathis (yes): live only; Cody Reim (yes): live only; Consuelo Hernandez (no): live only; David Livingston (yes): live only; Elda Luna-Nájera (no): live only; Gail Griffin (yes): live only; James Taylor (yes): live only; Janeen Connolly (yes): live only; Jeff Weninger (yes): live only; John Gillette (yes): live only; Julie Willoughby (yes): live only; Junelle Cavero (yes): live only; Justin Olson (yes): live only; Justin Wilmeth (yes): live only; Kevin Volk (yes): live only; Khyl Powell (yes): live only; Laurin Hendrix (yes): live only; Leo Biasiucci (yes): live only; Lisa Fink (yes): live only; Lorena Austin (yes): live only; Lupe Contreras (yes): live only; Lupe Diaz (yes): live only; Lydia Hernandez (no): live only; Mae Peshlakai (yes): live only; Mariana Sandoval (no): live only; Matt Gress (yes): live only; Michael Carbone (yes): live only; Michael Way (other): live only; Michele Peña (yes): live only; Myron Tsosie (yes): live only; Nancy Gutierrez (other): live only; Neal Carter (yes): live only; Nick Kupper (yes): live only; Oscar De Los Santos (yes): live only; Pamela Carter (yes): live only; Patty Contreras (yes): live only; Quang H Nguyen (yes): live only; Quantá Crews (yes): live only; Rachel Keshel (yes): live only; Ralph Heap (yes): live only; Sarah Liguori (yes): live only; Selina Bliss (yes): live only; Seth Blattman (yes): live only; Stacey Travers (yes): live only; Stephanie Simacek (yes): live only; Stephanie Stahl Hamilton (yes): live only; Steve Montenegro (yes): live only; Sylvia Allen (yes): live only; Teresa Martinez (yes): live only; Tony Rivero (yes): live only; Walt Blackman (yes): live only | 87 other local bill(s) share this signature on 2026-06-11]
  [32m✓[0m  AZ HB 4162 (57th-2nd-regular): vote tally matches on 2026-06-11 ({'yes': 0, 'no': 0, 'other': 0, 'absent': 0, 'excused': 0, 'not voting': 0})
  [32m✓[0m  AZ HB 4162 (57th-2nd-regular): sponsorship count matches (5)
  [32m✓[0m  AZ HB 4164 (57th-2nd-regular): title matches
  [32m✓[0m  AZ HB 4164 (57th-2nd-regular): latest_action matches
  [32m✓[0m  AZ HB 4164 (57th-2nd-regular): vote event count matches (4)
  [33m~[0m  AZ HB 4164 (57th-2nd-regular): vote tally differs on 2026-06-11  [local={'yes': 0, 'no': 0, 'other': 0, 'absent': 0, 'excused': 0, 'not voting': 0} live={'yes': 23, 'no': 5, 'other': 0, 'absent': 0, 'excused': 0, 'not voting': 2} | Analise Ortiz (no): live only; Brian Fernandez (yes): live only; Carine Werner (yes): live only; Catherine Miranda (no): live only; David C. Farnsworth (yes): live only; David Gowan (yes): live only; Denise “Mitzi” Epstein (no): live only; Eva Diaz (no): live only; Flavio Bravo (yes): live only; Frank Carroll (yes): live only; Hildy Angius (yes): live only; J.D. Mesnard (yes): live only; Jake Hoffman (yes): live only; Janae Shamp (other): live only; John Kavanagh (yes): live only; Kevin Payne (yes): live only; Kiana Sears (yes): live only; Lauren Kuby (yes): live only; Lela Alston (yes): live only; Mark Finchem (yes): live only; Priya Sundareshan (yes): live only; Rosanna Gabaldón (yes): live only; Sally Ann Gonzales (no): live only; Shawnna Bolick (yes): live only; Theresa Hatathlie (other): live only; Thomas "T.J." Shope (yes): live only; Timothy "Tim" Dunn (yes): live only; Venden "Vince" Leach (yes): live only; Warren Petersen (yes): live only; Wendy Rogers (yes): live only | 35 other local bill(s) share this signature on 2026-06-11]
  [33m~[0m  AZ HB 4164 (57th-2nd-regular): vote tally differs on 2026-06-11  [local={'yes': 49, 'no': 8, 'other': 0, 'absent': 0, 'excused': 0, 'not voting': 3} live={'yes': 0, 'no': 0, 'other': 0, 'absent': 0, 'excused': 0, 'not voting': 0} | Aaron Márquez (no): local only; Alexander Kolodin (yes): local only; Alma Hernandez (no): local only; Anna Abeytia (no): local only; Betty J Villegas (yes): local only; Beverly Pingerelli (yes): local only; Brian Garcia (yes): local only; Cesar Aguilar (no): local only; Chris Lopez (yes): local only; Christopher Mathis (yes): local only; Cody Reim (yes): local only; Consuelo Hernandez (no): local only; David Livingston (yes): local only; Elda Luna-Nájera (no): local only; Gail Griffin (yes): local only; James Taylor (yes): local only; Janeen Connolly (yes): local only; Jeff Weninger (yes): local only; John Gillette (yes): local only; Julie Willoughby (yes): local only; Junelle Cavero (yes): local only; Justin Olson (yes): local only; Justin Wilmeth (yes): local only; Kevin Volk (yes): local only; Khyl Powell (yes): local only; Laurin Hendrix (yes): local only; Leo Biasiucci (yes): local only; Lisa Fink (yes): local only; Lorena Austin (yes): local only; Lupe Contreras (yes): local only; Lupe Diaz (yes): local only; Lydia Hernandez (no): local only; Mae Peshlakai (yes): local only; Mariana Sandoval (no): local only; Matt Gress (yes): local only; Michael Carbone (yes): local only; Michael Way (other): local only; Michele Peña (yes): local only; Myron Tsosie (yes): local only; Nancy Gutierrez (other): local only; Neal Carter (yes): local only; Nick Kupper (yes): local only; Oscar De Los Santos (yes): local only; Pamela Carter (yes): local only; Patty Contreras (yes): local only; Quang H Nguyen (yes): local only; Quantá Crews (yes): local only; Rachel Keshel (yes): local only; Ralph Heap (yes): local only; Sarah Liguori (yes): local only; Selina Bliss (yes): local only; Seth Blattman (other): local only; Stacey Travers (yes): local only; Stephanie Simacek (yes): local only; Stephanie Stahl Hamilton (yes): local only; Steve Montenegro (yes): local only; Sylvia Allen (yes): local only; Teresa Martinez (yes): local only; Tony Rivero (yes): local only; Walt Blackman (yes): local only | 87 other local bill(s) share this signature on 2026-06-11]
  [33m~[0m  AZ HB 4164 (57th-2nd-regular): vote tally differs on 2026-06-11  [local={'yes': 23, 'no': 5, 'other': 0, 'absent': 0, 'excused': 0, 'not voting': 2} live={'yes': 49, 'no': 8, 'other': 0, 'absent': 0, 'excused': 0, 'not voting': 3} | Analise Ortiz (no): local only; Brian Fernandez (yes): local only; Carine Werner (yes): local only; Catherine Miranda (no): local only; David C. Farnsworth (yes): local only; David Gowan (yes): local only; Denise “Mitzi” Epstein (no): local only; Eva Diaz (no): local only; Flavio Bravo (yes): local only; Frank Carroll (yes): local only; Hildy Angius (yes): local only; J.D. Mesnard (yes): local only; Jake Hoffman (yes): local only; Janae Shamp (other): local only; John Kavanagh (yes): local only; Kevin Payne (yes): local only; Kiana Sears (yes): local only; Lauren Kuby (yes): local only; Lela Alston (yes): local only; Mark Finchem (yes): local only; Priya Sundareshan (yes): local only; Rosanna Gabaldón (yes): local only; Sally Ann Gonzales (no): local only; Shawnna Bolick (yes): local only; Theresa Hatathlie (other): local only; Thomas "T.J." Shope (yes): local only; Timothy "Tim" Dunn (yes): local only; Venden "Vince" Leach (yes): local only; Warren Petersen (yes): local only; Wendy Rogers (yes): local only; Aaron Márquez (no): live only; Alexander Kolodin (yes): live only; Alma Hernandez (no): live only; Anna Abeytia (no): live only; Betty J Villegas (yes): live only; Beverly Pingerelli (yes): live only; Brian Garcia (yes): live only; Cesar Aguilar (no): live only; Chris Lopez (yes): live only; Christopher Mathis (yes): live only; Cody Reim (yes): live only; Consuelo Hernandez (no): live only; David Livingston (yes): live only; Elda Luna-Nájera (no): live only; Gail Griffin (yes): live only; James Taylor (yes): live only; Janeen Connolly (yes): live only; Jeff Weninger (yes): live only; John Gillette (yes): live only; Julie Willoughby (yes): live only; Junelle Cavero (yes): live only; Justin Olson (yes): live only; Justin Wilmeth (yes): live only; Kevin Volk (yes): live only; Khyl Powell (yes): live only; Laurin Hendrix (yes): live only; Leo Biasiucci (yes): live only; Lisa Fink (yes): live only; Lorena Austin (yes): live only; Lupe Contreras (yes): live only; Lupe Diaz (yes): live only; Lydia Hernandez (no): live only; Mae Peshlakai (yes): live only; Mariana Sandoval (no): live only; Matt Gress (yes): live only; Michael Carbone (yes): live only; Michael Way (other): live only; Michele Peña (yes): live only; Myron Tsosie (yes): live only; Nancy Gutierrez (other): live only; Neal Carter (yes): live only; Nick Kupper (yes): live only; Oscar De Los Santos (yes): live only; Pamela Carter (yes): live only; Patty Contreras (yes): live only; Quang H Nguyen (yes): live only; Quantá Crews (yes): live only; Rachel Keshel (yes): live only; Ralph Heap (yes): live only; Sarah Liguori (yes): live only; Selina Bliss (yes): live only; Seth Blattman (other): live only; Stacey Travers (yes): live only; Stephanie Simacek (yes): live only; Stephanie Stahl Hamilton (yes): live only; Steve Montenegro (yes): live only; Sylvia Allen (yes): live only; Teresa Martinez (yes): live only; Tony Rivero (yes): live only; Walt Blackman (yes): live only | 107 other local bill(s) share this signature on 2026-06-11]
  [32m✓[0m  AZ HB 4164 (57th-2nd-regular): vote tally matches on 2026-06-11 ({'yes': 0, 'no': 0, 'other': 0, 'absent': 0, 'excused': 0, 'not voting': 0})
  [32m✓[0m  AZ HB 4164 (57th-2nd-regular): sponsorship count matches (5)
  [32m✓[0m  AZ HB 4168 (57th-2nd-regular): title matches
  [32m✓[0m  AZ HB 4168 (57th-2nd-regular): latest_action matches
  [32m✓[0m  AZ HB 4168 (57th-2nd-regular): vote event count matches (4)
  [32m✓[0m  AZ HB 4168 (57th-2nd-regular): vote tally matches on 2026-06-11 ({'yes': 0, 'no': 0, 'other': 0, 'absent': 0, 'excused': 0, 'not voting': 0})
  [32m✓[0m  AZ HB 4168 (57th-2nd-regular): vote tally matches on 2026-06-11 ({'yes': 23, 'no': 5, 'other': 0, 'absent': 0, 'excused': 0, 'not voting': 2})
  [32m✓[0m  AZ HB 4168 (57th-2nd-regular): vote tally matches on 2026-06-11 ({'yes': 47, 'no': 11, 'other': 0, 'absent': 0, 'excused': 0, 'not voting': 2})
  [32m✓[0m  AZ HB 4168 (57th-2nd-regular): vote tally matches on 2026-06-11 ({'yes': 0, 'no': 0, 'other': 0, 'absent': 0, 'excused': 0, 'not voting': 0})
  [32m✓[0m  AZ HB 4168 (57th-2nd-regular): sponsorship count matches (5)
  [32m✓[0m  AZ HCM 2001 (57th-2nd-regular): title matches
  [32m✓[0m  AZ HCM 2001 (57th-2nd-regular): latest_action matches
  [32m✓[0m  AZ HCM 2001 (57th-2nd-regular): vote event count matches (4)
  [32m✓[0m  AZ HCM 2001 (57th-2nd-regular): vote tally matches on 2026-02-23 ({'yes': 0, 'no': 0, 'other': 0, 'absent': 0, 'excused': 0, 'not voting': 0})
  [32m✓[0m  AZ HCM 2001 (57th-2nd-regular): vote tally matches on 2026-02-26 ({'yes': 31, 'no': 23, 'other': 0, 'absent': 0, 'excused': 0, 'not voting': 6})
  [32m✓[0m  AZ HCM 2001 (57th-2nd-regular): vote tally matches on 2026-04-20 ({'yes': 17, 'no': 12, 'other': 0, 'absent': 0, 'excused': 0, 'not voting': 1})
  [32m✓[0m  AZ HCM 2001 (57th-2nd-regular): vote tally matches on 2026-04-20 ({'yes': 0, 'no': 0, 'other': 0, 'absent': 0, 'excused': 0, 'not voting': 0})
  [32m✓[0m  AZ HCM 2001 (57th-2nd-regular): sponsorship count matches (3)
  [32m✓[0m  AZ HCM 2002 (57th-2nd-regular): title matches
  [32m✓[0m  AZ HCM 2002 (57th-2nd-regular): latest_action matches
  [32m✓[0m  AZ HCM 2002 (57th-2nd-regular): vote event count matches (4)
  [32m✓[0m  AZ HCM 2002 (57th-2nd-regular): vote tally matches on 2026-02-23 ({'yes': 0, 'no': 0, 'other': 0, 'absent': 0, 'excused': 0, 'not voting': 0})
  [32m✓[0m  AZ HCM 2002 (57th-2nd-regular): vote tally matches on 2026-02-26 ({'yes': 31, 'no': 22, 'other': 0, 'absent': 0, 'excused': 0, 'not voting': 7})
  [32m✓[0m  AZ HCM 2002 (57th-2nd-regular): vote tally matches on 2026-04-20 ({'yes': 17, 'no': 12, 'other': 0, 'absent': 0, 'excused': 0, 'not voting': 1})
  [32m✓[0m  AZ HCM 2002 (57th-2nd-regular): vote tally matches on 2026-04-20 ({'yes': 0, 'no': 0, 'other': 0, 'absent': 0, 'excused': 0, 'not voting': 0})
  [32m✓[0m  AZ HCM 2002 (57th-2nd-regular): sponsorship count matches (3)
  [32m✓[0m  AZ HCM 2003 (57th-2nd-regular): title matches
  [32m✓[0m  AZ HCM 2003 (57th-2nd-regular): latest_action matches
  [32m✓[0m  AZ HCM 2003 (57th-2nd-regular): vote event count matches (0)
  [32m✓[0m  AZ HCM 2003 (57th-2nd-regular): sponsorship count matches (1)
  [32m✓[0m  AZ HCM 2007 (57th-2nd-regular): title matches
  [32m✓[0m  AZ HCM 2007 (57th-2nd-regular): latest_action matches
  [32m✓[0m  AZ HCM 2007 (57th-2nd-regular): vote event count matches (4)
  [32m✓[0m  AZ HCM 2007 (57th-2nd-regular): vote tally matches on 2026-02-19 ({'yes': 0, 'no': 0, 'other': 0, 'absent': 0, 'excused': 0, 'not voting': 0})
  [32m✓[0m  AZ HCM 2007 (57th-2nd-regular): vote tally matches on 2026-02-23 ({'yes': 57, 'no': 0, 'other': 0, 'absent': 0, 'excused': 0, 'not voting': 3})
  [32m✓[0m  AZ HCM 2007 (57th-2nd-regular): vote tally matches on 2026-04-02 ({'yes': 0, 'no': 0, 'other': 0, 'absent': 0, 'excused': 0, 'not voting': 0})
  [32m✓[0m  AZ HCM 2007 (57th-2nd-regular): vote tally matches on 2026-04-15 ({'yes': 20, 'no': 8, 'other': 0, 'absent': 0, 'excused': 0, 'not voting': 2})
  [32m✓[0m  AZ HCM 2007 (57th-2nd-regular): sponsorship count matches (1)
    ...275/500
  [32m✓[0m  AZ HCM 2011 (57th-2nd-regular): title matches
  [32m✓[0m  AZ HCM 2011 (57th-2nd-regular): latest_action matches
  [32m✓[0m  AZ HCM 2011 (57th-2nd-regular): vote event count matches (3)
  [32m✓[0m  AZ HCM 2011 (57th-2nd-regular): vote tally matches on 2026-02-26 ({'yes': 31, 'no': 23, 'other': 0, 'absent': 0, 'excused': 0, 'not voting': 6})
  [32m✓[0m  AZ HCM 2011 (57th-2nd-regular): vote tally matches on 2026-04-15 ({'yes': 0, 'no': 0, 'other': 0, 'absent': 0, 'excused': 0, 'not voting': 0})
  [32m✓[0m  AZ HCM 2011 (57th-2nd-regular): vote tally matches on 2026-04-16 ({'yes': 17, 'no': 10, 'other': 0, 'absent': 0, 'excused': 0, 'not voting': 3})
  [32m✓[0m  AZ HCM 2011 (57th-2nd-regular): sponsorship count matches (31)
  [32m✓[0m  AZ HCM 2013 (57th-2nd-regular): title matches
  [32m✓[0m  AZ HCM 2013 (57th-2nd-regular): latest_action matches
  [32m✓[0m  AZ HCM 2013 (57th-2nd-regular): vote event count matches (0)
  [32m✓[0m  AZ HCM 2013 (57th-2nd-regular): sponsorship count matches (2)
  [32m✓[0m  AZ HCM 2014 (57th-2nd-regular): title matches
  [32m✓[0m  AZ HCM 2014 (57th-2nd-regular): latest_action matches
  [32m✓[0m  AZ HCM 2014 (57th-2nd-regular): vote event count matches (0)
  [32m✓[0m  AZ HCM 2014 (57th-2nd-regular): sponsorship count matches (18)
  [32m✓[0m  AZ HCM 2015 (57th-2nd-regular): title matches
  [32m✓[0m  AZ HCM 2015 (57th-2nd-regular): latest_action matches
  [32m✓[0m  AZ HCM 2015 (57th-2nd-regular): vote event count matches (0)
  [32m✓[0m  AZ HCM 2015 (57th-2nd-regular): sponsorship count matches (2)
  [32m✓[0m  AZ HCR 2003 (57th-2nd-regular): title matches
  [32m✓[0m  AZ HCR 2003 (57th-2nd-regular): latest_action matches
  [32m✓[0m  AZ HCR 2003 (57th-2nd-regular): vote event count matches (5)
  [32m✓[0m  AZ HCR 2003 (57th-2nd-regular): vote tally matches on 2026-02-17 ({'yes': 0, 'no': 0, 'other': 0, 'absent': 0, 'excused': 0, 'not voting': 0})
  [32m✓[0m  AZ HCR 2003 (57th-2nd-regular): vote tally matches on 2026-02-23 ({'yes': 32, 'no': 25, 'other': 0, 'absent': 0, 'excused': 0, 'not voting': 3})
  [32m✓[0m  AZ HCR 2003 (57th-2nd-regular): vote tally matches on 2026-06-12 ({'yes': 16, 'no': 12, 'other': 0, 'absent': 0, 'excused': 0, 'not voting': 2})
  [32m✓[0m  AZ HCR 2003 (57th-2nd-regular): vote tally matches on 2026-06-12 ({'yes': 0, 'no': 0, 'other': 0, 'absent': 0, 'excused': 0, 'not voting': 0})
  [32m✓[0m  AZ HCR 2003 (57th-2nd-regular): vote tally matches on 2026-06-12 ({'yes': 12, 'no': 16, 'other': 0, 'absent': 0, 'excused': 0, 'not voting': 2})
  [32m✓[0m  AZ HCR 2003 (57th-2nd-regular): sponsorship count matches (1)
  [31m✗[0m  AZ HCR 2012 (57th-2nd-regular): live API error  [429 Client Error: Too Many Requests for url: https://v3.openstates.org/bills?jurisdiction=az&session=57th-2nd-regular&identifier=HCR+2012&include=votes&include=sponsorships&include=actions&apikey=REDACTED-API-KEY]
  [31m✗[0m  AZ HCR 2013 (57th-2nd-regular): live API error  [429 Client Error: Too Many Requests for url: https://v3.openstates.org/bills?jurisdiction=az&session=57th-2nd-regular&identifier=HCR+2013&include=votes&include=sponsorships&include=actions&apikey=REDACTED-API-KEY]
  [31m✗[0m  AZ HCR 2019 (57th-2nd-regular): live API error  [429 Client Error: Too Many Requests for url: https://v3.openstates.org/bills?jurisdiction=az&session=57th-2nd-regular&identifier=HCR+2019&include=votes&include=sponsorships&include=actions&apikey=REDACTED-API-KEY]
  [31m✗[0m  AZ HCR 2030 (57th-2nd-regular): live API error  [429 Client Error: Too Many Requests for url: https://v3.openstates.org/bills?jurisdiction=az&session=57th-2nd-regular&identifier=HCR+2030&include=votes&include=sponsorships&include=actions&apikey=REDACTED-API-KEY]
  [31m✗[0m  AZ HCR 2033 (57th-2nd-regular): live API error  [429 Client Error: Too Many Requests for url: https://v3.openstates.org/bills?jurisdiction=az&session=57th-2nd-regular&identifier=HCR+2033&include=votes&include=sponsorships&include=actions&apikey=REDACTED-API-KEY]
  [32m✓[0m  AZ HCR 2034 (57th-2nd-regular): title matches
  [32m✓[0m  AZ HCR 2034 (57th-2nd-regular): latest_action matches
  [32m✓[0m  AZ HCR 2034 (57th-2nd-regular): vote event count matches (0)
  [32m✓[0m  AZ HCR 2034 (57th-2nd-regular): sponsorship count matches (16)
  [32m✓[0m  AZ HCR 2035 (57th-2nd-regular): title matches
  [32m✓[0m  AZ HCR 2035 (57th-2nd-regular): latest_action matches
  [32m✓[0m  AZ HCR 2035 (57th-2nd-regular): vote event count matches (0)
  [32m✓[0m  AZ HCR 2035 (57th-2nd-regular): sponsorship count matches (15)
  [32m✓[0m  AZ HCR 2040 (57th-2nd-regular): title matches
  [32m✓[0m  AZ HCR 2040 (57th-2nd-regular): latest_action matches
  [32m✓[0m  AZ HCR 2040 (57th-2nd-regular): vote event count matches (7)
  [32m✓[0m  AZ HCR 2040 (57th-2nd-regular): vote tally matches on 2026-02-25 ({'yes': 0, 'no': 0, 'other': 0, 'absent': 0, 'excused': 0, 'not voting': 0})
  [32m✓[0m  AZ HCR 2040 (57th-2nd-regular): vote tally matches on 2026-03-02 ({'yes': 31, 'no': 25, 'other': 0, 'absent': 0, 'excused': 0, 'not voting': 3})
  [32m✓[0m  AZ HCR 2040 (57th-2nd-regular): vote tally matches on 2026-05-11 ({'yes': 0, 'no': 0, 'other': 0, 'absent': 0, 'excused': 0, 'not voting': 0})
  [32m✓[0m  AZ HCR 2040 (57th-2nd-regular): vote tally matches on 2026-06-12 ({'yes': 16, 'no': 13, 'other': 0, 'absent': 0, 'excused': 0, 'not voting': 1})
  [32m✓[0m  AZ HCR 2040 (57th-2nd-regular): vote tally matches on 2026-06-12 ({'yes': 0, 'no': 0, 'other': 0, 'absent': 0, 'excused': 0, 'not voting': 0})
  [32m✓[0m  AZ HCR 2040 (57th-2nd-regular): vote tally matches on 2026-06-13 ({'yes': 31, 'no': 22, 'other': 0, 'absent': 0, 'excused': 0, 'not voting': 7})
  [32m✓[0m  AZ HCR 2040 (57th-2nd-regular): vote tally matches on 2026-06-13 ({'yes': 0, 'no': 0, 'other': 0, 'absent': 0, 'excused': 0, 'not voting': 0})
  [32m✓[0m  AZ HCR 2040 (57th-2nd-regular): sponsorship count matches (1)
  [32m✓[0m  AZ HCR 2043 (57th-2nd-regular): title matches
  [32m✓[0m  AZ HCR 2043 (57th-2nd-regular): latest_action matches
  [32m✓[0m  AZ HCR 2043 (57th-2nd-regular): vote event count matches (4)
  [32m✓[0m  AZ HCR 2043 (57th-2nd-regular): vote tally matches on 2026-02-03 ({'yes': 0, 'no': 0, 'other': 0, 'absent': 0, 'excused': 0, 'not voting': 0})
  [32m✓[0m  AZ HCR 2043 (57th-2nd-regular): vote tally matches on 2026-02-04 ({'yes': 33, 'no': 24, 'other': 0, 'absent': 0, 'excused': 0, 'not voting': 3})
  [33m~[0m  AZ HCR 2043 (57th-2nd-regular): vote tally differs on 2026-04-21  [local={'yes': 16, 'no': 13, 'other': 0, 'absent': 0, 'excused': 0, 'not voting': 1} live={'yes': 0, 'no': 0, 'other': 0, 'absent': 0, 'excused': 0, 'not voting': 0} | Analise Ortiz (no): local only; Brian Fernandez (no): local only; Carine Werner (yes): local only; Catherine Miranda (other): local only; David C. Farnsworth (no): local only; David Gowan (yes): local only; Denise “Mitzi” Epstein (no): local only; Eva Diaz (no): local only; Flavio Bravo (no): local only; Frank Carroll (yes): local only; Hildy Angius (yes): local only; J.D. Mesnard (yes): local only; Jake Hoffman (no): local only; Janae Shamp (yes): local only; John Kavanagh (yes): local only; Kevin Payne (yes): local only; Kiana Sears (yes): local only; Lauren Kuby (no): local only; Lela Alston (no): local only; Mark Finchem (yes): local only; Priya Sundareshan (no): local only; Rosanna Gabaldón (no): local only; Sally Ann Gonzales (yes): local only; Shawnna Bolick (yes): local only; Theresa Hatathlie (no): local only; Thomas "T.J." Shope (yes): local only; Timothy "Tim" Dunn (yes): local only; Venden "Vince" Leach (yes): local only; Warren Petersen (yes): local only; Wendy Rogers (no): local only | 7 other local bill(s) share this signature on 2026-04-21]
  [33m~[0m  AZ HCR 2043 (57th-2nd-regular): vote tally differs on 2026-04-21  [local={'yes': 0, 'no': 0, 'other': 0, 'absent': 0, 'excused': 0, 'not voting': 0} live={'yes': 16, 'no': 13, 'other': 0, 'absent': 0, 'excused': 0, 'not voting': 1} | Analise Ortiz (no): live only; Brian Fernandez (no): live only; Carine Werner (yes): live only; Catherine Miranda (other): live only; David C. Farnsworth (no): live only; David Gowan (yes): live only; Denise “Mitzi” Epstein (no): live only; Eva Diaz (no): live only; Flavio Bravo (no): live only; Frank Carroll (yes): live only; Hildy Angius (yes): live only; J.D. Mesnard (yes): live only; Jake Hoffman (no): live only; Janae Shamp (yes): live only; John Kavanagh (yes): live only; Kevin Payne (yes): live only; Kiana Sears (yes): live only; Lauren Kuby (no): live only; Lela Alston (no): live only; Mark Finchem (yes): live only; Priya Sundareshan (no): live only; Rosanna Gabaldón (no): live only; Sally Ann Gonzales (yes): live only; Shawnna Bolick (yes): live only; Theresa Hatathlie (no): live only; Thomas "T.J." Shope (yes): live only; Timothy "Tim" Dunn (yes): live only; Venden "Vince" Leach (yes): live only; Warren Petersen (yes): live only; Wendy Rogers (no): live only | 7 other local bill(s) share this signature on 2026-04-21]
  [32m✓[0m  AZ HCR 2043 (57th-2nd-regular): sponsorship count matches (11)
  [32m✓[0m  AZ HCR 2047 (57th-2nd-regular): title matches
  [32m✓[0m  AZ HCR 2047 (57th-2nd-regular): latest_action matches
  [32m✓[0m  AZ HCR 2047 (57th-2nd-regular): vote event count matches (4)
  [32m✓[0m  AZ HCR 2047 (57th-2nd-regular): vote tally matches on 2026-02-17 ({'yes': 0, 'no': 0, 'other': 0, 'absent': 0, 'excused': 0, 'not voting': 0})
  [32m✓[0m  AZ HCR 2047 (57th-2nd-regular): vote tally matches on 2026-02-23 ({'yes': 32, 'no': 25, 'other': 0, 'absent': 0, 'excused': 0, 'not voting': 3})
  [32m✓[0m  AZ HCR 2047 (57th-2nd-regular): vote tally matches on 2026-04-20 ({'yes': 17, 'no': 12, 'other': 0, 'absent': 0, 'excused': 0, 'not voting': 1})
  [32m✓[0m  AZ HCR 2047 (57th-2nd-regular): vote tally matches on 2026-04-20 ({'yes': 0, 'no': 0, 'other': 0, 'absent': 0, 'excused': 0, 'not voting': 0})
  [32m✓[0m  AZ HCR 2047 (57th-2nd-regular): sponsorship count matches (46)
  [32m✓[0m  AZ HCR 2050 (57th-2nd-regular): title matches
  [32m✓[0m  AZ HCR 2050 (57th-2nd-regular): latest_action matches
  [32m✓[0m  AZ HCR 2050 (57th-2nd-regular): vote event count matches (0)
  [32m✓[0m  AZ HCR 2050 (57th-2nd-regular): sponsorship count matches (1)
  [32m✓[0m  AZ HCR 2051 (57th-2nd-regular): title matches
  [32m✓[0m  AZ HCR 2051 (57th-2nd-regular): latest_action matches
  [32m✓[0m  AZ HCR 2051 (57th-2nd-regular): vote event count matches (2)
  [32m✓[0m  AZ HCR 2051 (57th-2nd-regular): vote tally matches on 2026-03-02 ({'yes': 0, 'no': 0, 'other': 0, 'absent': 0, 'excused': 0, 'not voting': 0})
  [32m✓[0m  AZ HCR 2051 (57th-2nd-regular): vote tally matches on 2026-03-03 ({'yes': 32, 'no': 24, 'other': 0, 'absent': 0, 'excused': 0, 'not voting': 3})
  [32m✓[0m  AZ HCR 2051 (57th-2nd-regular): sponsorship count matches (1)
  [32m✓[0m  AZ HCR 2055 (57th-2nd-regular): title matches
  [32m✓[0m  AZ HCR 2055 (57th-2nd-regular): latest_action matches
  [32m✓[0m  AZ HCR 2055 (57th-2nd-regular): vote event count matches (2)
  [32m✓[0m  AZ HCR 2055 (57th-2nd-regular): vote tally matches on 2026-02-16 ({'yes': 0, 'no': 0, 'other': 0, 'absent': 0, 'excused': 0, 'not voting': 0})
  [32m✓[0m  AZ HCR 2055 (57th-2nd-regular): vote tally matches on 2026-02-16 ({'yes': 0, 'no': 0, 'other': 0, 'absent': 0, 'excused': 0, 'not voting': 0})
  [32m✓[0m  AZ HCR 2055 (57th-2nd-regular): sponsorship count matches (1)
  [32m✓[0m  AZ HCR 2056 (57th-2nd-regular): title matches
  [32m✓[0m  AZ HCR 2056 (57th-2nd-regular): latest_action matches
  [32m✓[0m  AZ HCR 2056 (57th-2nd-regular): vote event count matches (2)
  [32m✓[0m  AZ HCR 2056 (57th-2nd-regular): vote tally matches on 2026-02-25 ({'yes': 0, 'no': 0, 'other': 0, 'absent': 0, 'excused': 0, 'not voting': 0})
  [32m✓[0m  AZ HCR 2056 (57th-2nd-regular): vote tally matches on 2026-03-02 ({'yes': 31, 'no': 23, 'other': 0, 'absent': 0, 'excused': 0, 'not voting': 5})
  [32m✓[0m  AZ HCR 2056 (57th-2nd-regular): sponsorship count matches (1)
  [32m✓[0m  AZ HCR 2066 (57th-2nd-regular): title matches
  [32m✓[0m  AZ HCR 2066 (57th-2nd-regular): latest_action matches
  [32m✓[0m  AZ HCR 2066 (57th-2nd-regular): vote event count matches (2)
  [32m✓[0m  AZ HCR 2066 (57th-2nd-regular): vote tally matches on 2026-04-29 ({'yes': 0, 'no': 0, 'other': 0, 'absent': 0, 'excused': 0, 'not voting': 0})
  [32m✓[0m  AZ HCR 2066 (57th-2nd-regular): vote tally matches on 2026-05-04 ({'yes': 0, 'no': 0, 'other': 0, 'absent': 0, 'excused': 0, 'not voting': 0})
  [32m✓[0m  AZ HCR 2066 (57th-2nd-regular): sponsorship count matches (29)
  [32m✓[0m  AZ HR 2004 (57th-2nd-regular): title matches
  [32m✓[0m  AZ HR 2004 (57th-2nd-regular): latest_action matches
  [32m✓[0m  AZ HR 2004 (57th-2nd-regular): vote event count matches (2)
  [32m✓[0m  AZ HR 2004 (57th-2nd-regular): vote tally matches on 2026-02-05 ({'yes': 0, 'no': 0, 'other': 0, 'absent': 0, 'excused': 0, 'not voting': 0})
  [32m✓[0m  AZ HR 2004 (57th-2nd-regular): vote tally matches on 2026-02-05 ({'yes': 33, 'no': 25, 'other': 0, 'absent': 0, 'excused': 0, 'not voting': 2})
  [32m✓[0m  AZ HR 2004 (57th-2nd-regular): sponsorship count matches (1)
  [32m✓[0m  AZ HR 2007 (57th-2nd-regular): title matches
  [32m✓[0m  AZ HR 2007 (57th-2nd-regular): latest_action matches
  [31m✗[0m  AZ HR 2007 (57th-2nd-regular): local is MISSING votes vs live  [local=0 live=1]
  [32m✓[0m  AZ HR 2007 (57th-2nd-regular): sponsorship count matches (2)
  [32m✓[0m  AZ SB 1001 (57th-2nd-regular): title matches
  [32m✓[0m  AZ SB 1001 (57th-2nd-regular): latest_action matches
  [32m✓[0m  AZ SB 1001 (57th-2nd-regular): vote event count matches (1)
  [32m✓[0m  AZ SB 1001 (57th-2nd-regular): vote tally matches on 2026-03-11 ({'yes': 27, 'no': 0, 'other': 0, 'absent': 0, 'excused': 0, 'not voting': 3})
  [32m✓[0m  AZ SB 1001 (57th-2nd-regular): sponsorship count matches (1)
  [32m✓[0m  AZ SB 1005 (57th-2nd-regular): title matches
  [32m✓[0m  AZ SB 1005 (57th-2nd-regular): latest_action matches
  [32m✓[0m  AZ SB 1005 (57th-2nd-regular): vote event count matches (1)
  [32m✓[0m  AZ SB 1005 (57th-2nd-regular): vote tally matches on 2026-03-03 ({'yes': 22, 'no': 8, 'other': 0, 'absent': 0, 'excused': 0, 'not voting': 0})
  [32m✓[0m  AZ SB 1005 (57th-2nd-regular): sponsorship count matches (1)
  [32m✓[0m  AZ SB 1009 (57th-2nd-regular): title matches
  [32m✓[0m  AZ SB 1009 (57th-2nd-regular): latest_action matches
  [32m✓[0m  AZ SB 1009 (57th-2nd-regular): vote event count matches (4)
  [32m✓[0m  AZ SB 1009 (57th-2nd-regular): vote tally matches on 2026-03-10 ({'yes': 0, 'no': 0, 'other': 0, 'absent': 0, 'excused': 0, 'not voting': 0})
  [32m✓[0m  AZ SB 1009 (57th-2nd-regular): vote tally matches on 2026-03-16 ({'yes': 16, 'no': 10, 'other': 0, 'absent': 0, 'excused': 0, 'not voting': 4})
  [32m✓[0m  AZ SB 1009 (57th-2nd-regular): vote tally matches on 2026-04-13 ({'yes': 0, 'no': 0, 'other': 0, 'absent': 0, 'excused': 0, 'not voting': 0})
  [32m✓[0m  AZ SB 1009 (57th-2nd-regular): vote tally matches on 2026-06-11 ({'yes': 19, 'no': 36, 'other': 0, 'absent': 0, 'excused': 0, 'not voting': 5})
  [32m✓[0m  AZ SB 1009 (57th-2nd-regular): sponsorship count matches (1)
    ...300/500
  [32m✓[0m  AZ SB 1011 (57th-2nd-regular): title matches
  [32m✓[0m  AZ SB 1011 (57th-2nd-regular): latest_action matches
  [32m✓[0m  AZ SB 1011 (57th-2nd-regular): vote event count matches (4)
  [32m✓[0m  AZ SB 1011 (57th-2nd-regular): vote tally matches on 2026-03-02 ({'yes': 0, 'no': 0, 'other': 0, 'absent': 0, 'excused': 0, 'not voting': 0})
  [32m✓[0m  AZ SB 1011 (57th-2nd-regular): vote tally matches on 2026-03-17 ({'yes': 17, 'no': 9, 'other': 0, 'absent': 0, 'excused': 0, 'not voting': 4})
  [32m✓[0m  AZ SB 1011 (57th-2nd-regular): vote tally matches on 2026-04-15 ({'yes': 0, 'no': 0, 'other': 0, 'absent': 0, 'excused': 0, 'not voting': 0})
  [32m✓[0m  AZ SB 1011 (57th-2nd-regular): vote tally matches on 2026-06-11 ({'yes': 32, 'no': 23, 'other': 0, 'absent': 0, 'excused': 0, 'not voting': 5})
  [32m✓[0m  AZ SB 1011 (57th-2nd-regular): sponsorship count matches (1)
  [32m✓[0m  AZ SB 1012 (57th-2nd-regular): title matches
  [32m✓[0m  AZ SB 1012 (57th-2nd-regular): latest_action matches
  [32m✓[0m  AZ SB 1012 (57th-2nd-regular): vote event count matches (4)
  [32m✓[0m  AZ SB 1012 (57th-2nd-regular): vote tally matches on 2026-03-03 ({'yes': 0, 'no': 0, 'other': 0, 'absent': 0, 'excused': 0, 'not voting': 0})
  [32m✓[0m  AZ SB 1012 (57th-2nd-regular): vote tally matches on 2026-03-09 ({'yes': 16, 'no': 13, 'other': 0, 'absent': 0, 'excused': 0, 'not voting': 1})
  [32m✓[0m  AZ SB 1012 (57th-2nd-regular): vote tally matches on 2026-04-16 ({'yes': 0, 'no': 0, 'other': 0, 'absent': 0, 'excused': 0, 'not voting': 0})
  [32m✓[0m  AZ SB 1012 (57th-2nd-regular): vote tally matches on 2026-06-11 ({'yes': 32, 'no': 23, 'other': 0, 'absent': 0, 'excused': 0, 'not voting': 5})
  [32m✓[0m  AZ SB 1012 (57th-2nd-regular): sponsorship count matches (1)
  [32m✓[0m  AZ SB 1013 (57th-2nd-regular): title matches
  [32m✓[0m  AZ SB 1013 (57th-2nd-regular): latest_action matches
  [32m✓[0m  AZ SB 1013 (57th-2nd-regular): vote event count matches (4)
  [32m✓[0m  AZ SB 1013 (57th-2nd-regular): vote tally matches on 2026-03-02 ({'yes': 0, 'no': 0, 'other': 0, 'absent': 0, 'excused': 0, 'not voting': 0})
  [32m✓[0m  AZ SB 1013 (57th-2nd-regular): vote tally matches on 2026-03-02 ({'yes': 17, 'no': 12, 'other': 0, 'absent': 0, 'excused': 0, 'not voting': 1})
  [32m✓[0m  AZ SB 1013 (57th-2nd-regular): vote tally matches on 2026-04-13 ({'yes': 0, 'no': 0, 'other': 0, 'absent': 0, 'excused': 0, 'not voting': 0})
  [32m✓[0m  AZ SB 1013 (57th-2nd-regular): vote tally matches on 2026-06-09 ({'yes': 31, 'no': 25, 'other': 0, 'absent': 0, 'excused': 0, 'not voting': 4})
  [32m✓[0m  AZ SB 1013 (57th-2nd-regular): sponsorship count matches (1)
  [32m✓[0m  AZ SB 1019 (57th-2nd-regular): title matches
  [32m✓[0m  AZ SB 1019 (57th-2nd-regular): latest_action matches
  [32m✓[0m  AZ SB 1019 (57th-2nd-regular): vote event count matches (2)
  [32m✓[0m  AZ SB 1019 (57th-2nd-regular): vote tally matches on 2026-03-02 ({'yes': 0, 'no': 0, 'other': 0, 'absent': 0, 'excused': 0, 'not voting': 0})
  [32m✓[0m  AZ SB 1019 (57th-2nd-regular): vote tally matches on 2026-03-19 ({'yes': 14, 'no': 11, 'other': 0, 'absent': 0, 'excused': 0, 'not voting': 5})
  [32m✓[0m  AZ SB 1019 (57th-2nd-regular): sponsorship count matches (1)
  [32m✓[0m  AZ SB 1024 (57th-2nd-regular): title matches
  [32m✓[0m  AZ SB 1024 (57th-2nd-regular): latest_action matches
  [32m✓[0m  AZ SB 1024 (57th-2nd-regular): vote event count matches (4)
  [32m✓[0m  AZ SB 1024 (57th-2nd-regular): vote tally matches on 2026-02-24 ({'yes': 0, 'no': 0, 'other': 0, 'absent': 0, 'excused': 0, 'not voting': 0})
  [32m✓[0m  AZ SB 1024 (57th-2nd-regular): vote tally matches on 2026-02-24 ({'yes': 18, 'no': 9, 'other': 0, 'absent': 0, 'excused': 0, 'not voting': 3})
  [32m✓[0m  AZ SB 1024 (57th-2nd-regular): vote tally matches on 2026-04-01 ({'yes': 0, 'no': 0, 'other': 0, 'absent': 0, 'excused': 0, 'not voting': 0})
  [32m✓[0m  AZ SB 1024 (57th-2nd-regular): vote tally matches on 2026-04-08 ({'yes': 35, 'no': 20, 'other': 0, 'absent': 0, 'excused': 0, 'not voting': 5})
  [32m✓[0m  AZ SB 1024 (57th-2nd-regular): sponsorship count matches (1)
  [32m✓[0m  AZ SB 1025 (57th-2nd-regular): title matches
  [32m✓[0m  AZ SB 1025 (57th-2nd-regular): latest_action matches
  [32m✓[0m  AZ SB 1025 (57th-2nd-regular): vote event count matches (0)
  [32m✓[0m  AZ SB 1025 (57th-2nd-regular): sponsorship count matches (1)
  [32m✓[0m  AZ SB 1026 (57th-2nd-regular): title matches
  [32m✓[0m  AZ SB 1026 (57th-2nd-regular): latest_action matches
  [32m✓[0m  AZ SB 1026 (57th-2nd-regular): vote event count matches (2)
  [32m✓[0m  AZ SB 1026 (57th-2nd-regular): vote tally matches on 2026-02-25 ({'yes': 26, 'no': 0, 'other': 0, 'absent': 0, 'excused': 0, 'not voting': 4})
  [32m✓[0m  AZ SB 1026 (57th-2nd-regular): vote tally matches on 2026-02-25 ({'yes': 0, 'no': 0, 'other': 0, 'absent': 0, 'excused': 0, 'not voting': 0})
  [32m✓[0m  AZ SB 1026 (57th-2nd-regular): sponsorship count matches (1)
  [32m✓[0m  AZ SB 1027 (57th-2nd-regular): title matches
  [32m✓[0m  AZ SB 1027 (57th-2nd-regular): latest_action matches
  [32m✓[0m  AZ SB 1027 (57th-2nd-regular): vote event count matches (0)
  [32m✓[0m  AZ SB 1027 (57th-2nd-regular): sponsorship count matches (1)
  [32m✓[0m  AZ SB 1032 (57th-2nd-regular): title matches
  [32m✓[0m  AZ SB 1032 (57th-2nd-regular): latest_action matches
  [32m✓[0m  AZ SB 1032 (57th-2nd-regular): vote event count matches (1)
  [32m✓[0m  AZ SB 1032 (57th-2nd-regular): vote tally matches on 2026-02-12 ({'yes': 29, 'no': 0, 'other': 0, 'absent': 0, 'excused': 0, 'not voting': 1})
  [32m✓[0m  AZ SB 1032 (57th-2nd-regular): sponsorship count matches (1)
  [32m✓[0m  AZ SB 1035 (57th-2nd-regular): title matches
  [32m✓[0m  AZ SB 1035 (57th-2nd-regular): latest_action matches
  [32m✓[0m  AZ SB 1035 (57th-2nd-regular): vote event count matches (2)
  [32m✓[0m  AZ SB 1035 (57th-2nd-regular): vote tally matches on 2026-02-23 ({'yes': 15, 'no': 12, 'other': 0, 'absent': 0, 'excused': 0, 'not voting': 3})
  [32m✓[0m  AZ SB 1035 (57th-2nd-regular): vote tally matches on 2026-02-23 ({'yes': 0, 'no': 0, 'other': 0, 'absent': 0, 'excused': 0, 'not voting': 0})
  [32m✓[0m  AZ SB 1035 (57th-2nd-regular): sponsorship count matches (1)
  [32m✓[0m  AZ SB 1036 (57th-2nd-regular): title matches
  [32m✓[0m  AZ SB 1036 (57th-2nd-regular): latest_action matches
  [32m✓[0m  AZ SB 1036 (57th-2nd-regular): vote event count matches (3)
  [33m~[0m  AZ SB 1036 (57th-2nd-regular): vote tally differs on 2026-02-16  [local={'yes': 33, 'no': 25, 'other': 0, 'absent': 0, 'excused': 0, 'not voting': 2} live={'yes': 17, 'no': 12, 'other': 0, 'absent': 0, 'excused': 0, 'not voting': 1} | Aaron Márquez (no): local only; Alexander Kolodin (yes): local only; Alma Hernandez (no): local only; Anna Abeytia (no): local only; Betty J Villegas (no): local only; Beverly Pingerelli (yes): local only; Brian Garcia (no): local only; Cesar Aguilar (no): local only; Chris Lopez (yes): local only; Christopher Mathis (no): local only; Consuelo Hernandez (no): local only; David Livingston (yes): local only; David Marshall, Sr. (yes): local only; Elda Luna-Nájera (no): local only; Gail Griffin (yes): local only; James Taylor (yes): local only; Janeen Connolly (no): local only; Jeff Weninger (yes): local only; John Gillette (yes): local only; Joseph Chaplik (yes): local only; Julie Willoughby (yes): local only; Junelle Cavero (no): local only; Justin Olson (yes): local only; Justin Wilmeth (yes): local only; Kevin Volk (no): local only; Khyl Powell (yes): local only; Laurin Hendrix (yes): local only; Leo Biasiucci (yes): local only; Lisa Fink (yes): local only; Lorena Austin (no): local only; Lupe Contreras (other): local only; Lupe Diaz (yes): local only; Lydia Hernandez (no): local only; Mae Peshlakai (no): local only; Mariana Sandoval (no): local only; Matt Gress (yes): local only; Michael Carbone (yes): local only; Michael Way (yes): local only; Michele Peña (yes): local only; Myron Tsosie (no): local only; Nancy Gutierrez (no): local only; Neal Carter (yes): local only; Nick Kupper (yes): local only; Oscar De Los Santos (no): local only; Pamela Carter (yes): local only; Patty Contreras (no): local only; Quang H Nguyen (yes): local only; Quantá Crews (no): local only; Rachel Keshel (yes): local only; Ralph Heap (yes): local only; Sarah Liguori (no): local only; Selina Bliss (yes): local only; Seth Blattman (other): local only; Stacey Travers (no): local only; Stephanie Simacek (no): local only; Stephanie Stahl Hamilton (no): local only; Steve Montenegro (yes): local only; Teresa Martinez (yes): local only; Tony Rivero (yes): local only; Walt Blackman (yes): local only; Analise Ortiz (no): live only; Brian Fernandez (no): live only; Carine Werner (yes): live only; Catherine Miranda (no): live only; David C. Farnsworth (yes): live only; David Gowan (yes): live only; Denise “Mitzi” Epstein (no): live only; Eva Diaz (no): live only; Flavio Bravo (other): live only; Frank Carroll (yes): live only; Hildy Angius (yes): live only; J.D. Mesnard (yes): live only; Jake Hoffman (yes): live only; Janae Shamp (yes): live only; John Kavanagh (yes): live only; Kevin Payne (yes): live only; Kiana Sears (no): live only; Lauren Kuby (no): live only; Lela Alston (no): live only; Mark Finchem (yes): live only; Priya Sundareshan (no): live only; Rosanna Gabaldón (no): live only; Sally Ann Gonzales (no): live only; Shawnna Bolick (yes): live only; Theresa Hatathlie (no): live only; Thomas "T.J." Shope (yes): live only; Timothy "Tim" Dunn (yes): live only; Venden "Vince" Leach (yes): live only; Warren Petersen (yes): live only; Wendy Rogers (yes): live only | 12 other local bill(s) share this signature on 2026-02-16]
  [33m~[0m  AZ SB 1036 (57th-2nd-regular): vote tally differs on 2026-02-16  [local={'yes': 17, 'no': 12, 'other': 0, 'absent': 0, 'excused': 0, 'not voting': 1} live={'yes': 33, 'no': 25, 'other': 0, 'absent': 0, 'excused': 0, 'not voting': 2} | Analise Ortiz (no): local only; Brian Fernandez (no): local only; Carine Werner (yes): local only; Catherine Miranda (no): local only; David C. Farnsworth (yes): local only; David Gowan (yes): local only; Denise “Mitzi” Epstein (no): local only; Eva Diaz (no): local only; Flavio Bravo (other): local only; Frank Carroll (yes): local only; Hildy Angius (yes): local only; J.D. Mesnard (yes): local only; Jake Hoffman (yes): local only; Janae Shamp (yes): local only; John Kavanagh (yes): local only; Kevin Payne (yes): local only; Kiana Sears (no): local only; Lauren Kuby (no): local only; Lela Alston (no): local only; Mark Finchem (yes): local only; Priya Sundareshan (no): local only; Rosanna Gabaldón (no): local only; Sally Ann Gonzales (no): local only; Shawnna Bolick (yes): local only; Theresa Hatathlie (no): local only; Thomas "T.J." Shope (yes): local only; Timothy "Tim" Dunn (yes): local only; Venden "Vince" Leach (yes): local only; Warren Petersen (yes): local only; Wendy Rogers (yes): local only; Aaron Márquez (no): live only; Alexander Kolodin (yes): live only; Alma Hernandez (no): live only; Anna Abeytia (no): live only; Betty J Villegas (no): live only; Beverly Pingerelli (yes): live only; Brian Garcia (no): live only; Cesar Aguilar (no): live only; Chris Lopez (yes): live only; Christopher Mathis (no): live only; Consuelo Hernandez (no): live only; David Livingston (yes): live only; David Marshall, Sr. (yes): live only; Elda Luna-Nájera (no): live only; Gail Griffin (yes): live only; James Taylor (yes): live only; Janeen Connolly (no): live only; Jeff Weninger (yes): live only; John Gillette (yes): live only; Joseph Chaplik (yes): live only; Julie Willoughby (yes): live only; Junelle Cavero (no): live only; Justin Olson (yes): live only; Justin Wilmeth (yes): live only; Kevin Volk (no): live only; Khyl Powell (yes): live only; Laurin Hendrix (yes): live only; Leo Biasiucci (yes): live only; Lisa Fink (yes): live only; Lorena Austin (no): live only; Lupe Contreras (other): live only; Lupe Diaz (yes): live only; Lydia Hernandez (no): live only; Mae Peshlakai (no): live only; Mariana Sandoval (no): live only; Matt Gress (yes): live only; Michael Carbone (yes): live only; Michael Way (yes): live only; Michele Peña (yes): live only; Myron Tsosie (no): live only; Nancy Gutierrez (no): live only; Neal Carter (yes): live only; Nick Kupper (yes): live only; Oscar De Los Santos (no): live only; Pamela Carter (yes): live only; Patty Contreras (no): live only; Quang H Nguyen (yes): live only; Quantá Crews (no): live only; Rachel Keshel (yes): live only; Ralph Heap (yes): live only; Sarah Liguori (no): live only; Selina Bliss (yes): live only; Seth Blattman (other): live only; Stacey Travers (no): live only; Stephanie Simacek (no): live only; Stephanie Stahl Hamilton (no): live only; Steve Montenegro (yes): live only; Teresa Martinez (yes): live only; Tony Rivero (yes): live only; Walt Blackman (yes): live only | 12 other local bill(s) share this signature on 2026-02-16]
  [32m✓[0m  AZ SB 1036 (57th-2nd-regular): vote tally matches on 2026-02-16 ({'yes': 0, 'no': 0, 'other': 0, 'absent': 0, 'excused': 0, 'not voting': 0})
  [32m✓[0m  AZ SB 1036 (57th-2nd-regular): sponsorship count matches (1)
  [32m✓[0m  AZ SB 1043 (57th-2nd-regular): title matches
  [32m✓[0m  AZ SB 1043 (57th-2nd-regular): latest_action matches
  [32m✓[0m  AZ SB 1043 (57th-2nd-regular): vote event count matches (6)
  [32m✓[0m  AZ SB 1043 (57th-2nd-regular): vote tally matches on 2026-02-25 ({'yes': 16, 'no': 11, 'other': 0, 'absent': 0, 'excused': 0, 'not voting': 3})
  [32m✓[0m  AZ SB 1043 (57th-2nd-regular): vote tally matches on 2026-02-25 ({'yes': 0, 'no': 0, 'other': 0, 'absent': 0, 'excused': 0, 'not voting': 0})
  [32m✓[0m  AZ SB 1043 (57th-2nd-regular): vote tally matches on 2026-02-25 ({'yes': 11, 'no': 16, 'other': 0, 'absent': 0, 'excused': 0, 'not voting': 3})
  [32m✓[0m  AZ SB 1043 (57th-2nd-regular): vote tally matches on 2026-04-15 ({'yes': 0, 'no': 0, 'other': 0, 'absent': 0, 'excused': 0, 'not voting': 0})
  [32m✓[0m  AZ SB 1043 (57th-2nd-regular): vote tally matches on 2026-06-11 ({'yes': 28, 'no': 29, 'other': 0, 'absent': 0, 'excused': 0, 'not voting': 3})
  [32m✓[0m  AZ SB 1043 (57th-2nd-regular): vote tally matches on 2026-06-11 ({'yes': 0, 'no': 0, 'other': 0, 'absent': 0, 'excused': 0, 'not voting': 0})
  [32m✓[0m  AZ SB 1043 (57th-2nd-regular): sponsorship count matches (1)
  [32m✓[0m  AZ SB 1048 (57th-2nd-regular): title matches
  [32m✓[0m  AZ SB 1048 (57th-2nd-regular): latest_action matches
  [32m✓[0m  AZ SB 1048 (57th-2nd-regular): vote event count matches (0)
  [32m✓[0m  AZ SB 1048 (57th-2nd-regular): sponsorship count matches (1)
  [32m✓[0m  AZ SB 1059 (57th-2nd-regular): title matches
  [32m✓[0m  AZ SB 1059 (57th-2nd-regular): latest_action matches
  [32m✓[0m  AZ SB 1059 (57th-2nd-regular): vote event count matches (1)
  [32m✓[0m  AZ SB 1059 (57th-2nd-regular): vote tally matches on 2026-02-24 ({'yes': 18, 'no': 9, 'other': 0, 'absent': 0, 'excused': 0, 'not voting': 3})
  [32m✓[0m  AZ SB 1059 (57th-2nd-regular): sponsorship count matches (1)
  [32m✓[0m  AZ SB 1067 (57th-2nd-regular): title matches
  [32m✓[0m  AZ SB 1067 (57th-2nd-regular): latest_action matches
  [32m✓[0m  AZ SB 1067 (57th-2nd-regular): vote event count matches (6)
  [32m✓[0m  AZ SB 1067 (57th-2nd-regular): vote tally matches on 2026-02-26 ({'yes': 0, 'no': 0, 'other': 0, 'absent': 0, 'excused': 0, 'not voting': 0})
  [32m✓[0m  AZ SB 1067 (57th-2nd-regular): vote tally matches on 2026-02-26 ({'yes': 27, 'no': 1, 'other': 0, 'absent': 0, 'excused': 0, 'not voting': 2})
  [32m✓[0m  AZ SB 1067 (57th-2nd-regular): vote tally matches on 2026-04-09 ({'yes': 0, 'no': 0, 'other': 0, 'absent': 0, 'excused': 0, 'not voting': 0})
  [32m✓[0m  AZ SB 1067 (57th-2nd-regular): vote tally matches on 2026-04-14 ({'yes': 54, 'no': 0, 'other': 0, 'absent': 0, 'excused': 0, 'not voting': 6})
  [33m~[0m  AZ SB 1067 (57th-2nd-regular): vote tally differs on 2026-05-26  [local={'yes': 25, 'no': 1, 'other': 0, 'absent': 0, 'excused': 0, 'not voting': 4} live={'yes': 0, 'no': 0, 'other': 0, 'absent': 0, 'excused': 0, 'not voting': 0} | Analise Ortiz (yes): local only; Brian Fernandez (yes): local only; Carine Werner (yes): local only; Catherine Miranda (yes): local only; David C. Farnsworth (yes): local only; David Gowan (yes): local only; Denise “Mitzi” Epstein (yes): local only; Eva Diaz (yes): local only; Flavio Bravo (yes): local only; Frank Carroll (yes): local only; Hildy Angius (yes): local only; J.D. Mesnard (yes): local only; Jake Hoffman (other): local only; Janae Shamp (other): local only; John Kavanagh (yes): local only; Kevin Payne (yes): local only; Kiana Sears (yes): local only; Lauren Kuby (yes): local only; Lela Alston (yes): local only; Mark Finchem (yes): local only; Priya Sundareshan (yes): local only; Rosanna Gabaldón (other): local only; Sally Ann Gonzales (yes): local only; Shawnna Bolick (yes): local only; Theresa Hatathlie (yes): local only; Thomas "T.J." Shope (yes): local only; Timothy "Tim" Dunn (yes): local only; Venden "Vince" Leach (other): local only; Warren Petersen (no): local only; Wendy Rogers (yes): local only | 11 other local bill(s) share this signature on 2026-05-26]
  [33m~[0m  AZ SB 1067 (57th-2nd-regular): vote tally differs on 2026-05-26  [local={'yes': 0, 'no': 0, 'other': 0, 'absent': 0, 'excused': 0, 'not voting': 0} live={'yes': 25, 'no': 1, 'other': 0, 'absent': 0, 'excused': 0, 'not voting': 4} | Analise Ortiz (yes): live only; Brian Fernandez (yes): live only; Carine Werner (yes): live only; Catherine Miranda (yes): live only; David C. Farnsworth (yes): live only; David Gowan (yes): live only; Denise “Mitzi” Epstein (yes): live only; Eva Diaz (yes): live only; Flavio Bravo (yes): live only; Frank Carroll (yes): live only; Hildy Angius (yes): live only; J.D. Mesnard (yes): live only; Jake Hoffman (other): live only; Janae Shamp (other): live only; John Kavanagh (yes): live only; Kevin Payne (yes): live only; Kiana Sears (yes): live only; Lauren Kuby (yes): live only; Lela Alston (yes): live only; Mark Finchem (yes): live only; Priya Sundareshan (yes): live only; Rosanna Gabaldón (other): live only; Sally Ann Gonzales (yes): live only; Shawnna Bolick (yes): live only; Theresa Hatathlie (yes): live only; Thomas "T.J." Shope (yes): live only; Timothy "Tim" Dunn (yes): live only; Venden "Vince" Leach (other): live only; Warren Petersen (no): live only; Wendy Rogers (yes): live only | 11 other local bill(s) share this signature on 2026-05-26]
  [32m✓[0m  AZ SB 1067 (57th-2nd-regular): sponsorship count matches (1)
  [32m✓[0m  AZ SB 1074 (57th-2nd-regular): title matches
  [32m✓[0m  AZ SB 1074 (57th-2nd-regular): latest_action matches
  [32m✓[0m  AZ SB 1074 (57th-2nd-regular): vote event count matches (4)
  [32m✓[0m  AZ SB 1074 (57th-2nd-regular): vote tally matches on 2026-02-25 ({'yes': 0, 'no': 0, 'other': 0, 'absent': 0, 'excused': 0, 'not voting': 0})
  [32m✓[0m  AZ SB 1074 (57th-2nd-regular): vote tally matches on 2026-02-25 ({'yes': 16, 'no': 10, 'other': 0, 'absent': 0, 'excused': 0, 'not voting': 4})
  [32m✓[0m  AZ SB 1074 (57th-2nd-regular): vote tally matches on 2026-06-01 ({'yes': 0, 'no': 0, 'other': 0, 'absent': 0, 'excused': 0, 'not voting': 0})
  [32m✓[0m  AZ SB 1074 (57th-2nd-regular): vote tally matches on 2026-06-09 ({'yes': 22, 'no': 32, 'other': 0, 'absent': 0, 'excused': 0, 'not voting': 6})
  [32m✓[0m  AZ SB 1074 (57th-2nd-regular): sponsorship count matches (1)
  [32m✓[0m  AZ SB 1076 (57th-2nd-regular): title matches
  [32m✓[0m  AZ SB 1076 (57th-2nd-regular): latest_action matches
  [32m✓[0m  AZ SB 1076 (57th-2nd-regular): vote event count matches (0)
  [32m✓[0m  AZ SB 1076 (57th-2nd-regular): sponsorship count matches (1)
  [32m✓[0m  AZ SB 1080 (57th-2nd-regular): title matches
  [32m✓[0m  AZ SB 1080 (57th-2nd-regular): latest_action matches
  [32m✓[0m  AZ SB 1080 (57th-2nd-regular): vote event count matches (0)
  [32m✓[0m  AZ SB 1080 (57th-2nd-regular): sponsorship count matches (1)
  [32m✓[0m  AZ SB 1086 (57th-2nd-regular): title matches
  [32m✓[0m  AZ SB 1086 (57th-2nd-regular): latest_action matches
  [32m✓[0m  AZ SB 1086 (57th-2nd-regular): vote event count matches (2)
  [32m✓[0m  AZ SB 1086 (57th-2nd-regular): vote tally matches on 2026-03-10 ({'yes': 0, 'no': 0, 'other': 0, 'absent': 0, 'excused': 0, 'not voting': 0})
  [32m✓[0m  AZ SB 1086 (57th-2nd-regular): vote tally matches on 2026-03-16 ({'yes': 18, 'no': 8, 'other': 0, 'absent': 0, 'excused': 0, 'not voting': 4})
  [32m✓[0m  AZ SB 1086 (57th-2nd-regular): sponsorship count matches (1)
  [32m✓[0m  AZ SB 1088 (57th-2nd-regular): title matches
  [32m✓[0m  AZ SB 1088 (57th-2nd-regular): latest_action matches
  [32m✓[0m  AZ SB 1088 (57th-2nd-regular): vote event count matches (2)
  [32m✓[0m  AZ SB 1088 (57th-2nd-regular): vote tally matches on 2026-03-03 ({'yes': 0, 'no': 0, 'other': 0, 'absent': 0, 'excused': 0, 'not voting': 0})
  [32m✓[0m  AZ SB 1088 (57th-2nd-regular): vote tally matches on 2026-03-19 ({'yes': 16, 'no': 11, 'other': 0, 'absent': 0, 'excused': 0, 'not voting': 3})
  [32m✓[0m  AZ SB 1088 (57th-2nd-regular): sponsorship count matches (1)
  [32m✓[0m  AZ SB 1090 (57th-2nd-regular): title matches
  [32m✓[0m  AZ SB 1090 (57th-2nd-regular): latest_action matches
  [32m✓[0m  AZ SB 1090 (57th-2nd-regular): vote event count matches (0)
  [32m✓[0m  AZ SB 1090 (57th-2nd-regular): sponsorship count matches (1)
  [32m✓[0m  AZ SB 1091 (57th-2nd-regular): title matches
  [32m✓[0m  AZ SB 1091 (57th-2nd-regular): latest_action matches
  [32m✓[0m  AZ SB 1091 (57th-2nd-regular): vote event count matches (0)
  [32m✓[0m  AZ SB 1091 (57th-2nd-regular): sponsorship count matches (1)
  [32m✓[0m  AZ SB 1099 (57th-2nd-regular): title matches
  [32m✓[0m  AZ SB 1099 (57th-2nd-regular): latest_action matches
  [32m✓[0m  AZ SB 1099 (57th-2nd-regular): vote event count matches (4)
  [32m✓[0m  AZ SB 1099 (57th-2nd-regular): vote tally matches on 2026-02-26 ({'yes': 16, 'no': 12, 'other': 0, 'absent': 0, 'excused': 0, 'not voting': 2})
  [32m✓[0m  AZ SB 1099 (57th-2nd-regular): vote tally matches on 2026-02-26 ({'yes': 0, 'no': 0, 'other': 0, 'absent': 0, 'excused': 0, 'not voting': 0})
  [32m✓[0m  AZ SB 1099 (57th-2nd-regular): vote tally matches on 2026-04-02 ({'yes': 0, 'no': 0, 'other': 0, 'absent': 0, 'excused': 0, 'not voting': 0})
  [32m✓[0m  AZ SB 1099 (57th-2nd-regular): vote tally matches on 2026-05-05 ({'yes': 8, 'no': 43, 'other': 0, 'absent': 0, 'excused': 0, 'not voting': 9})
  [32m✓[0m  AZ SB 1099 (57th-2nd-regular): sponsorship count matches (6)
  [32m✓[0m  AZ SB 1114 (57th-2nd-regular): title matches
  [32m✓[0m  AZ SB 1114 (57th-2nd-regular): latest_action matches
  [32m✓[0m  AZ SB 1114 (57th-2nd-regular): vote event count matches (1)
  [32m✓[0m  AZ SB 1114 (57th-2nd-regular): vote tally matches on 2026-02-26 ({'yes': 26, 'no': 2, 'other': 0, 'absent': 0, 'excused': 0, 'not voting': 2})
  [32m✓[0m  AZ SB 1114 (57th-2nd-regular): sponsorship count matches (3)
  [32m✓[0m  AZ SB 1115 (57th-2nd-regular): title matches
  [32m✓[0m  AZ SB 1115 (57th-2nd-regular): latest_action matches
  [32m✓[0m  AZ SB 1115 (57th-2nd-regular): vote event count matches (2)
  [32m✓[0m  AZ SB 1115 (57th-2nd-regular): vote tally matches on 2026-02-25 ({'yes': 0, 'no': 0, 'other': 0, 'absent': 0, 'excused': 0, 'not voting': 0})
  [32m✓[0m  AZ SB 1115 (57th-2nd-regular): vote tally matches on 2026-02-25 ({'yes': 17, 'no': 9, 'other': 0, 'absent': 0, 'excused': 0, 'not voting': 4})
  [32m✓[0m  AZ SB 1115 (57th-2nd-regular): sponsorship count matches (5)
    ...325/500
  [32m✓[0m  AZ SB 1117 (57th-2nd-regular): title matches
  [32m✓[0m  AZ SB 1117 (57th-2nd-regular): latest_action matches
  [32m✓[0m  AZ SB 1117 (57th-2nd-regular): vote event count matches (0)
  [32m✓[0m  AZ SB 1117 (57th-2nd-regular): sponsorship count matches (4)
  [32m✓[0m  AZ SB 1124 (57th-2nd-regular): title matches
  [32m✓[0m  AZ SB 1124 (57th-2nd-regular): latest_action matches
  [32m✓[0m  AZ SB 1124 (57th-2nd-regular): vote event count matches (5)
  [32m✓[0m  AZ SB 1124 (57th-2nd-regular): vote tally matches on 2026-02-25 ({'yes': 0, 'no': 0, 'other': 0, 'absent': 0, 'excused': 0, 'not voting': 0})
  [32m✓[0m  AZ SB 1124 (57th-2nd-regular): vote tally matches on 2026-02-26 ({'yes': 18, 'no': 10, 'other': 0, 'absent': 0, 'excused': 0, 'not voting': 2})
  [32m✓[0m  AZ SB 1124 (57th-2nd-regular): vote tally matches on 2026-02-26 ({'yes': 0, 'no': 0, 'other': 0, 'absent': 0, 'excused': 0, 'not voting': 0})
  [32m✓[0m  AZ SB 1124 (57th-2nd-regular): vote tally matches on 2026-04-14 ({'yes': 0, 'no': 0, 'other': 0, 'absent': 0, 'excused': 0, 'not voting': 0})
  [32m✓[0m  AZ SB 1124 (57th-2nd-regular): vote tally matches on 2026-06-09 ({'yes': 31, 'no': 25, 'other': 0, 'absent': 0, 'excused': 0, 'not voting': 4})
  [32m✓[0m  AZ SB 1124 (57th-2nd-regular): sponsorship count matches (2)
  [32m✓[0m  AZ SB 1125 (57th-2nd-regular): title matches
  [32m✓[0m  AZ SB 1125 (57th-2nd-regular): latest_action matches
  [32m✓[0m  AZ SB 1125 (57th-2nd-regular): vote event count matches (3)
  [32m✓[0m  AZ SB 1125 (57th-2nd-regular): vote tally matches on 2026-02-10 ({'yes': 30, 'no': 0, 'other': 0, 'absent': 0, 'excused': 0, 'not voting': 0})
  [32m✓[0m  AZ SB 1125 (57th-2nd-regular): vote tally matches on 2026-03-24 ({'yes': 0, 'no': 0, 'other': 0, 'absent': 0, 'excused': 0, 'not voting': 0})
  [32m✓[0m  AZ SB 1125 (57th-2nd-regular): vote tally matches on 2026-03-26 ({'yes': 43, 'no': 4, 'other': 0, 'absent': 0, 'excused': 0, 'not voting': 13})
  [32m✓[0m  AZ SB 1125 (57th-2nd-regular): sponsorship count matches (1)
  [32m✓[0m  AZ SB 1137 (57th-2nd-regular): title matches
  [32m✓[0m  AZ SB 1137 (57th-2nd-regular): latest_action matches
  [32m✓[0m  AZ SB 1137 (57th-2nd-regular): vote event count matches (6)
  [32m✓[0m  AZ SB 1137 (57th-2nd-regular): vote tally matches on 2026-02-25 ({'yes': 21, 'no': 6, 'other': 0, 'absent': 0, 'excused': 0, 'not voting': 3})
  [32m✓[0m  AZ SB 1137 (57th-2nd-regular): vote tally matches on 2026-02-25 ({'yes': 0, 'no': 0, 'other': 0, 'absent': 0, 'excused': 0, 'not voting': 0})
  [32m✓[0m  AZ SB 1137 (57th-2nd-regular): vote tally matches on 2026-04-09 ({'yes': 0, 'no': 0, 'other': 0, 'absent': 0, 'excused': 0, 'not voting': 0})
  [32m✓[0m  AZ SB 1137 (57th-2nd-regular): vote tally matches on 2026-04-15 ({'yes': 46, 'no': 6, 'other': 0, 'absent': 0, 'excused': 0, 'not voting': 8})
  [32m✓[0m  AZ SB 1137 (57th-2nd-regular): vote tally matches on 2026-06-09 ({'yes': 0, 'no': 0, 'other': 0, 'absent': 0, 'excused': 0, 'not voting': 0})
  [32m✓[0m  AZ SB 1137 (57th-2nd-regular): vote tally matches on 2026-06-09 ({'yes': 29, 'no': 0, 'other': 0, 'absent': 0, 'excused': 0, 'not voting': 1})
  [32m✓[0m  AZ SB 1137 (57th-2nd-regular): sponsorship count matches (1)
  [32m✓[0m  AZ SB 1144 (57th-2nd-regular): title matches
  [32m✓[0m  AZ SB 1144 (57th-2nd-regular): latest_action matches
  [32m✓[0m  AZ SB 1144 (57th-2nd-regular): vote event count matches (2)
  [32m✓[0m  AZ SB 1144 (57th-2nd-regular): vote tally matches on 2026-02-25 ({'yes': 0, 'no': 0, 'other': 0, 'absent': 0, 'excused': 0, 'not voting': 0})
  [32m✓[0m  AZ SB 1144 (57th-2nd-regular): vote tally matches on 2026-02-25 ({'yes': 24, 'no': 3, 'other': 0, 'absent': 0, 'excused': 0, 'not voting': 3})
  [32m✓[0m  AZ SB 1144 (57th-2nd-regular): sponsorship count matches (1)
  [32m✓[0m  AZ SB 1147 (57th-2nd-regular): title matches
  [32m✓[0m  AZ SB 1147 (57th-2nd-regular): latest_action matches
  [32m✓[0m  AZ SB 1147 (57th-2nd-regular): vote event count matches (2)
  [32m✓[0m  AZ SB 1147 (57th-2nd-regular): vote tally matches on 2026-02-25 ({'yes': 16, 'no': 11, 'other': 0, 'absent': 0, 'excused': 0, 'not voting': 3})
  [32m✓[0m  AZ SB 1147 (57th-2nd-regular): vote tally matches on 2026-02-25 ({'yes': 0, 'no': 0, 'other': 0, 'absent': 0, 'excused': 0, 'not voting': 0})
  [32m✓[0m  AZ SB 1147 (57th-2nd-regular): sponsorship count matches (3)
  [32m✓[0m  AZ SB 1151 (57th-2nd-regular): title matches
  [32m✓[0m  AZ SB 1151 (57th-2nd-regular): latest_action matches
  [32m✓[0m  AZ SB 1151 (57th-2nd-regular): vote event count matches (0)
  [32m✓[0m  AZ SB 1151 (57th-2nd-regular): sponsorship count matches (2)
  [32m✓[0m  AZ SB 1156 (57th-2nd-regular): title matches
  [32m✓[0m  AZ SB 1156 (57th-2nd-regular): latest_action matches
  [32m✓[0m  AZ SB 1156 (57th-2nd-regular): vote event count matches (2)
  [32m✓[0m  AZ SB 1156 (57th-2nd-regular): vote tally matches on 2026-03-03 ({'yes': 0, 'no': 0, 'other': 0, 'absent': 0, 'excused': 0, 'not voting': 0})
  [32m✓[0m  AZ SB 1156 (57th-2nd-regular): vote tally matches on 2026-03-19 ({'yes': 17, 'no': 10, 'other': 0, 'absent': 0, 'excused': 0, 'not voting': 3})
  [32m✓[0m  AZ SB 1156 (57th-2nd-regular): sponsorship count matches (2)
  [32m✓[0m  AZ SB 1162 (57th-2nd-regular): title matches
  [32m✓[0m  AZ SB 1162 (57th-2nd-regular): latest_action matches
  [32m✓[0m  AZ SB 1162 (57th-2nd-regular): vote event count matches (6)
  [32m✓[0m  AZ SB 1162 (57th-2nd-regular): vote tally matches on 2026-03-02 ({'yes': 0, 'no': 0, 'other': 0, 'absent': 0, 'excused': 0, 'not voting': 0})
  [32m✓[0m  AZ SB 1162 (57th-2nd-regular): vote tally matches on 2026-03-02 ({'yes': 29, 'no': 0, 'other': 0, 'absent': 0, 'excused': 0, 'not voting': 1})
  [32m✓[0m  AZ SB 1162 (57th-2nd-regular): vote tally matches on 2026-04-22 ({'yes': 0, 'no': 0, 'other': 0, 'absent': 0, 'excused': 0, 'not voting': 0})
  [32m✓[0m  AZ SB 1162 (57th-2nd-regular): vote tally matches on 2026-04-28 ({'yes': 49, 'no': 8, 'other': 0, 'absent': 0, 'excused': 0, 'not voting': 2})
  [33m~[0m  AZ SB 1162 (57th-2nd-regular): vote tally differs on 2026-06-09  [local={'yes': 28, 'no': 1, 'other': 0, 'absent': 0, 'excused': 0, 'not voting': 1} live={'yes': 0, 'no': 0, 'other': 0, 'absent': 0, 'excused': 0, 'not voting': 0} | Analise Ortiz (yes): local only; Brian Fernandez (yes): local only; Carine Werner (yes): local only; Catherine Miranda (yes): local only; David C. Farnsworth (yes): local only; David Gowan (yes): local only; Denise “Mitzi” Epstein (yes): local only; Eva Diaz (yes): local only; Flavio Bravo (yes): local only; Frank Carroll (yes): local only; Hildy Angius (yes): local only; J.D. Mesnard (yes): local only; Jake Hoffman (no): local only; Janae Shamp (other): local only; John Kavanagh (yes): local only; Kevin Payne (yes): local only; Kiana Sears (yes): local only; Lauren Kuby (yes): local only; Lela Alston (yes): local only; Mark Finchem (yes): local only; Priya Sundareshan (yes): local only; Rosanna Gabaldón (yes): local only; Sally Ann Gonzales (yes): local only; Shawnna Bolick (yes): local only; Theresa Hatathlie (yes): local only; Thomas "T.J." Shope (yes): local only; Timothy "Tim" Dunn (yes): local only; Venden "Vince" Leach (yes): local only; Warren Petersen (yes): local only; Wendy Rogers (yes): local only | 48 other local bill(s) share this signature on 2026-06-09]
  [33m~[0m  AZ SB 1162 (57th-2nd-regular): vote tally differs on 2026-06-09  [local={'yes': 0, 'no': 0, 'other': 0, 'absent': 0, 'excused': 0, 'not voting': 0} live={'yes': 28, 'no': 1, 'other': 0, 'absent': 0, 'excused': 0, 'not voting': 1} | Analise Ortiz (yes): live only; Brian Fernandez (yes): live only; Carine Werner (yes): live only; Catherine Miranda (yes): live only; David C. Farnsworth (yes): live only; David Gowan (yes): live only; Denise “Mitzi” Epstein (yes): live only; Eva Diaz (yes): live only; Flavio Bravo (yes): live only; Frank Carroll (yes): live only; Hildy Angius (yes): live only; J.D. Mesnard (yes): live only; Jake Hoffman (no): live only; Janae Shamp (other): live only; John Kavanagh (yes): live only; Kevin Payne (yes): live only; Kiana Sears (yes): live only; Lauren Kuby (yes): live only; Lela Alston (yes): live only; Mark Finchem (yes): live only; Priya Sundareshan (yes): live only; Rosanna Gabaldón (yes): live only; Sally Ann Gonzales (yes): live only; Shawnna Bolick (yes): live only; Theresa Hatathlie (yes): live only; Thomas "T.J." Shope (yes): live only; Timothy "Tim" Dunn (yes): live only; Venden "Vince" Leach (yes): live only; Warren Petersen (yes): live only; Wendy Rogers (yes): live only | 48 other local bill(s) share this signature on 2026-06-09]
  [32m✓[0m  AZ SB 1162 (57th-2nd-regular): sponsorship count matches (2)
  [32m✓[0m  AZ SB 1170 (57th-2nd-regular): title matches
  [32m✓[0m  AZ SB 1170 (57th-2nd-regular): latest_action matches
  [32m✓[0m  AZ SB 1170 (57th-2nd-regular): vote event count matches (14)
  [32m✓[0m  AZ SB 1170 (57th-2nd-regular): vote tally matches on 2026-02-24 ({'yes': 15, 'no': 12, 'other': 0, 'absent': 0, 'excused': 0, 'not voting': 3})
  [32m✓[0m  AZ SB 1170 (57th-2nd-regular): vote tally matches on 2026-02-24 ({'yes': 0, 'no': 0, 'other': 0, 'absent': 0, 'excused': 0, 'not voting': 0})
  [32m✓[0m  AZ SB 1170 (57th-2nd-regular): vote tally matches on 2026-02-24 ({'yes': 0, 'no': 0, 'other': 0, 'absent': 0, 'excused': 0, 'not voting': 0})
  [32m✓[0m  AZ SB 1170 (57th-2nd-regular): vote tally matches on 2026-03-11 ({'yes': 0, 'no': 0, 'other': 0, 'absent': 0, 'excused': 0, 'not voting': 0})
  [32m✓[0m  AZ SB 1170 (57th-2nd-regular): vote tally matches on 2026-03-17 ({'yes': 17, 'no': 9, 'other': 0, 'absent': 0, 'excused': 0, 'not voting': 4})
  [32m✓[0m  AZ SB 1170 (57th-2nd-regular): vote tally matches on 2026-04-15 ({'yes': 0, 'no': 0, 'other': 0, 'absent': 0, 'excused': 0, 'not voting': 0})
  [32m✓[0m  AZ SB 1170 (57th-2nd-regular): vote tally matches on 2026-06-09 ({'yes': 9, 'no': 47, 'other': 0, 'absent': 0, 'excused': 0, 'not voting': 4})
  [32m✓[0m  AZ SB 1170 (57th-2nd-regular): vote tally matches on 2026-06-09 ({'yes': 0, 'no': 0, 'other': 0, 'absent': 0, 'excused': 0, 'not voting': 0})
  [32m✓[0m  AZ SB 1170 (57th-2nd-regular): vote tally matches on 2026-06-10 ({'yes': 0, 'no': 0, 'other': 0, 'absent': 0, 'excused': 0, 'not voting': 0})
  [32m✓[0m  AZ SB 1170 (57th-2nd-regular): vote tally matches on 2026-06-10 ({'yes': 0, 'no': 0, 'other': 0, 'absent': 0, 'excused': 0, 'not voting': 0})
  [32m✓[0m  AZ SB 1170 (57th-2nd-regular): vote tally matches on 2026-06-11 ({'yes': 32, 'no': 25, 'other': 0, 'absent': 0, 'excused': 0, 'not voting': 3})
  [32m✓[0m  AZ SB 1170 (57th-2nd-regular): vote tally matches on 2026-06-12 ({'yes': 0, 'no': 0, 'other': 0, 'absent': 0, 'excused': 0, 'not voting': 0})
  [32m✓[0m  AZ SB 1170 (57th-2nd-regular): vote tally matches on 2026-06-12 ({'yes': 0, 'no': 0, 'other': 0, 'absent': 0, 'excused': 0, 'not voting': 0})
  [32m✓[0m  AZ SB 1170 (57th-2nd-regular): vote tally matches on 2026-06-12 ({'yes': 14, 'no': 14, 'other': 0, 'absent': 0, 'excused': 0, 'not voting': 2})
  [32m✓[0m  AZ SB 1170 (57th-2nd-regular): sponsorship count matches (3)
  [32m✓[0m  AZ SB 1178 (57th-2nd-regular): title matches
  [32m✓[0m  AZ SB 1178 (57th-2nd-regular): latest_action matches
  [32m✓[0m  AZ SB 1178 (57th-2nd-regular): vote event count matches (10)
  [32m✓[0m  AZ SB 1178 (57th-2nd-regular): vote tally matches on 2026-03-02 ({'yes': 17, 'no': 12, 'other': 0, 'absent': 0, 'excused': 0, 'not voting': 1})
  [32m✓[0m  AZ SB 1178 (57th-2nd-regular): vote tally matches on 2026-03-02 ({'yes': 0, 'no': 0, 'other': 0, 'absent': 0, 'excused': 0, 'not voting': 0})
  [32m✓[0m  AZ SB 1178 (57th-2nd-regular): vote tally matches on 2026-03-02 ({'yes': 13, 'no': 15, 'other': 0, 'absent': 0, 'excused': 0, 'not voting': 2})
  [32m✓[0m  AZ SB 1178 (57th-2nd-regular): vote tally matches on 2026-04-27 ({'yes': 0, 'no': 0, 'other': 0, 'absent': 0, 'excused': 0, 'not voting': 0})
  [32m✓[0m  AZ SB 1178 (57th-2nd-regular): vote tally matches on 2026-04-28 ({'yes': 0, 'no': 0, 'other': 0, 'absent': 0, 'excused': 0, 'not voting': 0})
  [32m✓[0m  AZ SB 1178 (57th-2nd-regular): vote tally matches on 2026-06-09 ({'yes': 0, 'no': 0, 'other': 0, 'absent': 0, 'excused': 0, 'not voting': 0})
  [32m✓[0m  AZ SB 1178 (57th-2nd-regular): vote tally matches on 2026-06-09 ({'yes': 0, 'no': 0, 'other': 0, 'absent': 0, 'excused': 0, 'not voting': 0})
  [32m✓[0m  AZ SB 1178 (57th-2nd-regular): vote tally matches on 2026-06-11 ({'yes': 37, 'no': 20, 'other': 0, 'absent': 0, 'excused': 0, 'not voting': 3})
  [32m✓[0m  AZ SB 1178 (57th-2nd-regular): vote tally matches on 2026-06-12 ({'yes': 0, 'no': 0, 'other': 0, 'absent': 0, 'excused': 0, 'not voting': 0})
  [32m✓[0m  AZ SB 1178 (57th-2nd-regular): vote tally matches on 2026-06-12 ({'yes': 14, 'no': 14, 'other': 0, 'absent': 0, 'excused': 0, 'not voting': 2})
  [32m✓[0m  AZ SB 1178 (57th-2nd-regular): sponsorship count matches (1)
  [32m✓[0m  AZ SB 1179 (57th-2nd-regular): title matches
  [32m✓[0m  AZ SB 1179 (57th-2nd-regular): latest_action matches
  [32m✓[0m  AZ SB 1179 (57th-2nd-regular): vote event count matches (2)
  [32m✓[0m  AZ SB 1179 (57th-2nd-regular): vote tally matches on 2026-03-02 ({'yes': 0, 'no': 0, 'other': 0, 'absent': 0, 'excused': 0, 'not voting': 0})
  [32m✓[0m  AZ SB 1179 (57th-2nd-regular): vote tally matches on 2026-03-02 ({'yes': 16, 'no': 13, 'other': 0, 'absent': 0, 'excused': 0, 'not voting': 1})
  [32m✓[0m  AZ SB 1179 (57th-2nd-regular): sponsorship count matches (1)
  [32m✓[0m  AZ SB 1202 (57th-2nd-regular): title matches
  [32m✓[0m  AZ SB 1202 (57th-2nd-regular): latest_action matches
  [32m✓[0m  AZ SB 1202 (57th-2nd-regular): vote event count matches (4)
  [32m✓[0m  AZ SB 1202 (57th-2nd-regular): vote tally matches on 2026-02-24 ({'yes': 0, 'no': 0, 'other': 0, 'absent': 0, 'excused': 0, 'not voting': 0})
  [32m✓[0m  AZ SB 1202 (57th-2nd-regular): vote tally matches on 2026-02-24 ({'yes': 16, 'no': 11, 'other': 0, 'absent': 0, 'excused': 0, 'not voting': 3})
  [32m✓[0m  AZ SB 1202 (57th-2nd-regular): vote tally matches on 2026-04-08 ({'yes': 0, 'no': 0, 'other': 0, 'absent': 0, 'excused': 0, 'not voting': 0})
  [32m✓[0m  AZ SB 1202 (57th-2nd-regular): vote tally matches on 2026-06-11 ({'yes': 33, 'no': 24, 'other': 0, 'absent': 0, 'excused': 0, 'not voting': 3})
  [32m✓[0m  AZ SB 1202 (57th-2nd-regular): sponsorship count matches (1)
  [32m✓[0m  AZ SB 1205 (57th-2nd-regular): title matches
  [32m✓[0m  AZ SB 1205 (57th-2nd-regular): latest_action matches
  [32m✓[0m  AZ SB 1205 (57th-2nd-regular): vote event count matches (5)
  [32m✓[0m  AZ SB 1205 (57th-2nd-regular): vote tally matches on 2026-02-25 ({'yes': 0, 'no': 0, 'other': 0, 'absent': 0, 'excused': 0, 'not voting': 0})
  [32m✓[0m  AZ SB 1205 (57th-2nd-regular): vote tally matches on 2026-02-25 ({'yes': 27, 'no': 0, 'other': 0, 'absent': 0, 'excused': 0, 'not voting': 3})
  [32m✓[0m  AZ SB 1205 (57th-2nd-regular): vote tally matches on 2026-06-02 ({'yes': 0, 'no': 0, 'other': 0, 'absent': 0, 'excused': 0, 'not voting': 0})
  [32m✓[0m  AZ SB 1205 (57th-2nd-regular): vote tally matches on 2026-06-02 ({'yes': 30, 'no': 27, 'other': 0, 'absent': 0, 'excused': 0, 'not voting': 3})
  [32m✓[0m  AZ SB 1205 (57th-2nd-regular): vote tally matches on 2026-06-09 ({'yes': 51, 'no': 3, 'other': 0, 'absent': 0, 'excused': 0, 'not voting': 6})
  [32m✓[0m  AZ SB 1205 (57th-2nd-regular): sponsorship count matches (1)
  [32m✓[0m  AZ SB 1207 (57th-2nd-regular): title matches
  [32m✓[0m  AZ SB 1207 (57th-2nd-regular): latest_action matches
  [32m✓[0m  AZ SB 1207 (57th-2nd-regular): vote event count matches (2)
  [32m✓[0m  AZ SB 1207 (57th-2nd-regular): vote tally matches on 2026-03-03 ({'yes': 0, 'no': 0, 'other': 0, 'absent': 0, 'excused': 0, 'not voting': 0})
  [32m✓[0m  AZ SB 1207 (57th-2nd-regular): vote tally matches on 2026-03-19 ({'yes': 20, 'no': 7, 'other': 0, 'absent': 0, 'excused': 0, 'not voting': 3})
  [32m✓[0m  AZ SB 1207 (57th-2nd-regular): sponsorship count matches (2)
  [32m✓[0m  AZ SB 1209 (57th-2nd-regular): title matches
  [32m✓[0m  AZ SB 1209 (57th-2nd-regular): latest_action matches
  [32m✓[0m  AZ SB 1209 (57th-2nd-regular): vote event count matches (1)
  [32m✓[0m  AZ SB 1209 (57th-2nd-regular): vote tally matches on 2026-03-05 ({'yes': 28, 'no': 0, 'other': 0, 'absent': 0, 'excused': 0, 'not voting': 2})
  [32m✓[0m  AZ SB 1209 (57th-2nd-regular): sponsorship count matches (1)
  [32m✓[0m  AZ SB 1217 (57th-2nd-regular): title matches
  [32m✓[0m  AZ SB 1217 (57th-2nd-regular): latest_action matches
  [32m✓[0m  AZ SB 1217 (57th-2nd-regular): vote event count matches (0)
  [32m✓[0m  AZ SB 1217 (57th-2nd-regular): sponsorship count matches (1)
  [32m✓[0m  AZ SB 1224 (57th-2nd-regular): title matches
  [32m✓[0m  AZ SB 1224 (57th-2nd-regular): latest_action matches
  [32m✓[0m  AZ SB 1224 (57th-2nd-regular): vote event count matches (0)
  [32m✓[0m  AZ SB 1224 (57th-2nd-regular): sponsorship count matches (1)
  [32m✓[0m  AZ SB 1230 (57th-2nd-regular): title matches
  [32m✓[0m  AZ SB 1230 (57th-2nd-regular): latest_action matches
  [32m✓[0m  AZ SB 1230 (57th-2nd-regular): vote event count matches (0)
  [32m✓[0m  AZ SB 1230 (57th-2nd-regular): sponsorship count matches (1)
  [32m✓[0m  AZ SB 1234 (57th-2nd-regular): title matches
  [32m✓[0m  AZ SB 1234 (57th-2nd-regular): latest_action matches
  [32m✓[0m  AZ SB 1234 (57th-2nd-regular): vote event count matches (2)
  [32m✓[0m  AZ SB 1234 (57th-2nd-regular): vote tally matches on 2026-03-10 ({'yes': 0, 'no': 0, 'other': 0, 'absent': 0, 'excused': 0, 'not voting': 0})
  [32m✓[0m  AZ SB 1234 (57th-2nd-regular): vote tally matches on 2026-03-17 ({'yes': 16, 'no': 10, 'other': 0, 'absent': 0, 'excused': 0, 'not voting': 4})
  [32m✓[0m  AZ SB 1234 (57th-2nd-regular): sponsorship count matches (2)
  [32m✓[0m  AZ SB 1237 (57th-2nd-regular): title matches
  [32m✓[0m  AZ SB 1237 (57th-2nd-regular): latest_action matches
  [32m✓[0m  AZ SB 1237 (57th-2nd-regular): vote event count matches (4)
  [32m✓[0m  AZ SB 1237 (57th-2nd-regular): vote tally matches on 2026-02-23 ({'yes': 16, 'no': 11, 'other': 0, 'absent': 0, 'excused': 0, 'not voting': 3})
  [32m✓[0m  AZ SB 1237 (57th-2nd-regular): vote tally matches on 2026-02-23 ({'yes': 0, 'no': 0, 'other': 0, 'absent': 0, 'excused': 0, 'not voting': 0})
  [32m✓[0m  AZ SB 1237 (57th-2nd-regular): vote tally matches on 2026-04-02 ({'yes': 0, 'no': 0, 'other': 0, 'absent': 0, 'excused': 0, 'not voting': 0})
  [32m✓[0m  AZ SB 1237 (57th-2nd-regular): vote tally matches on 2026-04-09 ({'yes': 31, 'no': 21, 'other': 0, 'absent': 0, 'excused': 0, 'not voting': 8})
  [32m✓[0m  AZ SB 1237 (57th-2nd-regular): sponsorship count matches (1)
  [32m✓[0m  AZ SB 1243 (57th-2nd-regular): title matches
  [32m✓[0m  AZ SB 1243 (57th-2nd-regular): latest_action matches
  [32m✓[0m  AZ SB 1243 (57th-2nd-regular): vote event count matches (4)
  [32m✓[0m  AZ SB 1243 (57th-2nd-regular): vote tally matches on 2026-02-24 ({'yes': 0, 'no': 0, 'other': 0, 'absent': 0, 'excused': 0, 'not voting': 0})
  [32m✓[0m  AZ SB 1243 (57th-2nd-regular): vote tally matches on 2026-02-24 ({'yes': 22, 'no': 5, 'other': 0, 'absent': 0, 'excused': 0, 'not voting': 3})
  [32m✓[0m  AZ SB 1243 (57th-2nd-regular): vote tally matches on 2026-04-02 ({'yes': 0, 'no': 0, 'other': 0, 'absent': 0, 'excused': 0, 'not voting': 0})
  [32m✓[0m  AZ SB 1243 (57th-2nd-regular): vote tally matches on 2026-06-02 ({'yes': 50, 'no': 7, 'other': 0, 'absent': 0, 'excused': 0, 'not voting': 3})
  [32m✓[0m  AZ SB 1243 (57th-2nd-regular): sponsorship count matches (2)
  [32m✓[0m  AZ SB 1244 (57th-2nd-regular): title matches
  [32m✓[0m  AZ SB 1244 (57th-2nd-regular): latest_action matches
  [32m✓[0m  AZ SB 1244 (57th-2nd-regular): vote event count matches (2)
  [32m✓[0m  AZ SB 1244 (57th-2nd-regular): vote tally matches on 2026-02-24 ({'yes': 0, 'no': 0, 'other': 0, 'absent': 0, 'excused': 0, 'not voting': 0})
  [32m✓[0m  AZ SB 1244 (57th-2nd-regular): vote tally matches on 2026-03-02 ({'yes': 19, 'no': 10, 'other': 0, 'absent': 0, 'excused': 0, 'not voting': 1})
  [32m✓[0m  AZ SB 1244 (57th-2nd-regular): sponsorship count matches (2)
  [32m✓[0m  AZ SB 1246 (57th-2nd-regular): title matches
  [32m✓[0m  AZ SB 1246 (57th-2nd-regular): latest_action matches
  [32m✓[0m  AZ SB 1246 (57th-2nd-regular): vote event count matches (3)
  [32m✓[0m  AZ SB 1246 (57th-2nd-regular): vote tally matches on 2026-02-26 ({'yes': 28, 'no': 0, 'other': 0, 'absent': 0, 'excused': 0, 'not voting': 2})
  [32m✓[0m  AZ SB 1246 (57th-2nd-regular): vote tally matches on 2026-02-26 ({'yes': 0, 'no': 0, 'other': 0, 'absent': 0, 'excused': 0, 'not voting': 0})
  [32m✓[0m  AZ SB 1246 (57th-2nd-regular): vote tally matches on 2026-06-02 ({'yes': 57, 'no': 0, 'other': 0, 'absent': 0, 'excused': 0, 'not voting': 3})
  [32m✓[0m  AZ SB 1246 (57th-2nd-regular): sponsorship count matches (1)
  [32m✓[0m  AZ SB 1254 (57th-2nd-regular): title matches
  [32m✓[0m  AZ SB 1254 (57th-2nd-regular): latest_action matches
  [32m✓[0m  AZ SB 1254 (57th-2nd-regular): vote event count matches (6)
  [32m✓[0m  AZ SB 1254 (57th-2nd-regular): vote tally matches on 2026-02-25 ({'yes': 0, 'no': 0, 'other': 0, 'absent': 0, 'excused': 0, 'not voting': 0})
  [32m✓[0m  AZ SB 1254 (57th-2nd-regular): vote tally matches on 2026-02-25 ({'yes': 27, 'no': 0, 'other': 0, 'absent': 0, 'excused': 0, 'not voting': 3})
  [32m✓[0m  AZ SB 1254 (57th-2nd-regular): vote tally matches on 2026-04-09 ({'yes': 0, 'no': 0, 'other': 0, 'absent': 0, 'excused': 0, 'not voting': 0})
  [32m✓[0m  AZ SB 1254 (57th-2nd-regular): vote tally matches on 2026-04-20 ({'yes': 50, 'no': 0, 'other': 0, 'absent': 0, 'excused': 0, 'not voting': 9})
  [33m~[0m  AZ SB 1254 (57th-2nd-regular): vote tally differs on 2026-06-01  [local={'yes': 26, 'no': 0, 'other': 0, 'absent': 0, 'excused': 0, 'not voting': 4} live={'yes': 0, 'no': 0, 'other': 0, 'absent': 0, 'excused': 0, 'not voting': 0} | Analise Ortiz (yes): local only; Brian Fernandez (yes): local only; Carine Werner (yes): local only; Catherine Miranda (yes): local only; David C. Farnsworth (yes): local only; David Gowan (yes): local only; Denise “Mitzi” Epstein (yes): local only; Eva Diaz (yes): local only; Flavio Bravo (yes): local only; Frank Carroll (other): local only; Hildy Angius (yes): local only; J.D. Mesnard (yes): local only; Jake Hoffman (other): local only; Janae Shamp (other): local only; John Kavanagh (yes): local only; Kevin Payne (yes): local only; Kiana Sears (yes): local only; Lauren Kuby (yes): local only; Lela Alston (yes): local only; Mark Finchem (yes): local only; Priya Sundareshan (yes): local only; Rosanna Gabaldón (yes): local only; Sally Ann Gonzales (yes): local only; Shawnna Bolick (yes): local only; Theresa Hatathlie (yes): local only; Thomas "T.J." Shope (yes): local only; Timothy "Tim" Dunn (yes): local only; Venden "Vince" Leach (yes): local only; Warren Petersen (other): local only; Wendy Rogers (yes): local only | 10 other local bill(s) share this signature on 2026-06-01]
  [33m~[0m  AZ SB 1254 (57th-2nd-regular): vote tally differs on 2026-06-01  [local={'yes': 0, 'no': 0, 'other': 0, 'absent': 0, 'excused': 0, 'not voting': 0} live={'yes': 26, 'no': 0, 'other': 0, 'absent': 0, 'excused': 0, 'not voting': 4} | Analise Ortiz (yes): live only; Brian Fernandez (yes): live only; Carine Werner (yes): live only; Catherine Miranda (yes): live only; David C. Farnsworth (yes): live only; David Gowan (yes): live only; Denise “Mitzi” Epstein (yes): live only; Eva Diaz (yes): live only; Flavio Bravo (yes): live only; Frank Carroll (other): live only; Hildy Angius (yes): live only; J.D. Mesnard (yes): live only; Jake Hoffman (other): live only; Janae Shamp (other): live only; John Kavanagh (yes): live only; Kevin Payne (yes): live only; Kiana Sears (yes): live only; Lauren Kuby (yes): live only; Lela Alston (yes): live only; Mark Finchem (yes): live only; Priya Sundareshan (yes): live only; Rosanna Gabaldón (yes): live only; Sally Ann Gonzales (yes): live only; Shawnna Bolick (yes): live only; Theresa Hatathlie (yes): live only; Thomas "T.J." Shope (yes): live only; Timothy "Tim" Dunn (yes): live only; Venden "Vince" Leach (yes): live only; Warren Petersen (other): live only; Wendy Rogers (yes): live only | 10 other local bill(s) share this signature on 2026-06-01]
  [32m✓[0m  AZ SB 1254 (57th-2nd-regular): sponsorship count matches (1)
    ...350/500
  [32m✓[0m  AZ SB 1258 (57th-2nd-regular): title matches
  [32m✓[0m  AZ SB 1258 (57th-2nd-regular): latest_action matches
  [32m✓[0m  AZ SB 1258 (57th-2nd-regular): vote event count matches (0)
  [32m✓[0m  AZ SB 1258 (57th-2nd-regular): sponsorship count matches (1)
  [32m✓[0m  AZ SB 1259 (57th-2nd-regular): title matches
  [32m✓[0m  AZ SB 1259 (57th-2nd-regular): latest_action matches
  [32m✓[0m  AZ SB 1259 (57th-2nd-regular): vote event count matches (3)
  [32m✓[0m  AZ SB 1259 (57th-2nd-regular): vote tally matches on 2026-02-12 ({'yes': 29, 'no': 0, 'other': 0, 'absent': 0, 'excused': 0, 'not voting': 1})
  [32m✓[0m  AZ SB 1259 (57th-2nd-regular): vote tally matches on 2026-04-07 ({'yes': 0, 'no': 0, 'other': 0, 'absent': 0, 'excused': 0, 'not voting': 0})
  [32m✓[0m  AZ SB 1259 (57th-2nd-regular): vote tally matches on 2026-06-02 ({'yes': 43, 'no': 14, 'other': 0, 'absent': 0, 'excused': 0, 'not voting': 3})
  [32m✓[0m  AZ SB 1259 (57th-2nd-regular): sponsorship count matches (1)
  [32m✓[0m  AZ SB 1260 (57th-2nd-regular): title matches
  [32m✓[0m  AZ SB 1260 (57th-2nd-regular): latest_action matches
  [32m✓[0m  AZ SB 1260 (57th-2nd-regular): vote event count matches (0)
  [32m✓[0m  AZ SB 1260 (57th-2nd-regular): sponsorship count matches (1)
  [32m✓[0m  AZ SB 1261 (57th-2nd-regular): title matches
  [32m✓[0m  AZ SB 1261 (57th-2nd-regular): latest_action matches
  [32m✓[0m  AZ SB 1261 (57th-2nd-regular): vote event count matches (0)
  [32m✓[0m  AZ SB 1261 (57th-2nd-regular): sponsorship count matches (1)
  [32m✓[0m  AZ SB 1263 (57th-2nd-regular): title matches
  [32m✓[0m  AZ SB 1263 (57th-2nd-regular): latest_action matches
  [32m✓[0m  AZ SB 1263 (57th-2nd-regular): vote event count matches (0)
  [32m✓[0m  AZ SB 1263 (57th-2nd-regular): sponsorship count matches (13)
  [32m✓[0m  AZ SB 1268 (57th-2nd-regular): title matches
  [32m✓[0m  AZ SB 1268 (57th-2nd-regular): latest_action matches
  [32m✓[0m  AZ SB 1268 (57th-2nd-regular): vote event count matches (1)
  [32m✓[0m  AZ SB 1268 (57th-2nd-regular): vote tally matches on 2026-02-10 ({'yes': 0, 'no': 0, 'other': 0, 'absent': 0, 'excused': 0, 'not voting': 0})
  [32m✓[0m  AZ SB 1268 (57th-2nd-regular): sponsorship count matches (1)
  [32m✓[0m  AZ SB 1269 (57th-2nd-regular): title matches
  [32m✓[0m  AZ SB 1269 (57th-2nd-regular): latest_action matches
  [32m✓[0m  AZ SB 1269 (57th-2nd-regular): vote event count matches (0)
  [32m✓[0m  AZ SB 1269 (57th-2nd-regular): sponsorship count matches (1)
  [32m✓[0m  AZ SB 1277 (57th-2nd-regular): title matches
  [32m✓[0m  AZ SB 1277 (57th-2nd-regular): latest_action matches
  [32m✓[0m  AZ SB 1277 (57th-2nd-regular): vote event count matches (0)
  [32m✓[0m  AZ SB 1277 (57th-2nd-regular): sponsorship count matches (1)
  [32m✓[0m  AZ SB 1279 (57th-2nd-regular): title matches
  [32m✓[0m  AZ SB 1279 (57th-2nd-regular): latest_action matches
  [32m✓[0m  AZ SB 1279 (57th-2nd-regular): vote event count matches (0)
  [32m✓[0m  AZ SB 1279 (57th-2nd-regular): sponsorship count matches (1)
  [32m✓[0m  AZ SB 1284 (57th-2nd-regular): title matches
  [32m✓[0m  AZ SB 1284 (57th-2nd-regular): latest_action matches
  [32m✓[0m  AZ SB 1284 (57th-2nd-regular): vote event count matches (2)
  [32m✓[0m  AZ SB 1284 (57th-2nd-regular): vote tally matches on 2026-03-03 ({'yes': 0, 'no': 0, 'other': 0, 'absent': 0, 'excused': 0, 'not voting': 0})
  [32m✓[0m  AZ SB 1284 (57th-2nd-regular): vote tally matches on 2026-03-10 ({'yes': 20, 'no': 9, 'other': 0, 'absent': 0, 'excused': 0, 'not voting': 1})
  [32m✓[0m  AZ SB 1284 (57th-2nd-regular): sponsorship count matches (1)
  [31m✗[0m  AZ SB 1295 (57th-2nd-regular): live API error  [HTTPSConnectionPool(host='v3.openstates.org', port=443): Read timed out. (read timeout=15)]
  [31m✗[0m  AZ SB 1301 (57th-2nd-regular): live API error  [502 Server Error: Bad Gateway for url: https://v3.openstates.org/bills?jurisdiction=az&session=57th-2nd-regular&identifier=SB+1301&include=votes&include=sponsorships&include=actions&apikey=REDACTED-API-KEY]
  [31m✗[0m  AZ SB 1308 (57th-2nd-regular): live API error  [HTTPSConnectionPool(host='v3.openstates.org', port=443): Read timed out. (read timeout=15)]
  [32m✓[0m  AZ SB 1332 (57th-2nd-regular): title matches
  [32m✓[0m  AZ SB 1332 (57th-2nd-regular): latest_action matches
  [32m✓[0m  AZ SB 1332 (57th-2nd-regular): vote event count matches (5)
  [32m✓[0m  AZ SB 1332 (57th-2nd-regular): vote tally matches on 2026-03-09 ({'yes': 0, 'no': 0, 'other': 0, 'absent': 0, 'excused': 0, 'not voting': 0})
  [32m✓[0m  AZ SB 1332 (57th-2nd-regular): vote tally matches on 2026-03-16 ({'yes': 0, 'no': 0, 'other': 0, 'absent': 0, 'excused': 0, 'not voting': 0})
  [32m✓[0m  AZ SB 1332 (57th-2nd-regular): vote tally matches on 2026-03-17 ({'yes': 17, 'no': 9, 'other': 0, 'absent': 0, 'excused': 0, 'not voting': 4})
  [32m✓[0m  AZ SB 1332 (57th-2nd-regular): vote tally matches on 2026-06-01 ({'yes': 0, 'no': 0, 'other': 0, 'absent': 0, 'excused': 0, 'not voting': 0})
  [32m✓[0m  AZ SB 1332 (57th-2nd-regular): vote tally matches on 2026-06-11 ({'yes': 32, 'no': 25, 'other': 0, 'absent': 0, 'excused': 0, 'not voting': 3})
  [32m✓[0m  AZ SB 1332 (57th-2nd-regular): sponsorship count matches (1)
  [32m✓[0m  AZ SB 1337 (57th-2nd-regular): title matches
  [32m✓[0m  AZ SB 1337 (57th-2nd-regular): latest_action matches
  [32m✓[0m  AZ SB 1337 (57th-2nd-regular): vote event count matches (0)
  [32m✓[0m  AZ SB 1337 (57th-2nd-regular): sponsorship count matches (1)
  [32m✓[0m  AZ SB 1346 (57th-2nd-regular): title matches
  [32m✓[0m  AZ SB 1346 (57th-2nd-regular): latest_action matches
  [32m✓[0m  AZ SB 1346 (57th-2nd-regular): vote event count matches (3)
  [32m✓[0m  AZ SB 1346 (57th-2nd-regular): vote tally matches on 2026-02-25 ({'yes': 0, 'no': 0, 'other': 0, 'absent': 0, 'excused': 0, 'not voting': 0})
  [32m✓[0m  AZ SB 1346 (57th-2nd-regular): vote tally matches on 2026-02-25 ({'yes': 16, 'no': 10, 'other': 0, 'absent': 0, 'excused': 0, 'not voting': 4})
  [32m✓[0m  AZ SB 1346 (57th-2nd-regular): vote tally matches on 2026-04-16 ({'yes': 0, 'no': 0, 'other': 0, 'absent': 0, 'excused': 0, 'not voting': 0})
  [32m✓[0m  AZ SB 1346 (57th-2nd-regular): sponsorship count matches (2)
  [32m✓[0m  AZ SB 1356 (57th-2nd-regular): title matches
  [32m✓[0m  AZ SB 1356 (57th-2nd-regular): latest_action matches
  [32m✓[0m  AZ SB 1356 (57th-2nd-regular): vote event count matches (0)
  [32m✓[0m  AZ SB 1356 (57th-2nd-regular): sponsorship count matches (8)
  [32m✓[0m  AZ SB 1362 (57th-2nd-regular): title matches
  [32m✓[0m  AZ SB 1362 (57th-2nd-regular): latest_action matches
  [32m✓[0m  AZ SB 1362 (57th-2nd-regular): vote event count matches (0)
  [32m✓[0m  AZ SB 1362 (57th-2nd-regular): sponsorship count matches (9)
  [32m✓[0m  AZ SB 1369 (57th-2nd-regular): title matches
  [32m✓[0m  AZ SB 1369 (57th-2nd-regular): latest_action matches
  [32m✓[0m  AZ SB 1369 (57th-2nd-regular): vote event count matches (0)
  [32m✓[0m  AZ SB 1369 (57th-2nd-regular): sponsorship count matches (1)
  [32m✓[0m  AZ SB 1376 (57th-2nd-regular): title matches
  [32m✓[0m  AZ SB 1376 (57th-2nd-regular): latest_action matches
  [32m✓[0m  AZ SB 1376 (57th-2nd-regular): vote event count matches (0)
  [32m✓[0m  AZ SB 1376 (57th-2nd-regular): sponsorship count matches (4)
  [32m✓[0m  AZ SB 1380 (57th-2nd-regular): title matches
  [32m✓[0m  AZ SB 1380 (57th-2nd-regular): latest_action matches
  [32m✓[0m  AZ SB 1380 (57th-2nd-regular): vote event count matches (0)
  [32m✓[0m  AZ SB 1380 (57th-2nd-regular): sponsorship count matches (12)
  [32m✓[0m  AZ SB 1386 (57th-2nd-regular): title matches
  [32m✓[0m  AZ SB 1386 (57th-2nd-regular): latest_action matches
  [32m✓[0m  AZ SB 1386 (57th-2nd-regular): vote event count matches (0)
  [32m✓[0m  AZ SB 1386 (57th-2nd-regular): sponsorship count matches (1)
  [32m✓[0m  AZ SB 1394 (57th-2nd-regular): title matches
  [32m✓[0m  AZ SB 1394 (57th-2nd-regular): latest_action matches
  [32m✓[0m  AZ SB 1394 (57th-2nd-regular): vote event count matches (0)
  [32m✓[0m  AZ SB 1394 (57th-2nd-regular): sponsorship count matches (11)
  [32m✓[0m  AZ SB 1397 (57th-2nd-regular): title matches
  [32m✓[0m  AZ SB 1397 (57th-2nd-regular): latest_action matches
  [32m✓[0m  AZ SB 1397 (57th-2nd-regular): vote event count matches (0)
  [32m✓[0m  AZ SB 1397 (57th-2nd-regular): sponsorship count matches (1)
  [32m✓[0m  AZ SB 1399 (57th-2nd-regular): title matches
  [33m~[0m  AZ SB 1399 (57th-2nd-regular): latest_action differs  [local='transmit to governor' live='signed by governor']
  [32m✓[0m  AZ SB 1399 (57th-2nd-regular): vote event count matches (4)
  [32m✓[0m  AZ SB 1399 (57th-2nd-regular): vote tally matches on 2026-03-03 ({'yes': 0, 'no': 0, 'other': 0, 'absent': 0, 'excused': 0, 'not voting': 0})
  [32m✓[0m  AZ SB 1399 (57th-2nd-regular): vote tally matches on 2026-03-05 ({'yes': 27, 'no': 1, 'other': 0, 'absent': 0, 'excused': 0, 'not voting': 2})
  [32m✓[0m  AZ SB 1399 (57th-2nd-regular): vote tally matches on 2026-05-05 ({'yes': 0, 'no': 0, 'other': 0, 'absent': 0, 'excused': 0, 'not voting': 0})
  [32m✓[0m  AZ SB 1399 (57th-2nd-regular): vote tally matches on 2026-06-11 ({'yes': 32, 'no': 25, 'other': 0, 'absent': 0, 'excused': 0, 'not voting': 3})
  [32m✓[0m  AZ SB 1399 (57th-2nd-regular): sponsorship count matches (1)
    ...375/500
  [32m✓[0m  AZ SB 1404 (57th-2nd-regular): title matches
  [32m✓[0m  AZ SB 1404 (57th-2nd-regular): latest_action matches
  [32m✓[0m  AZ SB 1404 (57th-2nd-regular): vote event count matches (0)
  [32m✓[0m  AZ SB 1404 (57th-2nd-regular): sponsorship count matches (1)
  [32m✓[0m  AZ SB 1405 (57th-2nd-regular): title matches
  [32m✓[0m  AZ SB 1405 (57th-2nd-regular): latest_action matches
  [32m✓[0m  AZ SB 1405 (57th-2nd-regular): vote event count matches (0)
  [32m✓[0m  AZ SB 1405 (57th-2nd-regular): sponsorship count matches (2)
  [32m✓[0m  AZ SB 1407 (57th-2nd-regular): title matches
  [32m✓[0m  AZ SB 1407 (57th-2nd-regular): latest_action matches
  [32m✓[0m  AZ SB 1407 (57th-2nd-regular): vote event count matches (0)
  [32m✓[0m  AZ SB 1407 (57th-2nd-regular): sponsorship count matches (3)
  [32m✓[0m  AZ SB 1410 (57th-2nd-regular): title matches
  [32m✓[0m  AZ SB 1410 (57th-2nd-regular): latest_action matches
  [32m✓[0m  AZ SB 1410 (57th-2nd-regular): vote event count matches (0)
  [32m✓[0m  AZ SB 1410 (57th-2nd-regular): sponsorship count matches (2)
  [32m✓[0m  AZ SB 1413 (57th-2nd-regular): title matches
  [32m✓[0m  AZ SB 1413 (57th-2nd-regular): latest_action matches
  [32m✓[0m  AZ SB 1413 (57th-2nd-regular): vote event count matches (5)
  [32m✓[0m  AZ SB 1413 (57th-2nd-regular): vote tally matches on 2026-02-26 ({'yes': 0, 'no': 0, 'other': 0, 'absent': 0, 'excused': 0, 'not voting': 0})
  [32m✓[0m  AZ SB 1413 (57th-2nd-regular): vote tally matches on 2026-02-26 ({'yes': 27, 'no': 1, 'other': 0, 'absent': 0, 'excused': 0, 'not voting': 2})
  [32m✓[0m  AZ SB 1413 (57th-2nd-regular): vote tally matches on 2026-04-09 ({'yes': 0, 'no': 0, 'other': 0, 'absent': 0, 'excused': 0, 'not voting': 0})
  [32m✓[0m  AZ SB 1413 (57th-2nd-regular): vote tally matches on 2026-04-16 ({'yes': 0, 'no': 0, 'other': 0, 'absent': 0, 'excused': 0, 'not voting': 0})
  [32m✓[0m  AZ SB 1413 (57th-2nd-regular): vote tally matches on 2026-04-16 ({'yes': 2, 'no': 48, 'other': 0, 'absent': 0, 'excused': 0, 'not voting': 10})
  [32m✓[0m  AZ SB 1413 (57th-2nd-regular): sponsorship count matches (1)
  [32m✓[0m  AZ SB 1416 (57th-2nd-regular): title matches
  [32m✓[0m  AZ SB 1416 (57th-2nd-regular): latest_action matches
  [32m✓[0m  AZ SB 1416 (57th-2nd-regular): vote event count matches (3)
  [32m✓[0m  AZ SB 1416 (57th-2nd-regular): vote tally matches on 2026-03-03 ({'yes': 0, 'no': 0, 'other': 0, 'absent': 0, 'excused': 0, 'not voting': 0})
  [32m✓[0m  AZ SB 1416 (57th-2nd-regular): vote tally matches on 2026-03-09 ({'yes': 29, 'no': 0, 'other': 0, 'absent': 0, 'excused': 0, 'not voting': 1})
  [32m✓[0m  AZ SB 1416 (57th-2nd-regular): vote tally matches on 2026-06-09 ({'yes': 53, 'no': 0, 'other': 0, 'absent': 0, 'excused': 0, 'not voting': 7})
  [32m✓[0m  AZ SB 1416 (57th-2nd-regular): sponsorship count matches (1)
  [32m✓[0m  AZ SB 1418 (57th-2nd-regular): title matches
  [32m✓[0m  AZ SB 1418 (57th-2nd-regular): latest_action matches
  [32m✓[0m  AZ SB 1418 (57th-2nd-regular): vote event count matches (10)
  [32m✓[0m  AZ SB 1418 (57th-2nd-regular): vote tally matches on 2026-02-25 ({'yes': 16, 'no': 8, 'other': 0, 'absent': 0, 'excused': 0, 'not voting': 6})
  [32m✓[0m  AZ SB 1418 (57th-2nd-regular): vote tally matches on 2026-02-25 ({'yes': 15, 'no': 12, 'other': 0, 'absent': 0, 'excused': 0, 'not voting': 3})
  [32m✓[0m  AZ SB 1418 (57th-2nd-regular): vote tally matches on 2026-02-25 ({'yes': 0, 'no': 0, 'other': 0, 'absent': 0, 'excused': 0, 'not voting': 0})
  [32m✓[0m  AZ SB 1418 (57th-2nd-regular): vote tally matches on 2026-03-03 ({'yes': 16, 'no': 14, 'other': 0, 'absent': 0, 'excused': 0, 'not voting': 0})
  [32m✓[0m  AZ SB 1418 (57th-2nd-regular): vote tally matches on 2026-04-07 ({'yes': 0, 'no': 0, 'other': 0, 'absent': 0, 'excused': 0, 'not voting': 0})
  [32m✓[0m  AZ SB 1418 (57th-2nd-regular): vote tally matches on 2026-06-01 ({'yes': 0, 'no': 0, 'other': 0, 'absent': 0, 'excused': 0, 'not voting': 0})
  [32m✓[0m  AZ SB 1418 (57th-2nd-regular): vote tally matches on 2026-06-01 ({'yes': 0, 'no': 0, 'other': 0, 'absent': 0, 'excused': 0, 'not voting': 0})
  [32m✓[0m  AZ SB 1418 (57th-2nd-regular): vote tally matches on 2026-06-09 ({'yes': 31, 'no': 23, 'other': 0, 'absent': 0, 'excused': 0, 'not voting': 6})
  [32m✓[0m  AZ SB 1418 (57th-2nd-regular): vote tally matches on 2026-06-11 ({'yes': 16, 'no': 11, 'other': 0, 'absent': 0, 'excused': 0, 'not voting': 3})
  [32m✓[0m  AZ SB 1418 (57th-2nd-regular): vote tally matches on 2026-06-11 ({'yes': 0, 'no': 0, 'other': 0, 'absent': 0, 'excused': 0, 'not voting': 0})
  [32m✓[0m  AZ SB 1418 (57th-2nd-regular): sponsorship count matches (1)
  [32m✓[0m  AZ SB 1421 (57th-2nd-regular): title matches
  [32m✓[0m  AZ SB 1421 (57th-2nd-regular): latest_action matches
  [32m✓[0m  AZ SB 1421 (57th-2nd-regular): vote event count matches (4)
  [32m✓[0m  AZ SB 1421 (57th-2nd-regular): vote tally matches on 2026-02-25 ({'yes': 0, 'no': 0, 'other': 0, 'absent': 0, 'excused': 0, 'not voting': 0})
  [32m✓[0m  AZ SB 1421 (57th-2nd-regular): vote tally matches on 2026-02-25 ({'yes': 16, 'no': 12, 'other': 0, 'absent': 0, 'excused': 0, 'not voting': 2})
  [32m✓[0m  AZ SB 1421 (57th-2nd-regular): vote tally matches on 2026-04-15 ({'yes': 0, 'no': 0, 'other': 0, 'absent': 0, 'excused': 0, 'not voting': 0})
  [32m✓[0m  AZ SB 1421 (57th-2nd-regular): vote tally matches on 2026-06-11 ({'yes': 32, 'no': 25, 'other': 0, 'absent': 0, 'excused': 0, 'not voting': 3})
  [32m✓[0m  AZ SB 1421 (57th-2nd-regular): sponsorship count matches (2)
  [32m✓[0m  AZ SB 1425 (57th-2nd-regular): title matches
  [32m✓[0m  AZ SB 1425 (57th-2nd-regular): latest_action matches
  [32m✓[0m  AZ SB 1425 (57th-2nd-regular): vote event count matches (1)
  [32m✓[0m  AZ SB 1425 (57th-2nd-regular): vote tally matches on 2026-02-05 ({'yes': 0, 'no': 0, 'other': 0, 'absent': 0, 'excused': 0, 'not voting': 0})
  [32m✓[0m  AZ SB 1425 (57th-2nd-regular): sponsorship count matches (2)
  [32m✓[0m  AZ SB 1430 (57th-2nd-regular): title matches
  [32m✓[0m  AZ SB 1430 (57th-2nd-regular): latest_action matches
  [32m✓[0m  AZ SB 1430 (57th-2nd-regular): vote event count matches (5)
  [32m✓[0m  AZ SB 1430 (57th-2nd-regular): vote tally matches on 2026-02-19 ({'yes': 27, 'no': 0, 'other': 0, 'absent': 0, 'excused': 0, 'not voting': 3})
  [32m✓[0m  AZ SB 1430 (57th-2nd-regular): vote tally matches on 2026-03-23 ({'yes': 0, 'no': 0, 'other': 0, 'absent': 0, 'excused': 0, 'not voting': 0})
  [32m✓[0m  AZ SB 1430 (57th-2nd-regular): vote tally matches on 2026-03-25 ({'yes': 51, 'no': 0, 'other': 0, 'absent': 0, 'excused': 0, 'not voting': 9})
  [32m✓[0m  AZ SB 1430 (57th-2nd-regular): vote tally matches on 2026-04-07 ({'yes': 0, 'no': 0, 'other': 0, 'absent': 0, 'excused': 0, 'not voting': 0})
  [32m✓[0m  AZ SB 1430 (57th-2nd-regular): vote tally matches on 2026-04-07 ({'yes': 29, 'no': 0, 'other': 0, 'absent': 0, 'excused': 0, 'not voting': 1})
  [32m✓[0m  AZ SB 1430 (57th-2nd-regular): sponsorship count matches (1)
  [32m✓[0m  AZ SB 1434 (57th-2nd-regular): title matches
  [32m✓[0m  AZ SB 1434 (57th-2nd-regular): latest_action matches
  [32m✓[0m  AZ SB 1434 (57th-2nd-regular): vote event count matches (0)
  [32m✓[0m  AZ SB 1434 (57th-2nd-regular): sponsorship count matches (1)
  [32m✓[0m  AZ SB 1437 (57th-2nd-regular): title matches
  [32m✓[0m  AZ SB 1437 (57th-2nd-regular): latest_action matches
  [32m✓[0m  AZ SB 1437 (57th-2nd-regular): vote event count matches (2)
  [32m✓[0m  AZ SB 1437 (57th-2nd-regular): vote tally matches on 2026-02-24 ({'yes': 16, 'no': 11, 'other': 0, 'absent': 0, 'excused': 0, 'not voting': 3})
  [32m✓[0m  AZ SB 1437 (57th-2nd-regular): vote tally matches on 2026-02-24 ({'yes': 0, 'no': 0, 'other': 0, 'absent': 0, 'excused': 0, 'not voting': 0})
  [32m✓[0m  AZ SB 1437 (57th-2nd-regular): sponsorship count matches (1)
  [32m✓[0m  AZ SB 1442 (57th-2nd-regular): title matches
  [32m✓[0m  AZ SB 1442 (57th-2nd-regular): latest_action matches
  [32m✓[0m  AZ SB 1442 (57th-2nd-regular): vote event count matches (0)
  [32m✓[0m  AZ SB 1442 (57th-2nd-regular): sponsorship count matches (11)
  [32m✓[0m  AZ SB 1446 (57th-2nd-regular): title matches
  [32m✓[0m  AZ SB 1446 (57th-2nd-regular): latest_action matches
  [32m✓[0m  AZ SB 1446 (57th-2nd-regular): vote event count matches (3)
  [32m✓[0m  AZ SB 1446 (57th-2nd-regular): vote tally matches on 2026-03-04 ({'yes': 0, 'no': 0, 'other': 0, 'absent': 0, 'excused': 0, 'not voting': 0})
  [32m✓[0m  AZ SB 1446 (57th-2nd-regular): vote tally matches on 2026-03-04 ({'yes': 29, 'no': 0, 'other': 0, 'absent': 0, 'excused': 0, 'not voting': 1})
  [32m✓[0m  AZ SB 1446 (57th-2nd-regular): vote tally matches on 2026-06-02 ({'yes': 57, 'no': 0, 'other': 0, 'absent': 0, 'excused': 0, 'not voting': 3})
  [32m✓[0m  AZ SB 1446 (57th-2nd-regular): sponsorship count matches (1)
  [32m✓[0m  AZ SB 1447 (57th-2nd-regular): title matches
  [32m✓[0m  AZ SB 1447 (57th-2nd-regular): latest_action matches
  [32m✓[0m  AZ SB 1447 (57th-2nd-regular): vote event count matches (3)
  [32m✓[0m  AZ SB 1447 (57th-2nd-regular): vote tally matches on 2026-02-26 ({'yes': 0, 'no': 0, 'other': 0, 'absent': 0, 'excused': 0, 'not voting': 0})
  [32m✓[0m  AZ SB 1447 (57th-2nd-regular): vote tally matches on 2026-02-26 ({'yes': 16, 'no': 12, 'other': 0, 'absent': 0, 'excused': 0, 'not voting': 2})
  [32m✓[0m  AZ SB 1447 (57th-2nd-regular): vote tally matches on 2026-04-14 ({'yes': 0, 'no': 0, 'other': 0, 'absent': 0, 'excused': 0, 'not voting': 0})
  [32m✓[0m  AZ SB 1447 (57th-2nd-regular): sponsorship count matches (1)
  [32m✓[0m  AZ SB 1449 (57th-2nd-regular): title matches
  [32m✓[0m  AZ SB 1449 (57th-2nd-regular): latest_action matches
  [32m✓[0m  AZ SB 1449 (57th-2nd-regular): vote event count matches (0)
  [32m✓[0m  AZ SB 1449 (57th-2nd-regular): sponsorship count matches (1)
  [32m✓[0m  AZ SB 1450 (57th-2nd-regular): title matches
  [32m✓[0m  AZ SB 1450 (57th-2nd-regular): latest_action matches
  [32m✓[0m  AZ SB 1450 (57th-2nd-regular): vote event count matches (0)
  [32m✓[0m  AZ SB 1450 (57th-2nd-regular): sponsorship count matches (5)
  [32m✓[0m  AZ SB 1461 (57th-2nd-regular): title matches
  [32m✓[0m  AZ SB 1461 (57th-2nd-regular): latest_action matches
  [32m✓[0m  AZ SB 1461 (57th-2nd-regular): vote event count matches (2)
  [32m✓[0m  AZ SB 1461 (57th-2nd-regular): vote tally matches on 2026-03-10 ({'yes': 0, 'no': 0, 'other': 0, 'absent': 0, 'excused': 0, 'not voting': 0})
  [32m✓[0m  AZ SB 1461 (57th-2nd-regular): vote tally matches on 2026-03-19 ({'yes': 23, 'no': 4, 'other': 0, 'absent': 0, 'excused': 0, 'not voting': 3})
  [32m✓[0m  AZ SB 1461 (57th-2nd-regular): sponsorship count matches (6)
  [32m✓[0m  AZ SB 1462 (57th-2nd-regular): title matches
  [32m✓[0m  AZ SB 1462 (57th-2nd-regular): latest_action matches
  [32m✓[0m  AZ SB 1462 (57th-2nd-regular): vote event count matches (0)
  [32m✓[0m  AZ SB 1462 (57th-2nd-regular): sponsorship count matches (1)
  [32m✓[0m  AZ SB 1465 (57th-2nd-regular): title matches
  [32m✓[0m  AZ SB 1465 (57th-2nd-regular): latest_action matches
  [32m✓[0m  AZ SB 1465 (57th-2nd-regular): vote event count matches (0)
  [32m✓[0m  AZ SB 1465 (57th-2nd-regular): sponsorship count matches (10)
  [32m✓[0m  AZ SB 1472 (57th-2nd-regular): title matches
  [32m✓[0m  AZ SB 1472 (57th-2nd-regular): latest_action matches
  [32m✓[0m  AZ SB 1472 (57th-2nd-regular): vote event count matches (0)
  [32m✓[0m  AZ SB 1472 (57th-2nd-regular): sponsorship count matches (1)
  [32m✓[0m  AZ SB 1475 (57th-2nd-regular): title matches
  [32m✓[0m  AZ SB 1475 (57th-2nd-regular): latest_action matches
  [32m✓[0m  AZ SB 1475 (57th-2nd-regular): vote event count matches (4)
  [32m✓[0m  AZ SB 1475 (57th-2nd-regular): vote tally matches on 2026-03-02 ({'yes': 17, 'no': 12, 'other': 0, 'absent': 0, 'excused': 0, 'not voting': 1})
  [32m✓[0m  AZ SB 1475 (57th-2nd-regular): vote tally matches on 2026-03-02 ({'yes': 0, 'no': 0, 'other': 0, 'absent': 0, 'excused': 0, 'not voting': 0})
  [32m✓[0m  AZ SB 1475 (57th-2nd-regular): vote tally matches on 2026-04-07 ({'yes': 0, 'no': 0, 'other': 0, 'absent': 0, 'excused': 0, 'not voting': 0})
  [32m✓[0m  AZ SB 1475 (57th-2nd-regular): vote tally matches on 2026-06-11 ({'yes': 33, 'no': 25, 'other': 0, 'absent': 0, 'excused': 0, 'not voting': 2})
  [32m✓[0m  AZ SB 1475 (57th-2nd-regular): sponsorship count matches (7)
  [32m✓[0m  AZ SB 1479 (57th-2nd-regular): title matches
  [32m✓[0m  AZ SB 1479 (57th-2nd-regular): latest_action matches
  [32m✓[0m  AZ SB 1479 (57th-2nd-regular): vote event count matches (7)
  [32m✓[0m  AZ SB 1479 (57th-2nd-regular): vote tally matches on 2026-02-25 ({'yes': 0, 'no': 0, 'other': 0, 'absent': 0, 'excused': 0, 'not voting': 0})
  [32m✓[0m  AZ SB 1479 (57th-2nd-regular): vote tally matches on 2026-03-02 ({'yes': 0, 'no': 0, 'other': 0, 'absent': 0, 'excused': 0, 'not voting': 0})
  [32m✓[0m  AZ SB 1479 (57th-2nd-regular): vote tally matches on 2026-03-02 ({'yes': 29, 'no': 0, 'other': 0, 'absent': 0, 'excused': 0, 'not voting': 1})
  [32m✓[0m  AZ SB 1479 (57th-2nd-regular): vote tally matches on 2026-03-31 ({'yes': 0, 'no': 0, 'other': 0, 'absent': 0, 'excused': 0, 'not voting': 0})
  [32m✓[0m  AZ SB 1479 (57th-2nd-regular): vote tally matches on 2026-04-02 ({'yes': 49, 'no': 0, 'other': 0, 'absent': 0, 'excused': 0, 'not voting': 11})
  [32m✓[0m  AZ SB 1479 (57th-2nd-regular): vote tally matches on 2026-04-07 ({'yes': 28, 'no': 1, 'other': 0, 'absent': 0, 'excused': 0, 'not voting': 1})
  [32m✓[0m  AZ SB 1479 (57th-2nd-regular): vote tally matches on 2026-04-07 ({'yes': 0, 'no': 0, 'other': 0, 'absent': 0, 'excused': 0, 'not voting': 0})
  [32m✓[0m  AZ SB 1479 (57th-2nd-regular): sponsorship count matches (8)
  [32m✓[0m  AZ SB 1482 (57th-2nd-regular): title matches
  [32m✓[0m  AZ SB 1482 (57th-2nd-regular): latest_action matches
  [32m✓[0m  AZ SB 1482 (57th-2nd-regular): vote event count matches (0)
  [32m✓[0m  AZ SB 1482 (57th-2nd-regular): sponsorship count matches (4)
  [32m✓[0m  AZ SB 1485 (57th-2nd-regular): title matches
  [32m✓[0m  AZ SB 1485 (57th-2nd-regular): latest_action matches
  [32m✓[0m  AZ SB 1485 (57th-2nd-regular): vote event count matches (0)
  [32m✓[0m  AZ SB 1485 (57th-2nd-regular): sponsorship count matches (8)
    ...400/500
  [32m✓[0m  AZ SB 1487 (57th-2nd-regular): title matches
  [32m✓[0m  AZ SB 1487 (57th-2nd-regular): latest_action matches
  [32m✓[0m  AZ SB 1487 (57th-2nd-regular): vote event count matches (1)
  [32m✓[0m  AZ SB 1487 (57th-2nd-regular): vote tally matches on 2026-02-26 ({'yes': 26, 'no': 1, 'other': 0, 'absent': 0, 'excused': 0, 'not voting': 3})
  [32m✓[0m  AZ SB 1487 (57th-2nd-regular): sponsorship count matches (9)
  [32m✓[0m  AZ SB 1489 (57th-2nd-regular): title matches
  [32m✓[0m  AZ SB 1489 (57th-2nd-regular): latest_action matches
  [32m✓[0m  AZ SB 1489 (57th-2nd-regular): vote event count matches (1)
  [32m✓[0m  AZ SB 1489 (57th-2nd-regular): vote tally matches on 2026-03-03 ({'yes': 0, 'no': 0, 'other': 0, 'absent': 0, 'excused': 0, 'not voting': 0})
  [32m✓[0m  AZ SB 1489 (57th-2nd-regular): sponsorship count matches (1)
  [32m✓[0m  AZ SB 1502 (57th-2nd-regular): title matches
  [32m✓[0m  AZ SB 1502 (57th-2nd-regular): latest_action matches
  [32m✓[0m  AZ SB 1502 (57th-2nd-regular): vote event count matches (5)
  [32m✓[0m  AZ SB 1502 (57th-2nd-regular): vote tally matches on 2026-03-02 ({'yes': 16, 'no': 13, 'other': 0, 'absent': 0, 'excused': 0, 'not voting': 1})
  [32m✓[0m  AZ SB 1502 (57th-2nd-regular): vote tally matches on 2026-03-02 ({'yes': 0, 'no': 0, 'other': 0, 'absent': 0, 'excused': 0, 'not voting': 0})
  [32m✓[0m  AZ SB 1502 (57th-2nd-regular): vote tally matches on 2026-04-21 ({'yes': 0, 'no': 0, 'other': 0, 'absent': 0, 'excused': 0, 'not voting': 0})
  [32m✓[0m  AZ SB 1502 (57th-2nd-regular): vote tally matches on 2026-06-12 ({'yes': 20, 'no': 35, 'other': 0, 'absent': 0, 'excused': 0, 'not voting': 5})
  [32m✓[0m  AZ SB 1502 (57th-2nd-regular): vote tally matches on 2026-06-12 ({'yes': 0, 'no': 0, 'other': 0, 'absent': 0, 'excused': 0, 'not voting': 0})
  [32m✓[0m  AZ SB 1502 (57th-2nd-regular): sponsorship count matches (1)
  [32m✓[0m  AZ SB 1503 (57th-2nd-regular): title matches
  [32m✓[0m  AZ SB 1503 (57th-2nd-regular): latest_action matches
  [32m✓[0m  AZ SB 1503 (57th-2nd-regular): vote event count matches (8)
  [32m✓[0m  AZ SB 1503 (57th-2nd-regular): vote tally matches on 2026-02-26 ({'yes': 0, 'no': 0, 'other': 0, 'absent': 0, 'excused': 0, 'not voting': 0})
  [32m✓[0m  AZ SB 1503 (57th-2nd-regular): vote tally matches on 2026-03-02 ({'yes': 0, 'no': 0, 'other': 0, 'absent': 0, 'excused': 0, 'not voting': 0})
  [32m✓[0m  AZ SB 1503 (57th-2nd-regular): vote tally matches on 2026-03-09 ({'yes': 0, 'no': 0, 'other': 0, 'absent': 0, 'excused': 0, 'not voting': 0})
  [32m✓[0m  AZ SB 1503 (57th-2nd-regular): vote tally matches on 2026-03-10 ({'yes': 16, 'no': 13, 'other': 0, 'absent': 0, 'excused': 0, 'not voting': 1})
  [32m✓[0m  AZ SB 1503 (57th-2nd-regular): vote tally matches on 2026-04-09 ({'yes': 0, 'no': 0, 'other': 0, 'absent': 0, 'excused': 0, 'not voting': 0})
  [32m✓[0m  AZ SB 1503 (57th-2nd-regular): vote tally matches on 2026-04-13 ({'yes': 54, 'no': 0, 'other': 0, 'absent': 0, 'excused': 0, 'not voting': 6})
  [32m✓[0m  AZ SB 1503 (57th-2nd-regular): vote tally matches on 2026-04-15 ({'yes': 26, 'no': 2, 'other': 0, 'absent': 0, 'excused': 0, 'not voting': 2})
  [32m✓[0m  AZ SB 1503 (57th-2nd-regular): vote tally matches on 2026-04-15 ({'yes': 0, 'no': 0, 'other': 0, 'absent': 0, 'excused': 0, 'not voting': 0})
  [32m✓[0m  AZ SB 1503 (57th-2nd-regular): sponsorship count matches (3)
  [32m✓[0m  AZ SB 1505 (57th-2nd-regular): title matches
  [32m✓[0m  AZ SB 1505 (57th-2nd-regular): latest_action matches
  [32m✓[0m  AZ SB 1505 (57th-2nd-regular): vote event count matches (0)
  [32m✓[0m  AZ SB 1505 (57th-2nd-regular): sponsorship count matches (1)
  [32m✓[0m  AZ SB 1506 (57th-2nd-regular): title matches
  [32m✓[0m  AZ SB 1506 (57th-2nd-regular): latest_action matches
  [32m✓[0m  AZ SB 1506 (57th-2nd-regular): vote event count matches (0)
  [32m✓[0m  AZ SB 1506 (57th-2nd-regular): sponsorship count matches (1)
  [32m✓[0m  AZ SB 1514 (57th-2nd-regular): title matches
  [32m✓[0m  AZ SB 1514 (57th-2nd-regular): latest_action matches
  [32m✓[0m  AZ SB 1514 (57th-2nd-regular): vote event count matches (0)
  [32m✓[0m  AZ SB 1514 (57th-2nd-regular): sponsorship count matches (1)
  [32m✓[0m  AZ SB 1519 (57th-2nd-regular): title matches
  [32m✓[0m  AZ SB 1519 (57th-2nd-regular): latest_action matches
  [32m✓[0m  AZ SB 1519 (57th-2nd-regular): vote event count matches (7)
  [32m✓[0m  AZ SB 1519 (57th-2nd-regular): vote tally matches on 2026-03-04 ({'yes': 0, 'no': 0, 'other': 0, 'absent': 0, 'excused': 0, 'not voting': 0})
  [32m✓[0m  AZ SB 1519 (57th-2nd-regular): vote tally matches on 2026-03-04 ({'yes': 18, 'no': 12, 'other': 0, 'absent': 0, 'excused': 0, 'not voting': 0})
  [32m✓[0m  AZ SB 1519 (57th-2nd-regular): vote tally matches on 2026-04-15 ({'yes': 0, 'no': 0, 'other': 0, 'absent': 0, 'excused': 0, 'not voting': 0})
  [32m✓[0m  AZ SB 1519 (57th-2nd-regular): vote tally matches on 2026-06-01 ({'yes': 0, 'no': 0, 'other': 0, 'absent': 0, 'excused': 0, 'not voting': 0})
  [32m✓[0m  AZ SB 1519 (57th-2nd-regular): vote tally matches on 2026-06-11 ({'yes': 0, 'no': 0, 'other': 0, 'absent': 0, 'excused': 0, 'not voting': 0})
  [32m✓[0m  AZ SB 1519 (57th-2nd-regular): vote tally matches on 2026-06-12 ({'yes': 0, 'no': 0, 'other': 0, 'absent': 0, 'excused': 0, 'not voting': 0})
  [32m✓[0m  AZ SB 1519 (57th-2nd-regular): vote tally matches on 2026-06-12 ({'yes': 25, 'no': 30, 'other': 0, 'absent': 0, 'excused': 0, 'not voting': 5})
  [32m✓[0m  AZ SB 1519 (57th-2nd-regular): sponsorship count matches (1)
  [32m✓[0m  AZ SB 1522 (57th-2nd-regular): title matches
  [32m✓[0m  AZ SB 1522 (57th-2nd-regular): latest_action matches
  [32m✓[0m  AZ SB 1522 (57th-2nd-regular): vote event count matches (0)
  [32m✓[0m  AZ SB 1522 (57th-2nd-regular): sponsorship count matches (4)
  [32m✓[0m  AZ SB 1523 (57th-2nd-regular): title matches
  [32m✓[0m  AZ SB 1523 (57th-2nd-regular): latest_action matches
  [32m✓[0m  AZ SB 1523 (57th-2nd-regular): vote event count matches (1)
  [32m✓[0m  AZ SB 1523 (57th-2nd-regular): vote tally matches on 2026-03-11 ({'yes': 25, 'no': 3, 'other': 0, 'absent': 0, 'excused': 0, 'not voting': 2})
  [32m✓[0m  AZ SB 1523 (57th-2nd-regular): sponsorship count matches (3)
  [32m✓[0m  AZ SB 1525 (57th-2nd-regular): title matches
  [32m✓[0m  AZ SB 1525 (57th-2nd-regular): latest_action matches
  [32m✓[0m  AZ SB 1525 (57th-2nd-regular): vote event count matches (0)
  [32m✓[0m  AZ SB 1525 (57th-2nd-regular): sponsorship count matches (2)
  [32m✓[0m  AZ SB 1527 (57th-2nd-regular): title matches
  [32m✓[0m  AZ SB 1527 (57th-2nd-regular): latest_action matches
  [32m✓[0m  AZ SB 1527 (57th-2nd-regular): vote event count matches (0)
  [32m✓[0m  AZ SB 1527 (57th-2nd-regular): sponsorship count matches (2)
  [32m✓[0m  AZ SB 1535 (57th-2nd-regular): title matches
  [32m✓[0m  AZ SB 1535 (57th-2nd-regular): latest_action matches
  [32m✓[0m  AZ SB 1535 (57th-2nd-regular): vote event count matches (1)
  [32m✓[0m  AZ SB 1535 (57th-2nd-regular): vote tally matches on 2026-03-09 ({'yes': 0, 'no': 0, 'other': 0, 'absent': 0, 'excused': 0, 'not voting': 0})
  [32m✓[0m  AZ SB 1535 (57th-2nd-regular): sponsorship count matches (8)
  [32m✓[0m  AZ SB 1536 (57th-2nd-regular): title matches
  [32m✓[0m  AZ SB 1536 (57th-2nd-regular): latest_action matches
  [32m✓[0m  AZ SB 1536 (57th-2nd-regular): vote event count matches (1)
  [32m✓[0m  AZ SB 1536 (57th-2nd-regular): vote tally matches on 2026-02-26 ({'yes': 27, 'no': 0, 'other': 0, 'absent': 0, 'excused': 0, 'not voting': 3})
  [32m✓[0m  AZ SB 1536 (57th-2nd-regular): sponsorship count matches (1)
  [32m✓[0m  AZ SB 1543 (57th-2nd-regular): title matches
  [32m✓[0m  AZ SB 1543 (57th-2nd-regular): latest_action matches
  [32m✓[0m  AZ SB 1543 (57th-2nd-regular): vote event count matches (0)
  [32m✓[0m  AZ SB 1543 (57th-2nd-regular): sponsorship count matches (1)
  [32m✓[0m  AZ SB 1544 (57th-2nd-regular): title matches
  [32m✓[0m  AZ SB 1544 (57th-2nd-regular): latest_action matches
  [32m✓[0m  AZ SB 1544 (57th-2nd-regular): vote event count matches (4)
  [32m✓[0m  AZ SB 1544 (57th-2nd-regular): vote tally matches on 2026-03-09 ({'yes': 0, 'no': 0, 'other': 0, 'absent': 0, 'excused': 0, 'not voting': 0})
  [32m✓[0m  AZ SB 1544 (57th-2nd-regular): vote tally matches on 2026-03-10 ({'yes': 0, 'no': 0, 'other': 0, 'absent': 0, 'excused': 0, 'not voting': 0})
  [32m✓[0m  AZ SB 1544 (57th-2nd-regular): vote tally matches on 2026-03-10 ({'yes': 15, 'no': 14, 'other': 0, 'absent': 0, 'excused': 0, 'not voting': 1})
  [32m✓[0m  AZ SB 1544 (57th-2nd-regular): vote tally matches on 2026-03-17 ({'yes': 16, 'no': 10, 'other': 0, 'absent': 0, 'excused': 0, 'not voting': 4})
  [32m✓[0m  AZ SB 1544 (57th-2nd-regular): sponsorship count matches (1)
  [32m✓[0m  AZ SB 1555 (57th-2nd-regular): title matches
  [32m✓[0m  AZ SB 1555 (57th-2nd-regular): latest_action matches
  [32m✓[0m  AZ SB 1555 (57th-2nd-regular): vote event count matches (0)
  [32m✓[0m  AZ SB 1555 (57th-2nd-regular): sponsorship count matches (1)
  [32m✓[0m  AZ SB 1563 (57th-2nd-regular): title matches
  [33m~[0m  AZ SB 1563 (57th-2nd-regular): latest_action differs  [local='transmit to governor' live='signed by governor']
  [32m✓[0m  AZ SB 1563 (57th-2nd-regular): vote event count matches (3)
  [32m✓[0m  AZ SB 1563 (57th-2nd-regular): vote tally matches on 2026-03-03 ({'yes': 0, 'no': 0, 'other': 0, 'absent': 0, 'excused': 0, 'not voting': 0})
  [32m✓[0m  AZ SB 1563 (57th-2nd-regular): vote tally matches on 2026-03-05 ({'yes': 25, 'no': 3, 'other': 0, 'absent': 0, 'excused': 0, 'not voting': 2})
  [32m✓[0m  AZ SB 1563 (57th-2nd-regular): vote tally matches on 2026-06-11 ({'yes': 43, 'no': 10, 'other': 0, 'absent': 0, 'excused': 0, 'not voting': 7})
  [32m✓[0m  AZ SB 1563 (57th-2nd-regular): sponsorship count matches (1)
  [32m✓[0m  AZ SB 1567 (57th-2nd-regular): title matches
  [32m✓[0m  AZ SB 1567 (57th-2nd-regular): latest_action matches
  [32m✓[0m  AZ SB 1567 (57th-2nd-regular): vote event count matches (2)
  [32m✓[0m  AZ SB 1567 (57th-2nd-regular): vote tally matches on 2026-02-24 ({'yes': 0, 'no': 0, 'other': 0, 'absent': 0, 'excused': 0, 'not voting': 0})
  [32m✓[0m  AZ SB 1567 (57th-2nd-regular): vote tally matches on 2026-02-24 ({'yes': 16, 'no': 11, 'other': 0, 'absent': 0, 'excused': 0, 'not voting': 3})
  [32m✓[0m  AZ SB 1567 (57th-2nd-regular): sponsorship count matches (1)
  [32m✓[0m  AZ SB 1575 (57th-2nd-regular): title matches
  [32m✓[0m  AZ SB 1575 (57th-2nd-regular): latest_action matches
  [32m✓[0m  AZ SB 1575 (57th-2nd-regular): vote event count matches (0)
  [32m✓[0m  AZ SB 1575 (57th-2nd-regular): sponsorship count matches (2)
  [32m✓[0m  AZ SB 1587 (57th-2nd-regular): title matches
  [32m✓[0m  AZ SB 1587 (57th-2nd-regular): latest_action matches
  [32m✓[0m  AZ SB 1587 (57th-2nd-regular): vote event count matches (0)
  [32m✓[0m  AZ SB 1587 (57th-2nd-regular): sponsorship count matches (1)
  [32m✓[0m  AZ SB 1593 (57th-2nd-regular): title matches
  [32m✓[0m  AZ SB 1593 (57th-2nd-regular): latest_action matches
  [32m✓[0m  AZ SB 1593 (57th-2nd-regular): vote event count matches (0)
  [32m✓[0m  AZ SB 1593 (57th-2nd-regular): sponsorship count matches (2)
  [32m✓[0m  AZ SB 1601 (57th-2nd-regular): title matches
  [32m✓[0m  AZ SB 1601 (57th-2nd-regular): latest_action matches
  [32m✓[0m  AZ SB 1601 (57th-2nd-regular): vote event count matches (0)
  [32m✓[0m  AZ SB 1601 (57th-2nd-regular): sponsorship count matches (11)
  [32m✓[0m  AZ SB 1603 (57th-2nd-regular): title matches
  [32m✓[0m  AZ SB 1603 (57th-2nd-regular): latest_action matches
  [32m✓[0m  AZ SB 1603 (57th-2nd-regular): vote event count matches (0)
  [32m✓[0m  AZ SB 1603 (57th-2nd-regular): sponsorship count matches (12)
  [32m✓[0m  AZ SB 1615 (57th-2nd-regular): title matches
  [32m✓[0m  AZ SB 1615 (57th-2nd-regular): latest_action matches
  [32m✓[0m  AZ SB 1615 (57th-2nd-regular): vote event count matches (0)
  [32m✓[0m  AZ SB 1615 (57th-2nd-regular): sponsorship count matches (1)
    ...425/500
  [32m✓[0m  AZ SB 1618 (57th-2nd-regular): title matches
  [32m✓[0m  AZ SB 1618 (57th-2nd-regular): latest_action matches
  [32m✓[0m  AZ SB 1618 (57th-2nd-regular): vote event count matches (5)
  [32m✓[0m  AZ SB 1618 (57th-2nd-regular): vote tally matches on 2026-02-26 ({'yes': 0, 'no': 0, 'other': 0, 'absent': 0, 'excused': 0, 'not voting': 0})
  [32m✓[0m  AZ SB 1618 (57th-2nd-regular): vote tally matches on 2026-02-26 ({'yes': 26, 'no': 2, 'other': 0, 'absent': 0, 'excused': 0, 'not voting': 2})
  [32m✓[0m  AZ SB 1618 (57th-2nd-regular): vote tally matches on 2026-06-12 ({'yes': 24, 'no': 31, 'other': 0, 'absent': 0, 'excused': 0, 'not voting': 5})
  [32m✓[0m  AZ SB 1618 (57th-2nd-regular): vote tally matches on 2026-06-12 ({'yes': 0, 'no': 0, 'other': 0, 'absent': 0, 'excused': 0, 'not voting': 0})
  [32m✓[0m  AZ SB 1618 (57th-2nd-regular): vote tally matches on 2026-06-12 ({'yes': 0, 'no': 0, 'other': 0, 'absent': 0, 'excused': 0, 'not voting': 0})
  [32m✓[0m  AZ SB 1618 (57th-2nd-regular): sponsorship count matches (1)
  [32m✓[0m  AZ SB 1625 (57th-2nd-regular): title matches
  [32m✓[0m  AZ SB 1625 (57th-2nd-regular): latest_action matches
  [32m✓[0m  AZ SB 1625 (57th-2nd-regular): vote event count matches (0)
  [32m✓[0m  AZ SB 1625 (57th-2nd-regular): sponsorship count matches (1)
  [32m✓[0m  AZ SB 1628 (57th-2nd-regular): title matches
  [32m✓[0m  AZ SB 1628 (57th-2nd-regular): latest_action matches
  [32m✓[0m  AZ SB 1628 (57th-2nd-regular): vote event count matches (3)
  [32m✓[0m  AZ SB 1628 (57th-2nd-regular): vote tally matches on 2026-02-26 ({'yes': 0, 'no': 0, 'other': 0, 'absent': 0, 'excused': 0, 'not voting': 0})
  [32m✓[0m  AZ SB 1628 (57th-2nd-regular): vote tally matches on 2026-02-26 ({'yes': 28, 'no': 0, 'other': 0, 'absent': 0, 'excused': 0, 'not voting': 2})
  [32m✓[0m  AZ SB 1628 (57th-2nd-regular): vote tally matches on 2026-02-26 ({'yes': 0, 'no': 0, 'other': 0, 'absent': 0, 'excused': 0, 'not voting': 0})
  [32m✓[0m  AZ SB 1628 (57th-2nd-regular): sponsorship count matches (2)
  [32m✓[0m  AZ SB 1637 (57th-2nd-regular): title matches
  [32m✓[0m  AZ SB 1637 (57th-2nd-regular): latest_action matches
  [32m✓[0m  AZ SB 1637 (57th-2nd-regular): vote event count matches (0)
  [32m✓[0m  AZ SB 1637 (57th-2nd-regular): sponsorship count matches (1)
  [32m✓[0m  AZ SB 1639 (57th-2nd-regular): title matches
  [32m✓[0m  AZ SB 1639 (57th-2nd-regular): latest_action matches
  [32m✓[0m  AZ SB 1639 (57th-2nd-regular): vote event count matches (0)
  [32m✓[0m  AZ SB 1639 (57th-2nd-regular): sponsorship count matches (1)
  [32m✓[0m  AZ SB 1640 (57th-2nd-regular): title matches
  [32m✓[0m  AZ SB 1640 (57th-2nd-regular): latest_action matches
  [32m✓[0m  AZ SB 1640 (57th-2nd-regular): vote event count matches (0)
  [32m✓[0m  AZ SB 1640 (57th-2nd-regular): sponsorship count matches (1)
  [32m✓[0m  AZ SB 1644 (57th-2nd-regular): title matches
  [32m✓[0m  AZ SB 1644 (57th-2nd-regular): latest_action matches
  [32m✓[0m  AZ SB 1644 (57th-2nd-regular): vote event count matches (2)
  [32m✓[0m  AZ SB 1644 (57th-2nd-regular): vote tally matches on 2026-02-26 ({'yes': 0, 'no': 0, 'other': 0, 'absent': 0, 'excused': 0, 'not voting': 0})
  [32m✓[0m  AZ SB 1644 (57th-2nd-regular): vote tally matches on 2026-02-26 ({'yes': 16, 'no': 12, 'other': 0, 'absent': 0, 'excused': 0, 'not voting': 2})
  [32m✓[0m  AZ SB 1644 (57th-2nd-regular): sponsorship count matches (1)
  [32m✓[0m  AZ SB 1647 (57th-2nd-regular): title matches
  [32m✓[0m  AZ SB 1647 (57th-2nd-regular): latest_action matches
  [32m✓[0m  AZ SB 1647 (57th-2nd-regular): vote event count matches (2)
  [32m✓[0m  AZ SB 1647 (57th-2nd-regular): vote tally matches on 2026-03-03 ({'yes': 0, 'no': 0, 'other': 0, 'absent': 0, 'excused': 0, 'not voting': 0})
  [32m✓[0m  AZ SB 1647 (57th-2nd-regular): vote tally matches on 2026-03-09 ({'yes': 16, 'no': 13, 'other': 0, 'absent': 0, 'excused': 0, 'not voting': 1})
  [32m✓[0m  AZ SB 1647 (57th-2nd-regular): sponsorship count matches (1)
  [32m✓[0m  AZ SB 1648 (57th-2nd-regular): title matches
  [32m✓[0m  AZ SB 1648 (57th-2nd-regular): latest_action matches
  [32m✓[0m  AZ SB 1648 (57th-2nd-regular): vote event count matches (2)
  [32m✓[0m  AZ SB 1648 (57th-2nd-regular): vote tally matches on 2026-03-02 ({'yes': 16, 'no': 14, 'other': 0, 'absent': 0, 'excused': 0, 'not voting': 0})
  [32m✓[0m  AZ SB 1648 (57th-2nd-regular): vote tally matches on 2026-03-02 ({'yes': 0, 'no': 0, 'other': 0, 'absent': 0, 'excused': 0, 'not voting': 0})
  [32m✓[0m  AZ SB 1648 (57th-2nd-regular): sponsorship count matches (1)
  [32m✓[0m  AZ SB 1655 (57th-2nd-regular): title matches
  [32m✓[0m  AZ SB 1655 (57th-2nd-regular): latest_action matches
  [32m✓[0m  AZ SB 1655 (57th-2nd-regular): vote event count matches (2)
  [32m✓[0m  AZ SB 1655 (57th-2nd-regular): vote tally matches on 2026-03-03 ({'yes': 0, 'no': 0, 'other': 0, 'absent': 0, 'excused': 0, 'not voting': 0})
  [32m✓[0m  AZ SB 1655 (57th-2nd-regular): vote tally matches on 2026-03-10 ({'yes': 16, 'no': 13, 'other': 0, 'absent': 0, 'excused': 0, 'not voting': 1})
  [32m✓[0m  AZ SB 1655 (57th-2nd-regular): sponsorship count matches (1)
  [32m✓[0m  AZ SB 1657 (57th-2nd-regular): title matches
  [32m✓[0m  AZ SB 1657 (57th-2nd-regular): latest_action matches
  [32m✓[0m  AZ SB 1657 (57th-2nd-regular): vote event count matches (1)
  [32m✓[0m  AZ SB 1657 (57th-2nd-regular): vote tally matches on 2026-03-03 ({'yes': 17, 'no': 13, 'other': 0, 'absent': 0, 'excused': 0, 'not voting': 0})
  [32m✓[0m  AZ SB 1657 (57th-2nd-regular): sponsorship count matches (1)
  [32m✓[0m  AZ SB 1658 (57th-2nd-regular): title matches
  [32m✓[0m  AZ SB 1658 (57th-2nd-regular): latest_action matches
  [32m✓[0m  AZ SB 1658 (57th-2nd-regular): vote event count matches (2)
  [32m✓[0m  AZ SB 1658 (57th-2nd-regular): vote tally matches on 2026-03-02 ({'yes': 17, 'no': 13, 'other': 0, 'absent': 0, 'excused': 0, 'not voting': 0})
  [32m✓[0m  AZ SB 1658 (57th-2nd-regular): vote tally matches on 2026-03-02 ({'yes': 0, 'no': 0, 'other': 0, 'absent': 0, 'excused': 0, 'not voting': 0})
  [32m✓[0m  AZ SB 1658 (57th-2nd-regular): sponsorship count matches (1)
  [32m✓[0m  AZ SB 1659 (57th-2nd-regular): title matches
  [32m✓[0m  AZ SB 1659 (57th-2nd-regular): latest_action matches
  [32m✓[0m  AZ SB 1659 (57th-2nd-regular): vote event count matches (0)
  [32m✓[0m  AZ SB 1659 (57th-2nd-regular): sponsorship count matches (1)
  [32m✓[0m  AZ SB 1670 (57th-2nd-regular): title matches
  [32m✓[0m  AZ SB 1670 (57th-2nd-regular): latest_action matches
  [32m✓[0m  AZ SB 1670 (57th-2nd-regular): vote event count matches (6)
  [32m✓[0m  AZ SB 1670 (57th-2nd-regular): vote tally matches on 2026-02-26 ({'yes': 18, 'no': 9, 'other': 0, 'absent': 0, 'excused': 0, 'not voting': 3})
  [32m✓[0m  AZ SB 1670 (57th-2nd-regular): vote tally matches on 2026-05-05 ({'yes': 0, 'no': 0, 'other': 0, 'absent': 0, 'excused': 0, 'not voting': 0})
  [32m✓[0m  AZ SB 1670 (57th-2nd-regular): vote tally matches on 2026-05-05 ({'yes': 0, 'no': 0, 'other': 0, 'absent': 0, 'excused': 0, 'not voting': 0})
  [32m✓[0m  AZ SB 1670 (57th-2nd-regular): vote tally matches on 2026-06-09 ({'yes': 31, 'no': 24, 'other': 0, 'absent': 0, 'excused': 0, 'not voting': 5})
  [32m✓[0m  AZ SB 1670 (57th-2nd-regular): vote tally matches on 2026-06-11 ({'yes': 16, 'no': 11, 'other': 0, 'absent': 0, 'excused': 0, 'not voting': 3})
  [32m✓[0m  AZ SB 1670 (57th-2nd-regular): vote tally matches on 2026-06-11 ({'yes': 0, 'no': 0, 'other': 0, 'absent': 0, 'excused': 0, 'not voting': 0})
  [32m✓[0m  AZ SB 1670 (57th-2nd-regular): sponsorship count matches (1)
  [32m✓[0m  AZ SB 1671 (57th-2nd-regular): title matches
  [32m✓[0m  AZ SB 1671 (57th-2nd-regular): latest_action matches
  [32m✓[0m  AZ SB 1671 (57th-2nd-regular): vote event count matches (6)
  [32m✓[0m  AZ SB 1671 (57th-2nd-regular): vote tally matches on 2026-03-02 ({'yes': 26, 'no': 3, 'other': 0, 'absent': 0, 'excused': 0, 'not voting': 1})
  [32m✓[0m  AZ SB 1671 (57th-2nd-regular): vote tally matches on 2026-03-02 ({'yes': 0, 'no': 0, 'other': 0, 'absent': 0, 'excused': 0, 'not voting': 0})
  [32m✓[0m  AZ SB 1671 (57th-2nd-regular): vote tally matches on 2026-04-09 ({'yes': 0, 'no': 0, 'other': 0, 'absent': 0, 'excused': 0, 'not voting': 0})
  [32m✓[0m  AZ SB 1671 (57th-2nd-regular): vote tally matches on 2026-06-11 ({'yes': 44, 'no': 10, 'other': 0, 'absent': 0, 'excused': 0, 'not voting': 6})
  [33m~[0m  AZ SB 1671 (57th-2nd-regular): vote tally differs on 2026-06-12  [local={'yes': 0, 'no': 0, 'other': 0, 'absent': 0, 'excused': 0, 'not voting': 0} live={'yes': 28, 'no': 1, 'other': 0, 'absent': 0, 'excused': 0, 'not voting': 1} | Analise Ortiz (yes): live only; Brian Fernandez (yes): live only; Carine Werner (yes): live only; Catherine Miranda (yes): live only; David C. Farnsworth (yes): live only; David Gowan (yes): live only; Denise “Mitzi” Epstein (yes): live only; Eva Diaz (yes): live only; Flavio Bravo (yes): live only; Frank Carroll (yes): live only; Hildy Angius (yes): live only; J.D. Mesnard (yes): live only; Jake Hoffman (no): live only; Janae Shamp (other): live only; John Kavanagh (yes): live only; Kevin Payne (yes): live only; Kiana Sears (yes): live only; Lauren Kuby (yes): live only; Lela Alston (yes): live only; Mark Finchem (yes): live only; Priya Sundareshan (yes): live only; Rosanna Gabaldón (yes): live only; Sally Ann Gonzales (yes): live only; Shawnna Bolick (yes): live only; Theresa Hatathlie (yes): live only; Thomas "T.J." Shope (yes): live only; Timothy "Tim" Dunn (yes): live only; Venden "Vince" Leach (yes): live only; Warren Petersen (yes): live only; Wendy Rogers (yes): live only | 47 other local bill(s) share this signature on 2026-06-12]
  [33m~[0m  AZ SB 1671 (57th-2nd-regular): vote tally differs on 2026-06-12  [local={'yes': 28, 'no': 1, 'other': 0, 'absent': 0, 'excused': 0, 'not voting': 1} live={'yes': 0, 'no': 0, 'other': 0, 'absent': 0, 'excused': 0, 'not voting': 0} | Analise Ortiz (yes): local only; Brian Fernandez (yes): local only; Carine Werner (yes): local only; Catherine Miranda (yes): local only; David C. Farnsworth (yes): local only; David Gowan (yes): local only; Denise “Mitzi” Epstein (yes): local only; Eva Diaz (yes): local only; Flavio Bravo (yes): local only; Frank Carroll (yes): local only; Hildy Angius (yes): local only; J.D. Mesnard (yes): local only; Jake Hoffman (no): local only; Janae Shamp (other): local only; John Kavanagh (yes): local only; Kevin Payne (yes): local only; Kiana Sears (yes): local only; Lauren Kuby (yes): local only; Lela Alston (yes): local only; Mark Finchem (yes): local only; Priya Sundareshan (yes): local only; Rosanna Gabaldón (yes): local only; Sally Ann Gonzales (yes): local only; Shawnna Bolick (yes): local only; Theresa Hatathlie (yes): local only; Thomas "T.J." Shope (yes): local only; Timothy "Tim" Dunn (yes): local only; Venden "Vince" Leach (yes): local only; Warren Petersen (yes): local only; Wendy Rogers (yes): local only | 47 other local bill(s) share this signature on 2026-06-12]
  [32m✓[0m  AZ SB 1671 (57th-2nd-regular): sponsorship count matches (1)
  [32m✓[0m  AZ SB 1673 (57th-2nd-regular): title matches
  [32m✓[0m  AZ SB 1673 (57th-2nd-regular): latest_action matches
  [32m✓[0m  AZ SB 1673 (57th-2nd-regular): vote event count matches (2)
  [32m✓[0m  AZ SB 1673 (57th-2nd-regular): vote tally matches on 2026-03-05 ({'yes': 26, 'no': 2, 'other': 0, 'absent': 0, 'excused': 0, 'not voting': 2})
  [32m✓[0m  AZ SB 1673 (57th-2nd-regular): vote tally matches on 2026-03-05 ({'yes': 0, 'no': 0, 'other': 0, 'absent': 0, 'excused': 0, 'not voting': 0})
  [32m✓[0m  AZ SB 1673 (57th-2nd-regular): sponsorship count matches (1)
  [32m✓[0m  AZ SB 1676 (57th-2nd-regular): title matches
  [32m✓[0m  AZ SB 1676 (57th-2nd-regular): latest_action matches
  [32m✓[0m  AZ SB 1676 (57th-2nd-regular): vote event count matches (0)
  [32m✓[0m  AZ SB 1676 (57th-2nd-regular): sponsorship count matches (1)
  [32m✓[0m  AZ SB 1681 (57th-2nd-regular): title matches
  [32m✓[0m  AZ SB 1681 (57th-2nd-regular): latest_action matches
  [32m✓[0m  AZ SB 1681 (57th-2nd-regular): vote event count matches (0)
  [32m✓[0m  AZ SB 1681 (57th-2nd-regular): sponsorship count matches (1)
  [32m✓[0m  AZ SB 1682 (57th-2nd-regular): title matches
  [32m✓[0m  AZ SB 1682 (57th-2nd-regular): latest_action matches
  [32m✓[0m  AZ SB 1682 (57th-2nd-regular): vote event count matches (0)
  [32m✓[0m  AZ SB 1682 (57th-2nd-regular): sponsorship count matches (1)
  [32m✓[0m  AZ SB 1687 (57th-2nd-regular): title matches
  [32m✓[0m  AZ SB 1687 (57th-2nd-regular): latest_action matches
  [32m✓[0m  AZ SB 1687 (57th-2nd-regular): vote event count matches (4)
  [32m✓[0m  AZ SB 1687 (57th-2nd-regular): vote tally matches on 2026-02-26 ({'yes': 0, 'no': 0, 'other': 0, 'absent': 0, 'excused': 0, 'not voting': 0})
  [32m✓[0m  AZ SB 1687 (57th-2nd-regular): vote tally matches on 2026-02-26 ({'yes': 16, 'no': 12, 'other': 0, 'absent': 0, 'excused': 0, 'not voting': 2})
  [32m✓[0m  AZ SB 1687 (57th-2nd-regular): vote tally matches on 2026-06-11 ({'yes': 0, 'no': 0, 'other': 0, 'absent': 0, 'excused': 0, 'not voting': 0})
  [32m✓[0m  AZ SB 1687 (57th-2nd-regular): vote tally matches on 2026-06-12 ({'yes': 30, 'no': 26, 'other': 0, 'absent': 0, 'excused': 0, 'not voting': 4})
  [32m✓[0m  AZ SB 1687 (57th-2nd-regular): sponsorship count matches (1)
  [32m✓[0m  AZ SB 1690 (57th-2nd-regular): title matches
  [32m✓[0m  AZ SB 1690 (57th-2nd-regular): latest_action matches
  [32m✓[0m  AZ SB 1690 (57th-2nd-regular): vote event count matches (0)
  [32m✓[0m  AZ SB 1690 (57th-2nd-regular): sponsorship count matches (12)
  [32m✓[0m  AZ SB 1692 (57th-2nd-regular): title matches
  [32m✓[0m  AZ SB 1692 (57th-2nd-regular): latest_action matches
  [32m✓[0m  AZ SB 1692 (57th-2nd-regular): vote event count matches (0)
  [32m✓[0m  AZ SB 1692 (57th-2nd-regular): sponsorship count matches (6)
  [32m✓[0m  AZ SB 1696 (57th-2nd-regular): title matches
  [32m✓[0m  AZ SB 1696 (57th-2nd-regular): latest_action matches
  [32m✓[0m  AZ SB 1696 (57th-2nd-regular): vote event count matches (0)
  [32m✓[0m  AZ SB 1696 (57th-2nd-regular): sponsorship count matches (9)
  [32m✓[0m  AZ SB 1702 (57th-2nd-regular): title matches
  [32m✓[0m  AZ SB 1702 (57th-2nd-regular): latest_action matches
  [32m✓[0m  AZ SB 1702 (57th-2nd-regular): vote event count matches (0)
  [32m✓[0m  AZ SB 1702 (57th-2nd-regular): sponsorship count matches (8)
  [32m✓[0m  AZ SB 1708 (57th-2nd-regular): title matches
  [32m✓[0m  AZ SB 1708 (57th-2nd-regular): latest_action matches
  [32m✓[0m  AZ SB 1708 (57th-2nd-regular): vote event count matches (0)
  [32m✓[0m  AZ SB 1708 (57th-2nd-regular): sponsorship count matches (11)
    ...450/500
  [32m✓[0m  AZ SB 1710 (57th-2nd-regular): title matches
  [32m✓[0m  AZ SB 1710 (57th-2nd-regular): latest_action matches
  [32m✓[0m  AZ SB 1710 (57th-2nd-regular): vote event count matches (0)
  [32m✓[0m  AZ SB 1710 (57th-2nd-regular): sponsorship count matches (1)
  [32m✓[0m  AZ SB 1711 (57th-2nd-regular): title matches
  [32m✓[0m  AZ SB 1711 (57th-2nd-regular): latest_action matches
  [32m✓[0m  AZ SB 1711 (57th-2nd-regular): vote event count matches (4)
  [32m✓[0m  AZ SB 1711 (57th-2nd-regular): vote tally matches on 2026-03-09 ({'yes': 0, 'no': 0, 'other': 0, 'absent': 0, 'excused': 0, 'not voting': 0})
  [32m✓[0m  AZ SB 1711 (57th-2nd-regular): vote tally matches on 2026-03-10 ({'yes': 19, 'no': 10, 'other': 0, 'absent': 0, 'excused': 0, 'not voting': 1})
  [32m✓[0m  AZ SB 1711 (57th-2nd-regular): vote tally matches on 2026-04-15 ({'yes': 0, 'no': 0, 'other': 0, 'absent': 0, 'excused': 0, 'not voting': 0})
  [32m✓[0m  AZ SB 1711 (57th-2nd-regular): vote tally matches on 2026-06-09 ({'yes': 32, 'no': 23, 'other': 0, 'absent': 0, 'excused': 0, 'not voting': 5})
  [32m✓[0m  AZ SB 1711 (57th-2nd-regular): sponsorship count matches (1)
  [32m✓[0m  AZ SB 1712 (57th-2nd-regular): title matches
  [32m✓[0m  AZ SB 1712 (57th-2nd-regular): latest_action matches
  [32m✓[0m  AZ SB 1712 (57th-2nd-regular): vote event count matches (0)
  [32m✓[0m  AZ SB 1712 (57th-2nd-regular): sponsorship count matches (1)
  [32m✓[0m  AZ SB 1715 (57th-2nd-regular): title matches
  [32m✓[0m  AZ SB 1715 (57th-2nd-regular): latest_action matches
  [32m✓[0m  AZ SB 1715 (57th-2nd-regular): vote event count matches (0)
  [32m✓[0m  AZ SB 1715 (57th-2nd-regular): sponsorship count matches (11)
  [32m✓[0m  AZ SB 1727 (57th-2nd-regular): title matches
  [32m✓[0m  AZ SB 1727 (57th-2nd-regular): latest_action matches
  [32m✓[0m  AZ SB 1727 (57th-2nd-regular): vote event count matches (0)
  [32m✓[0m  AZ SB 1727 (57th-2nd-regular): sponsorship count matches (1)
  [32m✓[0m  AZ SB 1743 (57th-2nd-regular): title matches
  [32m✓[0m  AZ SB 1743 (57th-2nd-regular): latest_action matches
  [32m✓[0m  AZ SB 1743 (57th-2nd-regular): vote event count matches (3)
  [32m✓[0m  AZ SB 1743 (57th-2nd-regular): vote tally matches on 2026-03-03 ({'yes': 0, 'no': 0, 'other': 0, 'absent': 0, 'excused': 0, 'not voting': 0})
  [32m✓[0m  AZ SB 1743 (57th-2nd-regular): vote tally matches on 2026-03-09 ({'yes': 0, 'no': 0, 'other': 0, 'absent': 0, 'excused': 0, 'not voting': 0})
  [32m✓[0m  AZ SB 1743 (57th-2nd-regular): vote tally matches on 2026-03-10 ({'yes': 22, 'no': 7, 'other': 0, 'absent': 0, 'excused': 0, 'not voting': 1})
  [32m✓[0m  AZ SB 1743 (57th-2nd-regular): sponsorship count matches (1)
  [32m✓[0m  AZ SB 1745 (57th-2nd-regular): title matches
  [32m✓[0m  AZ SB 1745 (57th-2nd-regular): latest_action matches
  [32m✓[0m  AZ SB 1745 (57th-2nd-regular): vote event count matches (3)
  [33m~[0m  AZ SB 1745 (57th-2nd-regular): vote tally differs on 2026-03-04  [local={'yes': 15, 'no': 15, 'other': 0, 'absent': 0, 'excused': 0, 'not voting': 0} live={'yes': 0, 'no': 0, 'other': 0, 'absent': 0, 'excused': 0, 'not voting': 0} | Analise Ortiz (no): local only; Brian Fernandez (no): local only; Carine Werner (yes): local only; Catherine Miranda (no): local only; David C. Farnsworth (yes): local only; David Gowan (yes): local only; Denise “Mitzi” Epstein (no): local only; Eva Diaz (no): local only; Flavio Bravo (no): local only; Frank Carroll (yes): local only; Hildy Angius (no): local only; J.D. Mesnard (yes): local only; Jake Hoffman (yes): local only; Janae Shamp (yes): local only; John Kavanagh (yes): local only; Kevin Payne (yes): local only; Kiana Sears (no): local only; Lauren Kuby (no): local only; Lela Alston (no): local only; Mark Finchem (yes): local only; Priya Sundareshan (no): local only; Rosanna Gabaldón (no): local only; Sally Ann Gonzales (no): local only; Shawnna Bolick (yes): local only; Theresa Hatathlie (no): local only; Thomas "T.J." Shope (yes): local only; Timothy "Tim" Dunn (yes): local only; Venden "Vince" Leach (no): local only; Warren Petersen (yes): local only; Wendy Rogers (yes): local only | 16 other local bill(s) share this signature on 2026-03-04]
  [33m~[0m  AZ SB 1745 (57th-2nd-regular): vote tally differs on 2026-03-04  [local={'yes': 0, 'no': 0, 'other': 0, 'absent': 0, 'excused': 0, 'not voting': 0} live={'yes': 15, 'no': 15, 'other': 0, 'absent': 0, 'excused': 0, 'not voting': 0} | Analise Ortiz (no): live only; Brian Fernandez (no): live only; Carine Werner (yes): live only; Catherine Miranda (no): live only; David C. Farnsworth (yes): live only; David Gowan (yes): live only; Denise “Mitzi” Epstein (no): live only; Eva Diaz (no): live only; Flavio Bravo (no): live only; Frank Carroll (yes): live only; Hildy Angius (no): live only; J.D. Mesnard (yes): live only; Jake Hoffman (yes): live only; Janae Shamp (yes): live only; John Kavanagh (yes): live only; Kevin Payne (yes): live only; Kiana Sears (no): live only; Lauren Kuby (no): live only; Lela Alston (no): live only; Mark Finchem (yes): live only; Priya Sundareshan (no): live only; Rosanna Gabaldón (no): live only; Sally Ann Gonzales (no): live only; Shawnna Bolick (yes): live only; Theresa Hatathlie (no): live only; Thomas "T.J." Shope (yes): live only; Timothy "Tim" Dunn (yes): live only; Venden "Vince" Leach (no): live only; Warren Petersen (yes): live only; Wendy Rogers (yes): live only | 16 other local bill(s) share this signature on 2026-03-04]
  [32m✓[0m  AZ SB 1745 (57th-2nd-regular): vote tally matches on 2026-03-04 ({'yes': 0, 'no': 0, 'other': 0, 'absent': 0, 'excused': 0, 'not voting': 0})
  [32m✓[0m  AZ SB 1745 (57th-2nd-regular): sponsorship count matches (1)
  [32m✓[0m  AZ SB 1759 (57th-2nd-regular): title matches
  [32m✓[0m  AZ SB 1759 (57th-2nd-regular): latest_action matches
  [32m✓[0m  AZ SB 1759 (57th-2nd-regular): vote event count matches (0)
  [32m✓[0m  AZ SB 1759 (57th-2nd-regular): sponsorship count matches (1)
  [32m✓[0m  AZ SB 1761 (57th-2nd-regular): title matches
  [32m✓[0m  AZ SB 1761 (57th-2nd-regular): latest_action matches
  [32m✓[0m  AZ SB 1761 (57th-2nd-regular): vote event count matches (1)
  [32m✓[0m  AZ SB 1761 (57th-2nd-regular): vote tally matches on 2026-03-16 ({'yes': 25, 'no': 1, 'other': 0, 'absent': 0, 'excused': 0, 'not voting': 4})
  [32m✓[0m  AZ SB 1761 (57th-2nd-regular): sponsorship count matches (1)
  [32m✓[0m  AZ SB 1762 (57th-2nd-regular): title matches
  [32m✓[0m  AZ SB 1762 (57th-2nd-regular): latest_action matches
  [32m✓[0m  AZ SB 1762 (57th-2nd-regular): vote event count matches (0)
  [32m✓[0m  AZ SB 1762 (57th-2nd-regular): sponsorship count matches (1)
  [32m✓[0m  AZ SB 1763 (57th-2nd-regular): title matches
  [32m✓[0m  AZ SB 1763 (57th-2nd-regular): latest_action matches
  [32m✓[0m  AZ SB 1763 (57th-2nd-regular): vote event count matches (4)
  [32m✓[0m  AZ SB 1763 (57th-2nd-regular): vote tally matches on 2026-03-04 ({'yes': 0, 'no': 0, 'other': 0, 'absent': 0, 'excused': 0, 'not voting': 0})
  [32m✓[0m  AZ SB 1763 (57th-2nd-regular): vote tally matches on 2026-03-04 ({'yes': 29, 'no': 1, 'other': 0, 'absent': 0, 'excused': 0, 'not voting': 0})
  [32m✓[0m  AZ SB 1763 (57th-2nd-regular): vote tally matches on 2026-04-14 ({'yes': 0, 'no': 0, 'other': 0, 'absent': 0, 'excused': 0, 'not voting': 0})
  [32m✓[0m  AZ SB 1763 (57th-2nd-regular): vote tally matches on 2026-04-20 ({'yes': 32, 'no': 18, 'other': 0, 'absent': 0, 'excused': 0, 'not voting': 9})
  [32m✓[0m  AZ SB 1763 (57th-2nd-regular): sponsorship count matches (1)
  [32m✓[0m  AZ SB 1768 (57th-2nd-regular): title matches
  [32m✓[0m  AZ SB 1768 (57th-2nd-regular): latest_action matches
  [32m✓[0m  AZ SB 1768 (57th-2nd-regular): vote event count matches (0)
  [32m✓[0m  AZ SB 1768 (57th-2nd-regular): sponsorship count matches (1)
  [32m✓[0m  AZ SB 1778 (57th-2nd-regular): title matches
  [32m✓[0m  AZ SB 1778 (57th-2nd-regular): latest_action matches
  [32m✓[0m  AZ SB 1778 (57th-2nd-regular): vote event count matches (0)
  [32m✓[0m  AZ SB 1778 (57th-2nd-regular): sponsorship count matches (1)
  [32m✓[0m  AZ SB 1781 (57th-2nd-regular): title matches
  [32m✓[0m  AZ SB 1781 (57th-2nd-regular): latest_action matches
  [32m✓[0m  AZ SB 1781 (57th-2nd-regular): vote event count matches (0)
  [32m✓[0m  AZ SB 1781 (57th-2nd-regular): sponsorship count matches (3)
  [32m✓[0m  AZ SB 1783 (57th-2nd-regular): title matches
  [32m✓[0m  AZ SB 1783 (57th-2nd-regular): latest_action matches
  [32m✓[0m  AZ SB 1783 (57th-2nd-regular): vote event count matches (0)
  [32m✓[0m  AZ SB 1783 (57th-2nd-regular): sponsorship count matches (1)
  [32m✓[0m  AZ SB 1794 (57th-2nd-regular): title matches
  [32m✓[0m  AZ SB 1794 (57th-2nd-regular): latest_action matches
  [32m✓[0m  AZ SB 1794 (57th-2nd-regular): vote event count matches (0)
  [32m✓[0m  AZ SB 1794 (57th-2nd-regular): sponsorship count matches (1)
  [32m✓[0m  AZ SB 1801 (57th-2nd-regular): title matches
  [32m✓[0m  AZ SB 1801 (57th-2nd-regular): latest_action matches
  [32m✓[0m  AZ SB 1801 (57th-2nd-regular): vote event count matches (0)
  [32m✓[0m  AZ SB 1801 (57th-2nd-regular): sponsorship count matches (1)
  [32m✓[0m  AZ SB 1802 (57th-2nd-regular): title matches
  [32m✓[0m  AZ SB 1802 (57th-2nd-regular): latest_action matches
  [32m✓[0m  AZ SB 1802 (57th-2nd-regular): vote event count matches (0)
  [32m✓[0m  AZ SB 1802 (57th-2nd-regular): sponsorship count matches (4)
  [32m✓[0m  AZ SB 1803 (57th-2nd-regular): title matches
  [32m✓[0m  AZ SB 1803 (57th-2nd-regular): latest_action matches
  [32m✓[0m  AZ SB 1803 (57th-2nd-regular): vote event count matches (3)
  [32m✓[0m  AZ SB 1803 (57th-2nd-regular): vote tally matches on 2026-02-26 ({'yes': 0, 'no': 0, 'other': 0, 'absent': 0, 'excused': 0, 'not voting': 0})
  [32m✓[0m  AZ SB 1803 (57th-2nd-regular): vote tally matches on 2026-03-03 ({'yes': 0, 'no': 0, 'other': 0, 'absent': 0, 'excused': 0, 'not voting': 0})
  [32m✓[0m  AZ SB 1803 (57th-2nd-regular): vote tally matches on 2026-03-10 ({'yes': 20, 'no': 9, 'other': 0, 'absent': 0, 'excused': 0, 'not voting': 1})
  [32m✓[0m  AZ SB 1803 (57th-2nd-regular): sponsorship count matches (2)
  [32m✓[0m  AZ SB 1807 (57th-2nd-regular): title matches
  [32m✓[0m  AZ SB 1807 (57th-2nd-regular): latest_action matches
  [32m✓[0m  AZ SB 1807 (57th-2nd-regular): vote event count matches (0)
  [32m✓[0m  AZ SB 1807 (57th-2nd-regular): sponsorship count matches (1)
  [32m✓[0m  AZ SB 1808 (57th-2nd-regular): title matches
  [32m✓[0m  AZ SB 1808 (57th-2nd-regular): latest_action matches
  [32m✓[0m  AZ SB 1808 (57th-2nd-regular): vote event count matches (4)
  [32m✓[0m  AZ SB 1808 (57th-2nd-regular): vote tally matches on 2026-02-26 ({'yes': 20, 'no': 8, 'other': 0, 'absent': 0, 'excused': 0, 'not voting': 2})
  [32m✓[0m  AZ SB 1808 (57th-2nd-regular): vote tally matches on 2026-02-26 ({'yes': 0, 'no': 0, 'other': 0, 'absent': 0, 'excused': 0, 'not voting': 0})
  [32m✓[0m  AZ SB 1808 (57th-2nd-regular): vote tally matches on 2026-04-20 ({'yes': 0, 'no': 0, 'other': 0, 'absent': 0, 'excused': 0, 'not voting': 0})
  [32m✓[0m  AZ SB 1808 (57th-2nd-regular): vote tally matches on 2026-06-11 ({'yes': 33, 'no': 22, 'other': 0, 'absent': 0, 'excused': 0, 'not voting': 5})
  [32m✓[0m  AZ SB 1808 (57th-2nd-regular): sponsorship count matches (1)
  [32m✓[0m  AZ SB 1814 (57th-2nd-regular): title matches
  [32m✓[0m  AZ SB 1814 (57th-2nd-regular): latest_action matches
  [32m✓[0m  AZ SB 1814 (57th-2nd-regular): vote event count matches (7)
  [32m✓[0m  AZ SB 1814 (57th-2nd-regular): vote tally matches on 2026-02-26 ({'yes': 0, 'no': 0, 'other': 0, 'absent': 0, 'excused': 0, 'not voting': 0})
  [32m✓[0m  AZ SB 1814 (57th-2nd-regular): vote tally matches on 2026-02-26 ({'yes': 25, 'no': 2, 'other': 0, 'absent': 0, 'excused': 0, 'not voting': 3})
  [32m✓[0m  AZ SB 1814 (57th-2nd-regular): vote tally matches on 2026-04-21 ({'yes': 0, 'no': 0, 'other': 0, 'absent': 0, 'excused': 0, 'not voting': 0})
  [32m✓[0m  AZ SB 1814 (57th-2nd-regular): vote tally matches on 2026-04-22 ({'yes': 0, 'no': 0, 'other': 0, 'absent': 0, 'excused': 0, 'not voting': 0})
  [32m✓[0m  AZ SB 1814 (57th-2nd-regular): vote tally matches on 2026-04-28 ({'yes': 42, 'no': 15, 'other': 0, 'absent': 0, 'excused': 0, 'not voting': 2})
  [33m~[0m  AZ SB 1814 (57th-2nd-regular): vote tally differs on 2026-06-09  [local={'yes': 0, 'no': 0, 'other': 0, 'absent': 0, 'excused': 0, 'not voting': 0} live={'yes': 28, 'no': 1, 'other': 0, 'absent': 0, 'excused': 0, 'not voting': 1} | Analise Ortiz (yes): live only; Brian Fernandez (yes): live only; Carine Werner (yes): live only; Catherine Miranda (yes): live only; David C. Farnsworth (yes): live only; David Gowan (yes): live only; Denise “Mitzi” Epstein (yes): live only; Eva Diaz (yes): live only; Flavio Bravo (yes): live only; Frank Carroll (yes): live only; Hildy Angius (yes): live only; J.D. Mesnard (yes): live only; Jake Hoffman (no): live only; Janae Shamp (other): live only; John Kavanagh (yes): live only; Kevin Payne (yes): live only; Kiana Sears (yes): live only; Lauren Kuby (yes): live only; Lela Alston (yes): live only; Mark Finchem (yes): live only; Priya Sundareshan (yes): live only; Rosanna Gabaldón (yes): live only; Sally Ann Gonzales (yes): live only; Shawnna Bolick (yes): live only; Theresa Hatathlie (yes): live only; Thomas "T.J." Shope (yes): live only; Timothy "Tim" Dunn (yes): live only; Venden "Vince" Leach (yes): live only; Warren Petersen (yes): live only; Wendy Rogers (yes): live only | 48 other local bill(s) share this signature on 2026-06-09]
  [33m~[0m  AZ SB 1814 (57th-2nd-regular): vote tally differs on 2026-06-09  [local={'yes': 28, 'no': 1, 'other': 0, 'absent': 0, 'excused': 0, 'not voting': 1} live={'yes': 0, 'no': 0, 'other': 0, 'absent': 0, 'excused': 0, 'not voting': 0} | Analise Ortiz (yes): local only; Brian Fernandez (yes): local only; Carine Werner (yes): local only; Catherine Miranda (yes): local only; David C. Farnsworth (yes): local only; David Gowan (yes): local only; Denise “Mitzi” Epstein (yes): local only; Eva Diaz (yes): local only; Flavio Bravo (yes): local only; Frank Carroll (yes): local only; Hildy Angius (yes): local only; J.D. Mesnard (yes): local only; Jake Hoffman (no): local only; Janae Shamp (other): local only; John Kavanagh (yes): local only; Kevin Payne (yes): local only; Kiana Sears (yes): local only; Lauren Kuby (yes): local only; Lela Alston (yes): local only; Mark Finchem (yes): local only; Priya Sundareshan (yes): local only; Rosanna Gabaldón (yes): local only; Sally Ann Gonzales (yes): local only; Shawnna Bolick (yes): local only; Theresa Hatathlie (yes): local only; Thomas "T.J." Shope (yes): local only; Timothy "Tim" Dunn (yes): local only; Venden "Vince" Leach (yes): local only; Warren Petersen (yes): local only; Wendy Rogers (yes): local only | 48 other local bill(s) share this signature on 2026-06-09]
  [32m✓[0m  AZ SB 1814 (57th-2nd-regular): sponsorship count matches (3)
  [32m✓[0m  AZ SB 1816 (57th-2nd-regular): title matches
  [32m✓[0m  AZ SB 1816 (57th-2nd-regular): latest_action matches
  [32m✓[0m  AZ SB 1816 (57th-2nd-regular): vote event count matches (0)
  [32m✓[0m  AZ SB 1816 (57th-2nd-regular): sponsorship count matches (1)
  [32m✓[0m  AZ SB 1823 (57th-2nd-regular): title matches
  [32m✓[0m  AZ SB 1823 (57th-2nd-regular): latest_action matches
  [32m✓[0m  AZ SB 1823 (57th-2nd-regular): vote event count matches (0)
  [32m✓[0m  AZ SB 1823 (57th-2nd-regular): sponsorship count matches (1)
  [31m✗[0m  AZ SB 1829 (57th-2nd-regular): live API error  [429 Client Error: Too Many Requests for url: https://v3.openstates.org/bills?jurisdiction=az&session=57th-2nd-regular&identifier=SB+1829&include=votes&include=sponsorships&include=actions&apikey=REDACTED-API-KEY]
    ...475/500
  [31m✗[0m  AZ SB 1832 (57th-2nd-regular): live API error  [429 Client Error: Too Many Requests for url: https://v3.openstates.org/bills?jurisdiction=az&session=57th-2nd-regular&identifier=SB+1832&include=votes&include=sponsorships&include=actions&apikey=REDACTED-API-KEY]
  [31m✗[0m  AZ SB 1833 (57th-2nd-regular): live API error  [429 Client Error: Too Many Requests for url: https://v3.openstates.org/bills?jurisdiction=az&session=57th-2nd-regular&identifier=SB+1833&include=votes&include=sponsorships&include=actions&apikey=REDACTED-API-KEY]
  [31m✗[0m  AZ SB 1835 (57th-2nd-regular): live API error  [429 Client Error: Too Many Requests for url: https://v3.openstates.org/bills?jurisdiction=az&session=57th-2nd-regular&identifier=SB+1835&include=votes&include=sponsorships&include=actions&apikey=REDACTED-API-KEY]
  [31m✗[0m  AZ SB 1840 (57th-2nd-regular): live API error  [429 Client Error: Too Many Requests for url: https://v3.openstates.org/bills?jurisdiction=az&session=57th-2nd-regular&identifier=SB+1840&include=votes&include=sponsorships&include=actions&apikey=REDACTED-API-KEY]
  [31m✗[0m  AZ SB 1844 (57th-2nd-regular): live API error  [429 Client Error: Too Many Requests for url: https://v3.openstates.org/bills?jurisdiction=az&session=57th-2nd-regular&identifier=SB+1844&include=votes&include=sponsorships&include=actions&apikey=REDACTED-API-KEY]
  [32m✓[0m  AZ SB 1845 (57th-2nd-regular): title matches
  [32m✓[0m  AZ SB 1845 (57th-2nd-regular): latest_action matches
  [32m✓[0m  AZ SB 1845 (57th-2nd-regular): vote event count matches (1)
  [32m✓[0m  AZ SB 1845 (57th-2nd-regular): vote tally matches on 2026-05-04 ({'yes': 0, 'no': 0, 'other': 0, 'absent': 0, 'excused': 0, 'not voting': 0})
  [32m✓[0m  AZ SB 1845 (57th-2nd-regular): sponsorship count matches (2)
  [32m✓[0m  AZ SB 1853 (57th-2nd-regular): title matches
  [32m✓[0m  AZ SB 1853 (57th-2nd-regular): latest_action matches
  [32m✓[0m  AZ SB 1853 (57th-2nd-regular): vote event count matches (1)
  [32m✓[0m  AZ SB 1853 (57th-2nd-regular): vote tally matches on 2026-06-11 ({'yes': 0, 'no': 0, 'other': 0, 'absent': 0, 'excused': 0, 'not voting': 0})
  [32m✓[0m  AZ SB 1853 (57th-2nd-regular): sponsorship count matches (1)
  [32m✓[0m  AZ SB 1859 (57th-2nd-regular): title matches
  [32m✓[0m  AZ SB 1859 (57th-2nd-regular): latest_action matches
  [32m✓[0m  AZ SB 1859 (57th-2nd-regular): vote event count matches (1)
  [32m✓[0m  AZ SB 1859 (57th-2nd-regular): vote tally matches on 2026-06-11 ({'yes': 0, 'no': 0, 'other': 0, 'absent': 0, 'excused': 0, 'not voting': 0})
  [32m✓[0m  AZ SB 1859 (57th-2nd-regular): sponsorship count matches (1)
  [32m✓[0m  AZ SB 1860 (57th-2nd-regular): title matches
  [32m✓[0m  AZ SB 1860 (57th-2nd-regular): latest_action matches
  [32m✓[0m  AZ SB 1860 (57th-2nd-regular): vote event count matches (1)
  [32m✓[0m  AZ SB 1860 (57th-2nd-regular): vote tally matches on 2026-06-11 ({'yes': 0, 'no': 0, 'other': 0, 'absent': 0, 'excused': 0, 'not voting': 0})
  [32m✓[0m  AZ SB 1860 (57th-2nd-regular): sponsorship count matches (1)
  [32m✓[0m  AZ SB 1861 (57th-2nd-regular): title matches
  [32m✓[0m  AZ SB 1861 (57th-2nd-regular): latest_action matches
  [32m✓[0m  AZ SB 1861 (57th-2nd-regular): vote event count matches (1)
  [32m✓[0m  AZ SB 1861 (57th-2nd-regular): vote tally matches on 2026-06-11 ({'yes': 0, 'no': 0, 'other': 0, 'absent': 0, 'excused': 0, 'not voting': 0})
  [32m✓[0m  AZ SB 1861 (57th-2nd-regular): sponsorship count matches (1)
  [32m✓[0m  AZ SB 1862 (57th-2nd-regular): title matches
  [32m✓[0m  AZ SB 1862 (57th-2nd-regular): latest_action matches
  [32m✓[0m  AZ SB 1862 (57th-2nd-regular): vote event count matches (1)
  [32m✓[0m  AZ SB 1862 (57th-2nd-regular): vote tally matches on 2026-06-11 ({'yes': 0, 'no': 0, 'other': 0, 'absent': 0, 'excused': 0, 'not voting': 0})
  [32m✓[0m  AZ SB 1862 (57th-2nd-regular): sponsorship count matches (1)
  [32m✓[0m  AZ SCM 1005 (57th-2nd-regular): title matches
  [32m✓[0m  AZ SCM 1005 (57th-2nd-regular): latest_action matches
  [32m✓[0m  AZ SCM 1005 (57th-2nd-regular): vote event count matches (0)
  [32m✓[0m  AZ SCM 1005 (57th-2nd-regular): sponsorship count matches (1)
  [32m✓[0m  AZ SCR 1004 (57th-2nd-regular): title matches
  [32m✓[0m  AZ SCR 1004 (57th-2nd-regular): latest_action matches
  [32m✓[0m  AZ SCR 1004 (57th-2nd-regular): vote event count matches (5)
  [32m✓[0m  AZ SCR 1004 (57th-2nd-regular): vote tally matches on 2026-02-26 ({'yes': 16, 'no': 12, 'other': 0, 'absent': 0, 'excused': 0, 'not voting': 2})
  [32m✓[0m  AZ SCR 1004 (57th-2nd-regular): vote tally matches on 2026-02-26 ({'yes': 0, 'no': 0, 'other': 0, 'absent': 0, 'excused': 0, 'not voting': 0})
  [33m~[0m  AZ SCR 1004 (57th-2nd-regular): vote tally differs on 2026-06-12  [local={'yes': 37, 'no': 18, 'other': 0, 'absent': 0, 'excused': 0, 'not voting': 5} live={'yes': 0, 'no': 0, 'other': 0, 'absent': 0, 'excused': 0, 'not voting': 0} | Aaron Márquez (no): local only; Alexander Kolodin (yes): local only; Alma Hernandez (yes): local only; Anna Abeytia (no): local only; Betty J Villegas (no): local only; Beverly Pingerelli (yes): local only; Brian Garcia (no): local only; Cesar Aguilar (no): local only; Chris Lopez (yes): local only; Christopher Mathis (no): local only; Cody Reim (yes): local only; Consuelo Hernandez (yes): local only; David Livingston (yes): local only; Elda Luna-Nájera (yes): local only; Gail Griffin (yes): local only; James Taylor (yes): local only; Janeen Connolly (no): local only; Jeff Weninger (yes): local only; John Gillette (yes): local only; Julie Willoughby (other): local only; Junelle Cavero (yes): local only; Justin Olson (yes): local only; Justin Wilmeth (yes): local only; Kevin Volk (no): local only; Khyl Powell (yes): local only; Laurin Hendrix (yes): local only; Leo Biasiucci (yes): local only; Lisa Fink (yes): local only; Lorena Austin (no): local only; Lupe Contreras (yes): local only; Lupe Diaz (yes): local only; Lydia Hernandez (yes): local only; Mae Peshlakai (no): local only; Mariana Sandoval (no): local only; Matt Gress (yes): local only; Michael Carbone (yes): local only; Michael Way (yes): local only; Michele Peña (yes): local only; Myron Tsosie (other): local only; Nancy Gutierrez (other): local only; Neal Carter (yes): local only; Nick Kupper (yes): local only; Oscar De Los Santos (no): local only; Pamela Carter (yes): local only; Patty Contreras (no): local only; Quang H Nguyen (yes): local only; Quantá Crews (no): local only; Rachel Keshel (yes): local only; Ralph Heap (yes): local only; Sarah Liguori (no): local only; Selina Bliss (yes): local only; Seth Blattman (other): local only; Stacey Travers (no): local only; Stephanie Simacek (no): local only; Stephanie Stahl Hamilton (no): local only; Steve Montenegro (yes): local only; Sylvia Allen (yes): local only; Teresa Martinez (yes): local only; Tony Rivero (yes): local only; Walt Blackman (other): local only | 21 other local bill(s) share this signature on 2026-06-12]
  [33m~[0m  AZ SCR 1004 (57th-2nd-regular): vote tally differs on 2026-06-12  [local={'yes': 0, 'no': 0, 'other': 0, 'absent': 0, 'excused': 0, 'not voting': 0} live={'yes': 37, 'no': 18, 'other': 0, 'absent': 0, 'excused': 0, 'not voting': 5} | Aaron Márquez (no): live only; Alexander Kolodin (yes): live only; Alma Hernandez (yes): live only; Anna Abeytia (no): live only; Betty J Villegas (no): live only; Beverly Pingerelli (yes): live only; Brian Garcia (no): live only; Cesar Aguilar (no): live only; Chris Lopez (yes): live only; Christopher Mathis (no): live only; Cody Reim (yes): live only; Consuelo Hernandez (yes): live only; David Livingston (yes): live only; Elda Luna-Nájera (yes): live only; Gail Griffin (yes): live only; James Taylor (yes): live only; Janeen Connolly (no): live only; Jeff Weninger (yes): live only; John Gillette (yes): live only; Julie Willoughby (other): live only; Junelle Cavero (yes): live only; Justin Olson (yes): live only; Justin Wilmeth (yes): live only; Kevin Volk (no): live only; Khyl Powell (yes): live only; Laurin Hendrix (yes): live only; Leo Biasiucci (yes): live only; Lisa Fink (yes): live only; Lorena Austin (no): live only; Lupe Contreras (yes): live only; Lupe Diaz (yes): live only; Lydia Hernandez (yes): live only; Mae Peshlakai (no): live only; Mariana Sandoval (no): live only; Matt Gress (yes): live only; Michael Carbone (yes): live only; Michael Way (yes): live only; Michele Peña (yes): live only; Myron Tsosie (other): live only; Nancy Gutierrez (other): live only; Neal Carter (yes): live only; Nick Kupper (yes): live only; Oscar De Los Santos (no): live only; Pamela Carter (yes): live only; Patty Contreras (no): live only; Quang H Nguyen (yes): live only; Quantá Crews (no): live only; Rachel Keshel (yes): live only; Ralph Heap (yes): live only; Sarah Liguori (no): live only; Selina Bliss (yes): live only; Seth Blattman (other): live only; Stacey Travers (no): live only; Stephanie Simacek (no): live only; Stephanie Stahl Hamilton (no): live only; Steve Montenegro (yes): live only; Sylvia Allen (yes): live only; Teresa Martinez (yes): live only; Tony Rivero (yes): live only; Walt Blackman (other): live only | 21 other local bill(s) share this signature on 2026-06-12]
  [32m✓[0m  AZ SCR 1004 (57th-2nd-regular): vote tally matches on 2026-06-12 ({'yes': 0, 'no': 0, 'other': 0, 'absent': 0, 'excused': 0, 'not voting': 0})
  [32m✓[0m  AZ SCR 1004 (57th-2nd-regular): sponsorship count matches (2)
  [32m✓[0m  AZ SCR 1006 (57th-2nd-regular): title matches
  [32m✓[0m  AZ SCR 1006 (57th-2nd-regular): latest_action matches
  [32m✓[0m  AZ SCR 1006 (57th-2nd-regular): vote event count matches (2)
  [32m✓[0m  AZ SCR 1006 (57th-2nd-regular): vote tally matches on 2026-02-23 ({'yes': 0, 'no': 0, 'other': 0, 'absent': 0, 'excused': 0, 'not voting': 0})
  [32m✓[0m  AZ SCR 1006 (57th-2nd-regular): vote tally matches on 2026-02-23 ({'yes': 16, 'no': 11, 'other': 0, 'absent': 0, 'excused': 0, 'not voting': 3})
  [32m✓[0m  AZ SCR 1006 (57th-2nd-regular): sponsorship count matches (1)
  [32m✓[0m  AZ SCR 1008 (57th-2nd-regular): title matches
  [32m✓[0m  AZ SCR 1008 (57th-2nd-regular): latest_action matches
  [32m✓[0m  AZ SCR 1008 (57th-2nd-regular): vote event count matches (0)
  [32m✓[0m  AZ SCR 1008 (57th-2nd-regular): sponsorship count matches (1)
  [32m✓[0m  AZ SCR 1013 (57th-2nd-regular): title matches
  [32m✓[0m  AZ SCR 1013 (57th-2nd-regular): latest_action matches
  [32m✓[0m  AZ SCR 1013 (57th-2nd-regular): vote event count matches (2)
  [32m✓[0m  AZ SCR 1013 (57th-2nd-regular): vote tally matches on 2026-02-23 ({'yes': 16, 'no': 11, 'other': 0, 'absent': 0, 'excused': 0, 'not voting': 3})
  [32m✓[0m  AZ SCR 1013 (57th-2nd-regular): vote tally matches on 2026-02-23 ({'yes': 0, 'no': 0, 'other': 0, 'absent': 0, 'excused': 0, 'not voting': 0})
  [32m✓[0m  AZ SCR 1013 (57th-2nd-regular): sponsorship count matches (1)
  [32m✓[0m  AZ SCR 1015 (57th-2nd-regular): title matches
  [32m✓[0m  AZ SCR 1015 (57th-2nd-regular): latest_action matches
  [32m✓[0m  AZ SCR 1015 (57th-2nd-regular): vote event count matches (0)
  [32m✓[0m  AZ SCR 1015 (57th-2nd-regular): sponsorship count matches (4)
  [32m✓[0m  AZ SCR 1019 (57th-2nd-regular): title matches
  [32m✓[0m  AZ SCR 1019 (57th-2nd-regular): latest_action matches
  [32m✓[0m  AZ SCR 1019 (57th-2nd-regular): vote event count matches (0)
  [32m✓[0m  AZ SCR 1019 (57th-2nd-regular): sponsorship count matches (18)
  [32m✓[0m  AZ SCR 1025 (57th-2nd-regular): title matches
  [32m✓[0m  AZ SCR 1025 (57th-2nd-regular): latest_action matches
  [32m✓[0m  AZ SCR 1025 (57th-2nd-regular): vote event count matches (1)
  [32m✓[0m  AZ SCR 1025 (57th-2nd-regular): vote tally matches on 2026-03-03 ({'yes': 19, 'no': 11, 'other': 0, 'absent': 0, 'excused': 0, 'not voting': 0})
  [32m✓[0m  AZ SCR 1025 (57th-2nd-regular): sponsorship count matches (1)
  [32m✓[0m  AZ SCR 1031 (57th-2nd-regular): title matches
  [32m✓[0m  AZ SCR 1031 (57th-2nd-regular): latest_action matches
  [32m✓[0m  AZ SCR 1031 (57th-2nd-regular): vote event count matches (2)
  [32m✓[0m  AZ SCR 1031 (57th-2nd-regular): vote tally matches on 2026-02-24 ({'yes': 16, 'no': 11, 'other': 0, 'absent': 0, 'excused': 0, 'not voting': 3})
  [32m✓[0m  AZ SCR 1031 (57th-2nd-regular): vote tally matches on 2026-02-24 ({'yes': 0, 'no': 0, 'other': 0, 'absent': 0, 'excused': 0, 'not voting': 0})
  [32m✓[0m  AZ SCR 1031 (57th-2nd-regular): sponsorship count matches (1)
  [32m✓[0m  AZ SCR 1033 (57th-2nd-regular): title matches
  [32m✓[0m  AZ SCR 1033 (57th-2nd-regular): latest_action matches
  [32m✓[0m  AZ SCR 1033 (57th-2nd-regular): vote event count matches (2)
  [32m✓[0m  AZ SCR 1033 (57th-2nd-regular): vote tally matches on 2026-02-25 ({'yes': 0, 'no': 0, 'other': 0, 'absent': 0, 'excused': 0, 'not voting': 0})
  [32m✓[0m  AZ SCR 1033 (57th-2nd-regular): vote tally matches on 2026-02-25 ({'yes': 16, 'no': 11, 'other': 0, 'absent': 0, 'excused': 0, 'not voting': 3})
  [32m✓[0m  AZ SCR 1033 (57th-2nd-regular): sponsorship count matches (1)
  [32m✓[0m  AZ SCR 1037 (57th-2nd-regular): title matches
  [32m✓[0m  AZ SCR 1037 (57th-2nd-regular): latest_action matches
  [32m✓[0m  AZ SCR 1037 (57th-2nd-regular): vote event count matches (0)
  [32m✓[0m  AZ SCR 1037 (57th-2nd-regular): sponsorship count matches (2)
  [32m✓[0m  AZ SCR 1043 (57th-2nd-regular): title matches
  [32m✓[0m  AZ SCR 1043 (57th-2nd-regular): latest_action matches
  [32m✓[0m  AZ SCR 1043 (57th-2nd-regular): vote event count matches (0)
  [32m✓[0m  AZ SCR 1043 (57th-2nd-regular): sponsorship count matches (8)
  [32m✓[0m  AZ SCR 1048 (57th-2nd-regular): title matches
  [32m✓[0m  AZ SCR 1048 (57th-2nd-regular): latest_action matches
  [32m✓[0m  AZ SCR 1048 (57th-2nd-regular): vote event count matches (3)
  [32m✓[0m  AZ SCR 1048 (57th-2nd-regular): vote tally matches on 2026-03-03 ({'yes': 0, 'no': 0, 'other': 0, 'absent': 0, 'excused': 0, 'not voting': 0})
  [32m✓[0m  AZ SCR 1048 (57th-2nd-regular): vote tally matches on 2026-03-09 ({'yes': 0, 'no': 0, 'other': 0, 'absent': 0, 'excused': 0, 'not voting': 0})
  [32m✓[0m  AZ SCR 1048 (57th-2nd-regular): vote tally matches on 2026-03-09 ({'yes': 14, 'no': 15, 'other': 0, 'absent': 0, 'excused': 0, 'not voting': 1})
  [32m✓[0m  AZ SCR 1048 (57th-2nd-regular): sponsorship count matches (1)

────────────────────────────────────────────────────────────
  2593/2671 passed  |  49 warnings  |  29 failures  |  0 skipped
────────────────────────────────────────────────────────────
