
════════════════════════════════════════════════════════════
  TIER 2 (standalone): FL 2026
════════════════════════════════════════════════════════════
  Checking 500 bills sampled directly from the local DB (random)...
  [32m✓[0m  FL HB 459 (2026): title matches
  [32m✓[0m  FL HB 459 (2026): latest_action matches
  [32m✓[0m  FL HB 459 (2026): vote event count matches (0)
  [32m✓[0m  FL HB 459 (2026): sponsorship count matches (1)
    ...0/500
  [32m✓[0m  FL HB 13 (2026): title matches
  [32m✓[0m  FL HB 13 (2026): latest_action matches
  [32m✓[0m  FL HB 13 (2026): vote event count matches (1)
  [32m✓[0m  FL HB 13 (2026): vote tally matches on 2026-02-25 ({'yes': 115, 'no': 0, 'not voting': 2})
  [32m✓[0m  FL HB 13 (2026): sponsorship count matches (11)
  [32m✓[0m  FL HB 371 (2026): title matches
  [32m✓[0m  FL HB 371 (2026): latest_action matches
  [31m✗[0m  FL HB 371 (2026): local is MISSING votes vs live  [local=0 live=2]
  [32m✓[0m  FL HB 371 (2026): sponsorship count matches (4)
  [32m✓[0m  FL SB 1556 (2026): title matches
  [32m✓[0m  FL SB 1556 (2026): latest_action matches
  [32m✓[0m  FL SB 1556 (2026): vote event count matches (0)
  [32m✓[0m  FL SB 1556 (2026): sponsorship count matches (1)
  [32m✓[0m  FL SB 1208 (2026): title matches
  [32m✓[0m  FL SB 1208 (2026): latest_action matches
  [32m✓[0m  FL SB 1208 (2026): vote event count matches (0)
  [32m✓[0m  FL SB 1208 (2026): sponsorship count matches (1)
  [32m✓[0m  FL SB 284 (2026): title matches
  [32m✓[0m  FL SB 284 (2026): latest_action matches
  [32m✓[0m  FL SB 284 (2026): vote event count matches (0)
  [32m✓[0m  FL SB 284 (2026): sponsorship count matches (1)
  [32m✓[0m  FL HB 1359 (2026): title matches
  [32m✓[0m  FL HB 1359 (2026): latest_action matches
  [32m✓[0m  FL HB 1359 (2026): vote event count matches (0)
  [32m✓[0m  FL HB 1359 (2026): sponsorship count matches (1)
  [32m✓[0m  FL SB 1144 (2026): title matches
  [32m✓[0m  FL SB 1144 (2026): latest_action matches
  [32m✓[0m  FL SB 1144 (2026): vote event count matches (0)
  [32m✓[0m  FL SB 1144 (2026): sponsorship count matches (1)
  [32m✓[0m  FL SB 1494 (2026): title matches
  [32m✓[0m  FL SB 1494 (2026): latest_action matches
  [32m✓[0m  FL SB 1494 (2026): vote event count matches (1)
  [32m✓[0m  FL SB 1494 (2026): vote tally matches on 2026-02-04 ({'yes': 10, 'no': 0, 'other': 0})
  [32m✓[0m  FL SB 1494 (2026): sponsorship count matches (1)
  [32m✓[0m  FL SB 480 (2026): title matches
  [32m✓[0m  FL SB 480 (2026): latest_action matches
  [32m✓[0m  FL SB 480 (2026): vote event count matches (2)
  [32m✓[0m  FL SB 480 (2026): vote tally matches on 2026-02-04 ({'yes': 11, 'no': 0, 'other': 0})
  [32m✓[0m  FL SB 480 (2026): vote tally matches on 2026-02-12 ({'yes': 18, 'no': 0, 'other': 0})
  [32m✓[0m  FL SB 480 (2026): sponsorship count matches (3)
  [32m✓[0m  FL SB 7012 (2026): title matches
  [32m✓[0m  FL SB 7012 (2026): latest_action matches
  [32m✓[0m  FL SB 7012 (2026): vote event count matches (5)
  [32m✓[0m  FL SB 7012 (2026): vote tally matches on 2025-12-02 ({'yes': 6, 'no': 0, 'other': 2})
  [32m✓[0m  FL SB 7012 (2026): vote tally matches on 2026-01-12 ({'yes': 9, 'no': 0, 'other': 0})
  [32m✓[0m  FL SB 7012 (2026): vote tally matches on 2026-01-27 ({'yes': 21, 'no': 1, 'other': 2})
  [32m✓[0m  FL SB 7012 (2026): vote tally matches on 2026-01-29 ({'yes': 33, 'no': 2, 'not voting': 4})
  [32m✓[0m  FL SB 7012 (2026): vote tally matches on 2026-03-09 ({'yes': 107, 'no': 0, 'not voting': 10})
  [32m✓[0m  FL SB 7012 (2026): sponsorship count matches (2)
  [32m✓[0m  FL HB 961 (2026): title matches
  [32m✓[0m  FL HB 961 (2026): latest_action matches
  [33m~[0m  FL HB 961 (2026): local has MORE votes than live (our fix not merged?)  [local=5 live=2]
  [32m✓[0m  FL HB 961 (2026): vote tally matches on 2026-02-25 ({'yes': 113, 'no': 0, 'not voting': 4})
  [32m✓[0m  FL HB 961 (2026): vote tally matches on 2026-03-04 ({'yes': 37, 'no': 0, 'not voting': 2})
  [32m✓[0m  FL HB 961 (2026): sponsorship count matches (3)
  [32m✓[0m  FL SR 1790 (2026): title matches
  [32m✓[0m  FL SR 1790 (2026): latest_action matches
  [32m✓[0m  FL SR 1790 (2026): vote event count matches (0)
  [32m✓[0m  FL SR 1790 (2026): sponsorship count matches (1)
  [32m✓[0m  FL SB 1278 (2026): title matches
  [32m✓[0m  FL SB 1278 (2026): latest_action matches
  [32m✓[0m  FL SB 1278 (2026): vote event count matches (0)
  [32m✓[0m  FL SB 1278 (2026): sponsorship count matches (1)
  [32m✓[0m  FL HB 991 (2026): title matches
  [32m✓[0m  FL HB 991 (2026): latest_action matches
  [32m✓[0m  FL HB 991 (2026): vote event count matches (6)
  [32m✓[0m  FL HB 991 (2026): vote tally matches on 2026-02-05 ({'yes': 11, 'no': 5, 'not voting': 2})
  [32m✓[0m  FL HB 991 (2026): vote tally matches on 2026-02-17 ({'yes': 17, 'no': 6, 'not voting': 3})
  [32m✓[0m  FL HB 991 (2026): vote tally matches on 2026-02-25 ({'yes': 83, 'no': 31, 'not voting': 3})
  [32m✓[0m  FL HB 991 (2026): vote tally matches on 2026-03-11 ({'yes': 12, 'no': 24, 'not voting': 3})
  [32m✓[0m  FL HB 991 (2026): vote tally matches on 2026-03-12 ({'yes': 27, 'no': 12, 'not voting': 0})
  [32m✓[0m  FL HB 991 (2026): vote tally matches on 2026-03-12 ({'yes': 77, 'no': 28, 'not voting': 12})
  [32m✓[0m  FL HB 991 (2026): sponsorship count matches (11)
  [32m✓[0m  FL SB 156 (2026): title matches
  [32m✓[0m  FL SB 156 (2026): latest_action matches
  [32m✓[0m  FL SB 156 (2026): vote event count matches (5)
  [32m✓[0m  FL SB 156 (2026): vote tally matches on 2025-12-09 ({'yes': 5, 'no': 1, 'other': 2})
  [32m✓[0m  FL SB 156 (2026): vote tally matches on 2026-01-14 ({'yes': 6, 'no': 1, 'other': 1})
  [32m✓[0m  FL SB 156 (2026): vote tally matches on 2026-01-27 ({'yes': 19, 'no': 3, 'other': 2})
  [32m✓[0m  FL SB 156 (2026): vote tally matches on 2026-01-29 ({'yes': 31, 'no': 4, 'not voting': 4})
  [32m✓[0m  FL SB 156 (2026): vote tally matches on 2026-03-11 ({'yes': 103, 'no': 8, 'not voting': 6})
  [32m✓[0m  FL SB 156 (2026): sponsorship count matches (2)
  [32m✓[0m  FL HB 19 (2026): title matches
  [32m✓[0m  FL HB 19 (2026): latest_action matches
  [32m✓[0m  FL HB 19 (2026): vote event count matches (0)
  [32m✓[0m  FL HB 19 (2026): sponsorship count matches (1)
  [32m✓[0m  FL SB 24 (2026): title matches
  [32m✓[0m  FL SB 24 (2026): latest_action matches
  [32m✓[0m  FL SB 24 (2026): vote event count matches (3)
  [32m✓[0m  FL SB 24 (2026): vote tally matches on 2026-01-12 ({'yes': 9, 'no': 1, 'other': 1})
  [32m✓[0m  FL SB 24 (2026): vote tally matches on 2026-01-20 ({'yes': 8, 'no': 0, 'other': 0})
  [32m✓[0m  FL SB 24 (2026): vote tally matches on 2026-02-03 ({'yes': 24, 'no': 0, 'other': 0})
  [32m✓[0m  FL SB 24 (2026): sponsorship count matches (2)
  [32m✓[0m  FL SB 1148 (2026): title matches
  [32m✓[0m  FL SB 1148 (2026): latest_action matches
  [32m✓[0m  FL SB 1148 (2026): vote event count matches (0)
  [32m✓[0m  FL SB 1148 (2026): sponsorship count matches (1)
  [32m✓[0m  FL SB 1228 (2026): title matches
  [32m✓[0m  FL SB 1228 (2026): latest_action matches
  [32m✓[0m  FL SB 1228 (2026): vote event count matches (0)
  [32m✓[0m  FL SB 1228 (2026): sponsorship count matches (1)
  [32m✓[0m  FL SB 804 (2026): title matches
  [32m✓[0m  FL SB 804 (2026): latest_action matches
  [32m✓[0m  FL SB 804 (2026): vote event count matches (0)
  [32m✓[0m  FL SB 804 (2026): sponsorship count matches (1)
  [32m✓[0m  FL HB 357 (2026): title matches
  [32m✓[0m  FL HB 357 (2026): latest_action matches
  [32m✓[0m  FL HB 357 (2026): vote event count matches (0)
  [32m✓[0m  FL HB 357 (2026): sponsorship count matches (3)
  [32m✓[0m  FL SB 114 (2026): title matches
  [32m✓[0m  FL SB 114 (2026): latest_action matches
  [32m✓[0m  FL SB 114 (2026): vote event count matches (0)
  [32m✓[0m  FL SB 114 (2026): sponsorship count matches (1)
  [32m✓[0m  FL HR 8029 (2026): title matches
  [32m✓[0m  FL HR 8029 (2026): latest_action matches
  [32m✓[0m  FL HR 8029 (2026): vote event count matches (0)
  [32m✓[0m  FL HR 8029 (2026): sponsorship count matches (1)
  [32m✓[0m  FL SR 1806 (2026): title matches
  [32m✓[0m  FL SR 1806 (2026): latest_action matches
  [32m✓[0m  FL SR 1806 (2026): vote event count matches (0)
  [32m✓[0m  FL SR 1806 (2026): sponsorship count matches (1)
  [32m✓[0m  FL SB 710 (2026): title matches
  [32m✓[0m  FL SB 710 (2026): latest_action matches
  [32m✓[0m  FL SB 710 (2026): vote event count matches (0)
  [32m✓[0m  FL SB 710 (2026): sponsorship count matches (1)
    ...25/500
  [32m✓[0m  FL HB 1437 (2026): title matches
  [32m✓[0m  FL HB 1437 (2026): latest_action matches
  [31m✗[0m  FL HB 1437 (2026): local is MISSING votes vs live  [local=0 live=2]
  [32m✓[0m  FL HB 1437 (2026): sponsorship count matches (4)
  [32m✓[0m  FL SB 354 (2026): title matches
  [32m✓[0m  FL SB 354 (2026): latest_action matches
  [32m✓[0m  FL SB 354 (2026): vote event count matches (3)
  [32m✓[0m  FL SB 354 (2026): vote tally matches on 2026-01-13 ({'yes': 7, 'no': 1, 'other': 0})
  [32m✓[0m  FL SB 354 (2026): vote tally matches on 2026-02-12 ({'yes': 8, 'no': 4, 'other': 2})
  [32m✓[0m  FL SB 354 (2026): vote tally matches on 2026-03-03 ({'yes': 12, 'no': 10, 'other': 2})
  [32m✓[0m  FL SB 354 (2026): sponsorship count matches (4)
  [32m✓[0m  FL SB 796 (2026): title matches
  [32m✓[0m  FL SB 796 (2026): latest_action matches
  [32m✓[0m  FL SB 796 (2026): vote event count matches (3)
  [32m✓[0m  FL SB 796 (2026): vote tally matches on 2026-01-12 ({'yes': 9, 'no': 0, 'other': 0})
  [32m✓[0m  FL SB 796 (2026): vote tally matches on 2026-02-04 ({'yes': 11, 'no': 0, 'other': 0})
  [32m✓[0m  FL SB 796 (2026): vote tally matches on 2026-03-03 ({'yes': 21, 'no': 1, 'other': 2})
  [32m✓[0m  FL SB 796 (2026): sponsorship count matches (4)
  [32m✓[0m  FL HB 91 (2026): title matches
  [32m✓[0m  FL HB 91 (2026): latest_action matches
  [32m✓[0m  FL HB 91 (2026): vote event count matches (2)
  [32m✓[0m  FL HB 91 (2026): vote tally matches on 2026-02-25 ({'yes': 113, 'no': 0, 'not voting': 4})
  [32m✓[0m  FL HB 91 (2026): vote tally matches on 2026-02-26 ({'yes': 37, 'no': 0, 'not voting': 2})
  [32m✓[0m  FL HB 91 (2026): sponsorship count matches (3)
  [32m✓[0m  FL SB 682 (2026): title matches
  [32m✓[0m  FL SB 682 (2026): latest_action matches
  [32m✓[0m  FL SB 682 (2026): vote event count matches (3)
  [32m✓[0m  FL SB 682 (2026): vote tally matches on 2026-01-20 ({'yes': 8, 'no': 0, 'other': 0})
  [32m✓[0m  FL SB 682 (2026): vote tally matches on 2026-02-18 ({'yes': 7, 'no': 0, 'other': 1})
  [32m✓[0m  FL SB 682 (2026): vote tally matches on 2026-03-02 ({'yes': 18, 'no': 0, 'other': 2})
  [32m✓[0m  FL SB 682 (2026): sponsorship count matches (4)
  [32m✓[0m  FL HB 511 (2026): title matches
  [32m✓[0m  FL HB 511 (2026): latest_action matches
  [32m✓[0m  FL HB 511 (2026): vote event count matches (3)
  [32m✓[0m  FL HB 511 (2026): vote tally matches on 2026-01-14 ({'yes': 16, 'no': 0, 'not voting': 1})
  [32m✓[0m  FL HB 511 (2026): vote tally matches on 2026-02-05 ({'yes': 15, 'no': 0, 'not voting': 3})
  [32m✓[0m  FL HB 511 (2026): vote tally matches on 2026-02-10 ({'yes': 26, 'no': 0, 'not voting': 0})
  [32m✓[0m  FL HB 511 (2026): sponsorship count matches (4)
  [32m✓[0m  FL HB 381 (2026): title matches
  [32m✓[0m  FL HB 381 (2026): latest_action matches
  [32m✓[0m  FL HB 381 (2026): vote event count matches (2)
  [32m✓[0m  FL HB 381 (2026): vote tally matches on 2026-01-21 ({'yes': 16, 'no': 0, 'not voting': 2})
  [32m✓[0m  FL HB 381 (2026): vote tally matches on 2026-02-16 ({'yes': 12, 'no': 0, 'not voting': 4})
  [32m✓[0m  FL HB 381 (2026): sponsorship count matches (2)
  [32m✓[0m  FL HR 8075 (2026): title matches
  [32m✓[0m  FL HR 8075 (2026): latest_action matches
  [32m✓[0m  FL HR 8075 (2026): vote event count matches (0)
  [32m✓[0m  FL HR 8075 (2026): sponsorship count matches (2)
  [32m✓[0m  FL SB 192 (2026): title matches
  [32m✓[0m  FL SB 192 (2026): latest_action matches
  [32m✓[0m  FL SB 192 (2026): vote event count matches (5)
  [32m✓[0m  FL SB 192 (2026): vote tally matches on 2026-01-20 ({'yes': 10, 'no': 0, 'other': 1})
  [32m✓[0m  FL SB 192 (2026): vote tally matches on 2026-01-27 ({'yes': 10, 'no': 0, 'other': 1})
  [32m✓[0m  FL SB 192 (2026): vote tally matches on 2026-02-17 ({'yes': 24, 'no': 0, 'other': 0})
  [32m✓[0m  FL SB 192 (2026): vote tally matches on 2026-02-19 ({'yes': 37, 'no': 0, 'not voting': 2})
  [32m✓[0m  FL SB 192 (2026): vote tally matches on 2026-03-11 ({'yes': 113, 'no': 0, 'not voting': 4})
  [32m✓[0m  FL SB 192 (2026): sponsorship count matches (2)
  [32m✓[0m  FL SB 1030 (2026): title matches
  [32m✓[0m  FL SB 1030 (2026): latest_action matches
  [32m✓[0m  FL SB 1030 (2026): vote event count matches (5)
  [32m✓[0m  FL SB 1030 (2026): vote tally matches on 2026-01-27 ({'yes': 5, 'no': 0, 'other': 1})
  [32m✓[0m  FL SB 1030 (2026): vote tally matches on 2026-02-12 ({'yes': 9, 'no': 0, 'other': 0})
  [32m✓[0m  FL SB 1030 (2026): vote tally matches on 2026-02-24 ({'yes': 22, 'no': 0, 'other': 2})
  [32m✓[0m  FL SB 1030 (2026): vote tally matches on 2026-02-26 ({'yes': 37, 'no': 0, 'not voting': 2})
  [32m✓[0m  FL SB 1030 (2026): vote tally matches on 2026-03-10 ({'yes': 106, 'no': 0, 'not voting': 11})
  [32m✓[0m  FL SB 1030 (2026): sponsorship count matches (4)
  [32m✓[0m  FL SB 544 (2026): title matches
  [32m✓[0m  FL SB 544 (2026): latest_action matches
  [32m✓[0m  FL SB 544 (2026): vote event count matches (1)
  [32m✓[0m  FL SB 544 (2026): vote tally matches on 2026-01-13 ({'yes': 6, 'no': 1, 'other': 1})
  [32m✓[0m  FL SB 544 (2026): sponsorship count matches (2)
  [32m✓[0m  FL HR 8071 (2026): title matches
  [32m✓[0m  FL HR 8071 (2026): latest_action matches
  [32m✓[0m  FL HR 8071 (2026): vote event count matches (0)
  [32m✓[0m  FL HR 8071 (2026): sponsorship count matches (2)
  [32m✓[0m  FL HR 8011 (2026): title matches
  [32m✓[0m  FL HR 8011 (2026): latest_action matches
  [32m✓[0m  FL HR 8011 (2026): vote event count matches (0)
  [32m✓[0m  FL HR 8011 (2026): sponsorship count matches (1)
  [32m✓[0m  FL SB 1700 (2026): title matches
  [32m✓[0m  FL SB 1700 (2026): latest_action matches
  [32m✓[0m  FL SB 1700 (2026): vote event count matches (0)
  [32m✓[0m  FL SB 1700 (2026): sponsorship count matches (9)
  [32m✓[0m  FL HB 1513 (2026): title matches
  [32m✓[0m  FL HB 1513 (2026): latest_action matches
  [32m✓[0m  FL HB 1513 (2026): vote event count matches (0)
  [32m✓[0m  FL HB 1513 (2026): sponsorship count matches (1)
  [32m✓[0m  FL SB 1706 (2026): title matches
  [32m✓[0m  FL SB 1706 (2026): latest_action matches
  [32m✓[0m  FL SB 1706 (2026): vote event count matches (4)
  [32m✓[0m  FL SB 1706 (2026): vote tally matches on 2026-02-04 ({'yes': 10, 'no': 0, 'other': 0})
  [32m✓[0m  FL SB 1706 (2026): vote tally matches on 2026-02-10 ({'yes': 9, 'no': 0, 'other': 0})
  [32m✓[0m  FL SB 1706 (2026): vote tally matches on 2026-02-18 ({'yes': 17, 'no': 0, 'other': 1})
  [32m✓[0m  FL SB 1706 (2026): vote tally matches on 2026-03-04 ({'yes': 37, 'no': 0, 'not voting': 2})
  [32m✓[0m  FL SB 1706 (2026): sponsorship count matches (2)
  [32m✓[0m  FL SB 1028 (2026): title matches
  [32m✓[0m  FL SB 1028 (2026): latest_action matches
  [32m✓[0m  FL SB 1028 (2026): vote event count matches (5)
  [32m✓[0m  FL SB 1028 (2026): vote tally matches on 2026-01-13 ({'yes': 10, 'no': 0, 'other': 0})
  [32m✓[0m  FL SB 1028 (2026): vote tally matches on 2026-02-04 ({'yes': 11, 'no': 0, 'other': 0})
  [32m✓[0m  FL SB 1028 (2026): vote tally matches on 2026-02-12 ({'yes': 18, 'no': 0, 'other': 2})
  [32m✓[0m  FL SB 1028 (2026): vote tally matches on 2026-03-04 ({'yes': 33, 'no': 1, 'not voting': 5})
  [32m✓[0m  FL SB 1028 (2026): vote tally matches on 2026-03-09 ({'yes': 88, 'no': 19, 'not voting': 10})
  [32m✓[0m  FL SB 1028 (2026): sponsorship count matches (3)
  [32m✓[0m  FL SB 1720 (2026): title matches
  [32m✓[0m  FL SB 1720 (2026): latest_action matches
  [32m✓[0m  FL SB 1720 (2026): vote event count matches (0)
  [32m✓[0m  FL SB 1720 (2026): sponsorship count matches (1)
  [32m✓[0m  FL HB 1475 (2026): title matches
  [32m✓[0m  FL HB 1475 (2026): latest_action matches
  [32m✓[0m  FL HB 1475 (2026): vote event count matches (0)
  [32m✓[0m  FL HB 1475 (2026): sponsorship count matches (2)
  [32m✓[0m  FL HB 251 (2026): title matches
  [32m✓[0m  FL HB 251 (2026): latest_action matches
  [31m✗[0m  FL HB 251 (2026): local is MISSING votes vs live  [local=0 live=1]
  [32m✓[0m  FL HB 251 (2026): sponsorship count matches (2)
  [32m✓[0m  FL SB 1636 (2026): title matches
  [32m✓[0m  FL SB 1636 (2026): latest_action matches
  [32m✓[0m  FL SB 1636 (2026): vote event count matches (0)
  [32m✓[0m  FL SB 1636 (2026): sponsorship count matches (1)
  [32m✓[0m  FL HB 6503 (2026): title matches
  [32m✓[0m  FL HB 6503 (2026): latest_action matches
  [32m✓[0m  FL HB 6503 (2026): vote event count matches (0)
  [32m✓[0m  FL HB 6503 (2026): sponsorship count matches (1)
  [32m✓[0m  FL SB 1192 (2026): title matches
  [32m✓[0m  FL SB 1192 (2026): latest_action matches
  [32m✓[0m  FL SB 1192 (2026): vote event count matches (3)
  [32m✓[0m  FL SB 1192 (2026): vote tally matches on 2026-02-02 ({'yes': 9, 'no': 0, 'other': 0})
  [32m✓[0m  FL SB 1192 (2026): vote tally matches on 2026-02-12 ({'yes': 13, 'no': 0, 'other': 1})
  [32m✓[0m  FL SB 1192 (2026): vote tally matches on 2026-03-02 ({'yes': 16, 'no': 0, 'other': 2})
  [32m✓[0m  FL SB 1192 (2026): sponsorship count matches (3)
  [32m✓[0m  FL SB 464 (2026): title matches
  [32m✓[0m  FL SB 464 (2026): latest_action matches
  [32m✓[0m  FL SB 464 (2026): vote event count matches (2)
  [32m✓[0m  FL SB 464 (2026): vote tally matches on 2026-01-20 ({'yes': 8, 'no': 0, 'other': 0})
  [32m✓[0m  FL SB 464 (2026): vote tally matches on 2026-02-11 ({'yes': 8, 'no': 0, 'other': 1})
  [32m✓[0m  FL SB 464 (2026): sponsorship count matches (1)
  [32m✓[0m  FL SB 1218 (2026): title matches
  [32m✓[0m  FL SB 1218 (2026): latest_action matches
  [32m✓[0m  FL SB 1218 (2026): vote event count matches (0)
  [32m✓[0m  FL SB 1218 (2026): sponsorship count matches (1)
    ...50/500
  [32m✓[0m  FL SB 1646 (2026): title matches
  [32m✓[0m  FL SB 1646 (2026): latest_action matches
  [32m✓[0m  FL SB 1646 (2026): vote event count matches (1)
  [32m✓[0m  FL SB 1646 (2026): vote tally matches on 2026-01-27 ({'yes': 6, 'no': 0, 'other': 2})
  [32m✓[0m  FL SB 1646 (2026): sponsorship count matches (1)
  [32m✓[0m  FL HB 1041 (2026): title matches
  [32m✓[0m  FL HB 1041 (2026): latest_action matches
  [32m✓[0m  FL HB 1041 (2026): vote event count matches (1)
  [32m✓[0m  FL HB 1041 (2026): vote tally matches on 2026-02-05 ({'yes': 13, 'no': 0, 'not voting': 4})
  [32m✓[0m  FL HB 1041 (2026): sponsorship count matches (2)
  [32m✓[0m  FL SB 626 (2026): title matches
  [32m✓[0m  FL SB 626 (2026): latest_action matches
  [32m✓[0m  FL SB 626 (2026): vote event count matches (0)
  [32m✓[0m  FL SB 626 (2026): sponsorship count matches (3)
  [32m✓[0m  FL HB 1429 (2026): title matches
  [32m✓[0m  FL HB 1429 (2026): latest_action matches
  [32m✓[0m  FL HB 1429 (2026): vote event count matches (0)
  [32m✓[0m  FL HB 1429 (2026): sponsorship count matches (1)
  [32m✓[0m  FL HB 6525 (2026): title matches
  [32m✓[0m  FL HB 6525 (2026): latest_action matches
  [32m✓[0m  FL HB 6525 (2026): vote event count matches (0)
  [32m✓[0m  FL HB 6525 (2026): sponsorship count matches (1)
  [32m✓[0m  FL HR 8067 (2026): title matches
  [32m✓[0m  FL HR 8067 (2026): latest_action matches
  [32m✓[0m  FL HR 8067 (2026): vote event count matches (0)
  [32m✓[0m  FL HR 8067 (2026): sponsorship count matches (1)
  [32m✓[0m  FL SB 198 (2026): title matches
  [32m✓[0m  FL SB 198 (2026): latest_action matches
  [32m✓[0m  FL SB 198 (2026): vote event count matches (3)
  [32m✓[0m  FL SB 198 (2026): vote tally matches on 2026-01-28 ({'yes': 10, 'no': 0, 'other': 0})
  [32m✓[0m  FL SB 198 (2026): vote tally matches on 2026-02-04 ({'yes': 9, 'no': 0, 'other': 1})
  [32m✓[0m  FL SB 198 (2026): vote tally matches on 2026-02-10 ({'yes': 24, 'no': 0, 'other': 0})
  [32m✓[0m  FL SB 198 (2026): sponsorship count matches (4)
  [32m✓[0m  FL HB 4057 (2026): title matches
  [32m✓[0m  FL HB 4057 (2026): latest_action matches
  [33m~[0m  FL HB 4057 (2026): local has MORE votes than live (our fix not merged?)  [local=5 live=2]
  [32m✓[0m  FL HB 4057 (2026): vote tally matches on 2026-02-25 ({'yes': 113, 'no': 0, 'not voting': 4})
  [32m✓[0m  FL HB 4057 (2026): vote tally matches on 2026-03-11 ({'yes': 36, 'no': 0, 'not voting': 3})
  [32m✓[0m  FL HB 4057 (2026): sponsorship count matches (3)
  [32m✓[0m  FL HB 1235 (2026): title matches
  [32m✓[0m  FL HB 1235 (2026): latest_action matches
  [32m✓[0m  FL HB 1235 (2026): vote event count matches (2)
  [32m✓[0m  FL HB 1235 (2026): vote tally matches on 2026-02-03 ({'yes': 16, 'no': 0, 'not voting': 2})
  [32m✓[0m  FL HB 1235 (2026): vote tally matches on 2026-02-12 ({'yes': 13, 'no': 0, 'not voting': 2})
  [32m✓[0m  FL HB 1235 (2026): sponsorship count matches (1)
  [32m✓[0m  FL SB 958 (2026): title matches
  [32m✓[0m  FL SB 958 (2026): latest_action matches
  [32m✓[0m  FL SB 958 (2026): vote event count matches (1)
  [32m✓[0m  FL SB 958 (2026): vote tally matches on 2026-01-20 ({'yes': 8, 'no': 0, 'other': 0})
  [32m✓[0m  FL SB 958 (2026): sponsorship count matches (1)
  [32m✓[0m  FL SB 1350 (2026): title matches
  [32m✓[0m  FL SB 1350 (2026): latest_action matches
  [32m✓[0m  FL SB 1350 (2026): vote event count matches (0)
  [32m✓[0m  FL SB 1350 (2026): sponsorship count matches (1)
  [32m✓[0m  FL HB 717 (2026): title matches
  [32m✓[0m  FL HB 717 (2026): latest_action matches
  [32m✓[0m  FL HB 717 (2026): vote event count matches (0)
  [32m✓[0m  FL HB 717 (2026): sponsorship count matches (1)
  [32m✓[0m  FL SB 1306 (2026): title matches
  [32m✓[0m  FL SB 1306 (2026): latest_action matches
  [32m✓[0m  FL SB 1306 (2026): vote event count matches (0)
  [32m✓[0m  FL SB 1306 (2026): sponsorship count matches (1)
  [32m✓[0m  FL SB 196 (2026): title matches
  [32m✓[0m  FL SB 196 (2026): latest_action matches
  [32m✓[0m  FL SB 196 (2026): vote event count matches (3)
  [32m✓[0m  FL SB 196 (2026): vote tally matches on 2026-02-11 ({'yes': 11, 'no': 0, 'other': 0})
  [32m✓[0m  FL SB 196 (2026): vote tally matches on 2026-02-18 ({'yes': 9, 'no': 0, 'other': 0})
  [32m✓[0m  FL SB 196 (2026): vote tally matches on 2026-02-24 ({'yes': 19, 'no': 0, 'other': 1})
  [32m✓[0m  FL SB 196 (2026): sponsorship count matches (7)
  [32m✓[0m  FL HB 1083 (2026): title matches
  [32m✓[0m  FL HB 1083 (2026): latest_action matches
  [32m✓[0m  FL HB 1083 (2026): vote event count matches (0)
  [32m✓[0m  FL HB 1083 (2026): sponsorship count matches (1)
  [32m✓[0m  FL HB 667 (2026): title matches
  [32m✓[0m  FL HB 667 (2026): latest_action matches
  [32m✓[0m  FL HB 667 (2026): vote event count matches (1)
  [32m✓[0m  FL HB 667 (2026): vote tally matches on 2026-02-11 ({'yes': 18, 'no': 0, 'not voting': 0})
  [32m✓[0m  FL HB 667 (2026): sponsorship count matches (1)
  [32m✓[0m  FL SB 1600 (2026): title matches
  [32m✓[0m  FL SB 1600 (2026): latest_action matches
  [32m✓[0m  FL SB 1600 (2026): vote event count matches (1)
  [32m✓[0m  FL SB 1600 (2026): vote tally matches on 2026-02-10 ({'yes': 6, 'no': 0, 'other': 0})
  [32m✓[0m  FL SB 1600 (2026): sponsorship count matches (2)
  [32m✓[0m  FL HB 1285 (2026): title matches
  [32m✓[0m  FL HB 1285 (2026): latest_action matches
  [32m✓[0m  FL HB 1285 (2026): vote event count matches (2)
  [32m✓[0m  FL HB 1285 (2026): vote tally matches on 2026-03-04 ({'yes': 110, 'no': 0, 'not voting': 7})
  [32m✓[0m  FL HB 1285 (2026): vote tally matches on 2026-03-10 ({'yes': 38, 'no': 0, 'not voting': 1})
  [32m✓[0m  FL HB 1285 (2026): sponsorship count matches (3)
  [32m✓[0m  FL HB 1321 (2026): title matches
  [32m✓[0m  FL HB 1321 (2026): latest_action matches
  [32m✓[0m  FL HB 1321 (2026): vote event count matches (0)
  [32m✓[0m  FL HB 1321 (2026): sponsorship count matches (1)
  [32m✓[0m  FL SB 1442 (2026): title matches
  [32m✓[0m  FL SB 1442 (2026): latest_action matches
  [32m✓[0m  FL SB 1442 (2026): vote event count matches (3)
  [32m✓[0m  FL SB 1442 (2026): vote tally matches on 2026-01-26 ({'yes': 9, 'no': 0, 'other': 0})
  [32m✓[0m  FL SB 1442 (2026): vote tally matches on 2026-02-12 ({'yes': 18, 'no': 0, 'other': 0})
  [32m✓[0m  FL SB 1442 (2026): vote tally matches on 2026-02-19 ({'yes': 37, 'no': 0, 'not voting': 2})
  [32m✓[0m  FL SB 1442 (2026): sponsorship count matches (1)
  [32m✓[0m  FL HB 405 (2026): title matches
  [32m✓[0m  FL HB 405 (2026): latest_action matches
  [32m✓[0m  FL HB 405 (2026): vote event count matches (1)
  [32m✓[0m  FL HB 405 (2026): vote tally matches on 2026-02-25 ({'yes': 113, 'no': 2, 'not voting': 2})
  [32m✓[0m  FL HB 405 (2026): sponsorship count matches (6)
  [32m✓[0m  FL HB 1325 (2026): title matches
  [33m~[0m  FL HB 1325 (2026): latest_action differs  [local='laid on table, refer to cs/sb 1246' live='laid on table; companion bill(s) passed, see cs/sb']
  [31m✗[0m  FL HB 1325 (2026): local is MISSING votes vs live  [local=0 live=3]
  [32m✓[0m  FL HB 1325 (2026): sponsorship count matches (5)
  [32m✓[0m  FL HB 551 (2026): title matches
  [32m✓[0m  FL HB 551 (2026): latest_action matches
  [32m✓[0m  FL HB 551 (2026): vote event count matches (0)
  [32m✓[0m  FL HB 551 (2026): sponsorship count matches (1)
  [32m✓[0m  FL SB 1196 (2026): title matches
  [32m✓[0m  FL SB 1196 (2026): latest_action matches
  [32m✓[0m  FL SB 1196 (2026): vote event count matches (1)
  [32m✓[0m  FL SB 1196 (2026): vote tally matches on 2026-02-03 ({'yes': 5, 'no': 1, 'other': 2})
  [32m✓[0m  FL SB 1196 (2026): sponsorship count matches (2)
  [32m✓[0m  FL SB 478 (2026): title matches
  [32m✓[0m  FL SB 478 (2026): latest_action matches
  [32m✓[0m  FL SB 478 (2026): vote event count matches (0)
  [32m✓[0m  FL SB 478 (2026): sponsorship count matches (3)
    ...75/500
  [32m✓[0m  FL HB 545 (2026): title matches
  [32m✓[0m  FL HB 545 (2026): latest_action matches
  [32m✓[0m  FL HB 545 (2026): vote event count matches (0)
  [32m✓[0m  FL HB 545 (2026): sponsorship count matches (1)
  [32m✓[0m  FL HB 23 (2026): title matches
  [32m✓[0m  FL HB 23 (2026): latest_action matches
  [32m✓[0m  FL HB 23 (2026): vote event count matches (0)
  [32m✓[0m  FL HB 23 (2026): sponsorship count matches (2)
  [32m✓[0m  FL HB 421 (2026): title matches
  [32m✓[0m  FL HB 421 (2026): latest_action matches
  [32m✓[0m  FL HB 421 (2026): vote event count matches (0)
  [32m✓[0m  FL HB 421 (2026): sponsorship count matches (1)
  [32m✓[0m  FL HB 967 (2026): title matches
  [32m✓[0m  FL HB 967 (2026): latest_action matches
  [33m~[0m  FL HB 967 (2026): local has MORE votes than live (our fix not merged?)  [local=4 live=2]
  [32m✓[0m  FL HB 967 (2026): vote tally matches on 2026-02-04 ({'yes': 110, 'no': 0, 'not voting': 7})
  [32m✓[0m  FL HB 967 (2026): vote tally matches on 2026-03-06 ({'yes': 33, 'no': 0, 'not voting': 6})
  [32m✓[0m  FL HB 967 (2026): sponsorship count matches (4)
  [32m✓[0m  FL SB 214 (2026): title matches
  [32m✓[0m  FL SB 214 (2026): latest_action matches
  [32m✓[0m  FL SB 214 (2026): vote event count matches (3)
  [32m✓[0m  FL SB 214 (2026): vote tally matches on 2026-01-21 ({'yes': 10, 'no': 0, 'other': 0})
  [32m✓[0m  FL SB 214 (2026): vote tally matches on 2026-02-04 ({'yes': 14, 'no': 0, 'other': 0})
  [32m✓[0m  FL SB 214 (2026): vote tally matches on 2026-03-02 ({'yes': 18, 'no': 0, 'other': 2})
  [32m✓[0m  FL SB 214 (2026): sponsorship count matches (3)
  [32m✓[0m  FL HB 1203 (2026): title matches
  [32m✓[0m  FL HB 1203 (2026): latest_action matches
  [32m✓[0m  FL HB 1203 (2026): vote event count matches (0)
  [32m✓[0m  FL HB 1203 (2026): sponsorship count matches (2)
  [32m✓[0m  FL SB 1416 (2026): title matches
  [32m✓[0m  FL SB 1416 (2026): latest_action matches
  [32m✓[0m  FL SB 1416 (2026): vote event count matches (0)
  [32m✓[0m  FL SB 1416 (2026): sponsorship count matches (2)
  [32m✓[0m  FL SB 1198 (2026): title matches
  [32m✓[0m  FL SB 1198 (2026): latest_action matches
  [32m✓[0m  FL SB 1198 (2026): vote event count matches (0)
  [32m✓[0m  FL SB 1198 (2026): sponsorship count matches (1)
  [32m✓[0m  FL SB 1430 (2026): title matches
  [32m✓[0m  FL SB 1430 (2026): latest_action matches
  [32m✓[0m  FL SB 1430 (2026): vote event count matches (0)
  [32m✓[0m  FL SB 1430 (2026): sponsorship count matches (1)
  [32m✓[0m  FL SB 452 (2026): title matches
  [32m✓[0m  FL SB 452 (2026): latest_action matches
  [32m✓[0m  FL SB 452 (2026): vote event count matches (0)
  [32m✓[0m  FL SB 452 (2026): sponsorship count matches (1)
  [32m✓[0m  FL HB 1361 (2026): title matches
  [32m✓[0m  FL HB 1361 (2026): latest_action matches
  [32m✓[0m  FL HB 1361 (2026): vote event count matches (0)
  [32m✓[0m  FL HB 1361 (2026): sponsorship count matches (1)
  [32m✓[0m  FL SB 568 (2026): title matches
  [32m✓[0m  FL SB 568 (2026): latest_action matches
  [32m✓[0m  FL SB 568 (2026): vote event count matches (0)
  [32m✓[0m  FL SB 568 (2026): sponsorship count matches (2)
  [32m✓[0m  FL SB 970 (2026): title matches
  [32m✓[0m  FL SB 970 (2026): latest_action matches
  [32m✓[0m  FL SB 970 (2026): vote event count matches (0)
  [32m✓[0m  FL SB 970 (2026): sponsorship count matches (1)
  [32m✓[0m  FL SB 1738 (2026): title matches
  [32m✓[0m  FL SB 1738 (2026): latest_action matches
  [32m✓[0m  FL SB 1738 (2026): vote event count matches (1)
  [32m✓[0m  FL SB 1738 (2026): vote tally matches on 2026-02-03 ({'yes': 7, 'no': 0, 'other': 1})
  [32m✓[0m  FL SB 1738 (2026): sponsorship count matches (2)
  [32m✓[0m  FL SB 500 (2026): title matches
  [32m✓[0m  FL SB 500 (2026): latest_action matches
  [32m✓[0m  FL SB 500 (2026): vote event count matches (2)
  [32m✓[0m  FL SB 500 (2026): vote tally matches on 2026-01-13 ({'yes': 6, 'no': 2, 'other': 0})
  [32m✓[0m  FL SB 500 (2026): vote tally matches on 2026-02-25 ({'yes': 5, 'no': 2, 'other': 1})
  [32m✓[0m  FL SB 500 (2026): sponsorship count matches (3)
  [32m✓[0m  FL SB 792 (2026): title matches
  [32m✓[0m  FL SB 792 (2026): latest_action matches
  [32m✓[0m  FL SB 792 (2026): vote event count matches (0)
  [32m✓[0m  FL SB 792 (2026): sponsorship count matches (1)
  [32m✓[0m  FL HB 1557 (2026): title matches
  [32m✓[0m  FL HB 1557 (2026): latest_action matches
  [32m✓[0m  FL HB 1557 (2026): vote event count matches (0)
  [32m✓[0m  FL HB 1557 (2026): sponsorship count matches (1)
  [32m✓[0m  FL HB 1489 (2026): title matches
  [32m✓[0m  FL HB 1489 (2026): latest_action matches
  [32m✓[0m  FL HB 1489 (2026): vote event count matches (0)
  [32m✓[0m  FL HB 1489 (2026): sponsorship count matches (3)
  [32m✓[0m  FL SB 632 (2026): title matches
  [32m✓[0m  FL SB 632 (2026): latest_action matches
  [32m✓[0m  FL SB 632 (2026): vote event count matches (1)
  [32m✓[0m  FL SB 632 (2026): vote tally matches on 2026-02-11 ({'yes': 6, 'no': 3, 'other': 1})
  [32m✓[0m  FL SB 632 (2026): sponsorship count matches (1)
  [32m✓[0m  FL HB 7025 (2026): title matches
  [32m✓[0m  FL HB 7025 (2026): latest_action matches
  [32m✓[0m  FL HB 7025 (2026): vote event count matches (1)
  [32m✓[0m  FL HB 7025 (2026): vote tally matches on 2026-01-29 ({'yes': 16, 'no': 0, 'not voting': 1})
  [32m✓[0m  FL HB 7025 (2026): sponsorship count matches (2)
  [32m✓[0m  FL SB 886 (2026): title matches
  [32m✓[0m  FL SB 886 (2026): latest_action matches
  [32m✓[0m  FL SB 886 (2026): vote event count matches (0)
  [32m✓[0m  FL SB 886 (2026): sponsorship count matches (1)
  [32m✓[0m  FL SB 1172 (2026): title matches
  [32m✓[0m  FL SB 1172 (2026): latest_action matches
  [32m✓[0m  FL SB 1172 (2026): vote event count matches (0)
  [32m✓[0m  FL SB 1172 (2026): sponsorship count matches (1)
  [32m✓[0m  FL SB 296 (2026): title matches
  [32m✓[0m  FL SB 296 (2026): latest_action matches
  [32m✓[0m  FL SB 296 (2026): vote event count matches (5)
  [32m✓[0m  FL SB 296 (2026): vote tally matches on 2025-12-09 ({'yes': 6, 'no': 0, 'other': 2})
  [32m✓[0m  FL SB 296 (2026): vote tally matches on 2026-01-14 ({'yes': 7, 'no': 0, 'other': 1})
  [32m✓[0m  FL SB 296 (2026): vote tally matches on 2026-01-27 ({'yes': 22, 'no': 0, 'other': 2})
  [32m✓[0m  FL SB 296 (2026): vote tally matches on 2026-01-29 ({'yes': 35, 'no': 0, 'not voting': 4})
  [32m✓[0m  FL SB 296 (2026): vote tally matches on 2026-03-10 ({'yes': 113, 'no': 0, 'not voting': 4})
  [32m✓[0m  FL SB 296 (2026): sponsorship count matches (6)
  [32m✓[0m  FL HB 905 (2026): title matches
  [32m✓[0m  FL HB 905 (2026): latest_action matches
  [33m~[0m  FL HB 905 (2026): local has MORE votes than live (our fix not merged?)  [local=6 live=3]
  [32m✓[0m  FL HB 905 (2026): vote tally matches on 2026-03-03 ({'yes': 86, 'no': 20, 'not voting': 11})
  [32m✓[0m  FL HB 905 (2026): vote tally matches on 2026-03-12 ({'yes': 28, 'no': 11, 'not voting': 0})
  [32m✓[0m  FL HB 905 (2026): vote tally matches on 2026-03-13 ({'yes': 83, 'no': 17, 'not voting': 17})
  [32m✓[0m  FL HB 905 (2026): sponsorship count matches (15)
  [32m✓[0m  FL HB 6509 (2026): title matches
  [32m✓[0m  FL HB 6509 (2026): latest_action matches
  [33m~[0m  FL HB 6509 (2026): local has MORE votes than live (our fix not merged?)  [local=5 live=2]
  [32m✓[0m  FL HB 6509 (2026): vote tally matches on 2026-03-03 ({'yes': 108, 'no': 0, 'not voting': 9})
  [32m✓[0m  FL HB 6509 (2026): vote tally matches on 2026-03-05 ({'yes': 35, 'no': 0, 'not voting': 4})
  [32m✓[0m  FL HB 6509 (2026): sponsorship count matches (3)
    ...100/500
  [32m✓[0m  FL HB 651 (2026): title matches
  [32m✓[0m  FL HB 651 (2026): latest_action matches
  [32m✓[0m  FL HB 651 (2026): vote event count matches (0)
  [32m✓[0m  FL HB 651 (2026): sponsorship count matches (1)
  [32m✓[0m  FL SB 1460 (2026): title matches
  [32m✓[0m  FL SB 1460 (2026): latest_action matches
  [32m✓[0m  FL SB 1460 (2026): vote event count matches (0)
  [32m✓[0m  FL SB 1460 (2026): sponsorship count matches (1)
  [32m✓[0m  FL HB 1103 (2026): title matches
  [32m✓[0m  FL HB 1103 (2026): latest_action matches
  [33m~[0m  FL HB 1103 (2026): local has MORE votes than live (our fix not merged?)  [local=5 live=2]
  [32m✓[0m  FL HB 1103 (2026): vote tally matches on 2026-03-03 ({'yes': 109, 'no': 0, 'not voting': 8})
  [32m✓[0m  FL HB 1103 (2026): vote tally matches on 2026-03-05 ({'yes': 37, 'no': 0, 'not voting': 2})
  [32m✓[0m  FL HB 1103 (2026): sponsorship count matches (5)
  [32m✓[0m  FL SB 656 (2026): title matches
  [32m✓[0m  FL SB 656 (2026): latest_action matches
  [32m✓[0m  FL SB 656 (2026): vote event count matches (5)
  [32m✓[0m  FL SB 656 (2026): vote tally matches on 2026-01-20 ({'yes': 8, 'no': 0, 'other': 0})
  [32m✓[0m  FL SB 656 (2026): vote tally matches on 2026-01-28 ({'yes': 8, 'no': 0, 'other': 0})
  [32m✓[0m  FL SB 656 (2026): vote tally matches on 2026-02-05 ({'yes': 15, 'no': 0, 'other': 5})
  [32m✓[0m  FL SB 656 (2026): vote tally matches on 2026-02-11 ({'yes': 39, 'no': 0, 'not voting': 0})
  [32m✓[0m  FL SB 656 (2026): vote tally matches on 2026-03-11 ({'yes': 113, 'no': 0, 'not voting': 4})
  [32m✓[0m  FL SB 656 (2026): sponsorship count matches (2)
  [32m✓[0m  FL SB 542 (2026): title matches
  [32m✓[0m  FL SB 542 (2026): latest_action matches
  [32m✓[0m  FL SB 542 (2026): vote event count matches (0)
  [32m✓[0m  FL SB 542 (2026): sponsorship count matches (1)
  [32m✓[0m  FL HB 1289 (2026): title matches
  [32m✓[0m  FL HB 1289 (2026): latest_action matches
  [32m✓[0m  FL HB 1289 (2026): vote event count matches (0)
  [32m✓[0m  FL HB 1289 (2026): sponsorship count matches (1)
  [32m✓[0m  FL SB 7010 (2026): title matches
  [32m✓[0m  FL SB 7010 (2026): latest_action matches
  [32m✓[0m  FL SB 7010 (2026): vote event count matches (3)
  [32m✓[0m  FL SB 7010 (2026): vote tally matches on 2025-12-02 ({'yes': 7, 'no': 0, 'other': 2})
  [32m✓[0m  FL SB 7010 (2026): vote tally matches on 2026-01-14 ({'yes': 17, 'no': 0, 'other': 1})
  [32m✓[0m  FL SB 7010 (2026): vote tally matches on 2026-01-22 ({'yes': 36, 'no': 0, 'not voting': 3})
  [32m✓[0m  FL SB 7010 (2026): sponsorship count matches (1)
  [32m✓[0m  FL SB 2518 (2026): title matches
  [32m✓[0m  FL SB 2518 (2026): latest_action matches
  [32m✓[0m  FL SB 2518 (2026): vote event count matches (2)
  [32m✓[0m  FL SB 2518 (2026): vote tally matches on 2026-02-18 ({'yes': 18, 'no': 0, 'other': 0})
  [32m✓[0m  FL SB 2518 (2026): vote tally matches on 2026-02-20 ({'yes': 36, 'no': 0, 'not voting': 3})
  [32m✓[0m  FL SB 2518 (2026): sponsorship count matches (1)
  [32m✓[0m  FL SB 838 (2026): title matches
  [32m✓[0m  FL SB 838 (2026): latest_action matches
  [32m✓[0m  FL SB 838 (2026): vote event count matches (4)
  [32m✓[0m  FL SB 838 (2026): vote tally matches on 2026-01-13 ({'yes': 10, 'no': 0, 'other': 0})
  [32m✓[0m  FL SB 838 (2026): vote tally matches on 2026-02-04 ({'yes': 10, 'no': 0, 'other': 0})
  [32m✓[0m  FL SB 838 (2026): vote tally matches on 2026-02-17 ({'yes': 24, 'no': 0, 'other': 0})
  [32m✓[0m  FL SB 838 (2026): vote tally matches on 2026-02-19 ({'yes': 38, 'no': 0, 'not voting': 1})
  [32m✓[0m  FL SB 838 (2026): sponsorship count matches (2)
  [32m✓[0m  FL HB 1467 (2026): title matches
  [32m✓[0m  FL HB 1467 (2026): latest_action matches
  [31m✗[0m  FL HB 1467 (2026): local is MISSING votes vs live  [local=0 live=2]
  [32m✓[0m  FL HB 1467 (2026): sponsorship count matches (1)
  [32m✓[0m  FL SB 1322 (2026): title matches
  [32m✓[0m  FL SB 1322 (2026): latest_action matches
  [32m✓[0m  FL SB 1322 (2026): vote event count matches (0)
  [32m✓[0m  FL SB 1322 (2026): sponsorship count matches (2)
  [32m✓[0m  FL HB 401 (2026): title matches
  [32m✓[0m  FL HB 401 (2026): latest_action matches
  [32m✓[0m  FL HB 401 (2026): vote event count matches (1)
  [32m✓[0m  FL HB 401 (2026): vote tally matches on 2026-02-25 ({'yes': 116, 'no': 0, 'not voting': 1})
  [32m✓[0m  FL HB 401 (2026): sponsorship count matches (3)
  [32m✓[0m  FL SB 220 (2026): title matches
  [32m✓[0m  FL SB 220 (2026): latest_action matches
  [32m✓[0m  FL SB 220 (2026): vote event count matches (0)
  [32m✓[0m  FL SB 220 (2026): sponsorship count matches (2)
  [32m✓[0m  FL HB 6523 (2026): title matches
  [32m✓[0m  FL HB 6523 (2026): latest_action matches
  [32m✓[0m  FL HB 6523 (2026): vote event count matches (0)
  [32m✓[0m  FL HB 6523 (2026): sponsorship count matches (9)
  [32m✓[0m  FL HB 413 (2026): title matches
  [32m✓[0m  FL HB 413 (2026): latest_action matches
  [32m✓[0m  FL HB 413 (2026): vote event count matches (1)
  [32m✓[0m  FL HB 413 (2026): vote tally matches on 2026-02-04 ({'yes': 110, 'no': 0, 'not voting': 7})
  [32m✓[0m  FL HB 413 (2026): sponsorship count matches (9)
  [32m✓[0m  FL HB 6507 (2026): title matches
  [32m✓[0m  FL HB 6507 (2026): latest_action matches
  [33m~[0m  FL HB 6507 (2026): local has MORE votes than live (our fix not merged?)  [local=5 live=2]
  [32m✓[0m  FL HB 6507 (2026): vote tally matches on 2026-03-03 ({'yes': 109, 'no': 0, 'not voting': 8})
  [32m✓[0m  FL HB 6507 (2026): vote tally matches on 2026-03-05 ({'yes': 34, 'no': 0, 'not voting': 5})
  [32m✓[0m  FL HB 6507 (2026): sponsorship count matches (2)
  [32m✓[0m  FL HB 17 (2026): title matches
  [32m✓[0m  FL HB 17 (2026): latest_action matches
  [31m✗[0m  FL HB 17 (2026): local is MISSING votes vs live  [local=0 live=2]
  [32m✓[0m  FL HB 17 (2026): sponsorship count matches (40)
  [32m✓[0m  FL SB 1080 (2026): title matches
  [32m✓[0m  FL SB 1080 (2026): latest_action matches
  [32m✓[0m  FL SB 1080 (2026): vote event count matches (3)
  [32m✓[0m  FL SB 1080 (2026): vote tally matches on 2026-01-20 ({'yes': 9, 'no': 0, 'other': 0})
  [32m✓[0m  FL SB 1080 (2026): vote tally matches on 2026-01-28 ({'yes': 9, 'no': 0, 'other': 1})
  [32m✓[0m  FL SB 1080 (2026): vote tally matches on 2026-03-03 ({'yes': 21, 'no': 0, 'other': 3})
  [32m✓[0m  FL SB 1080 (2026): sponsorship count matches (3)
  [32m✓[0m  FL SB 1506 (2026): title matches
  [32m✓[0m  FL SB 1506 (2026): latest_action matches
  [32m✓[0m  FL SB 1506 (2026): vote event count matches (2)
  [32m✓[0m  FL SB 1506 (2026): vote tally matches on 2026-02-10 ({'yes': 8, 'no': 3, 'other': 0})
  [32m✓[0m  FL SB 1506 (2026): vote tally matches on 2026-02-17 ({'yes': 11, 'no': 13, 'other': 0})
  [32m✓[0m  FL SB 1506 (2026): sponsorship count matches (1)
  [32m✓[0m  FL SB 1500 (2026): title matches
  [32m✓[0m  FL SB 1500 (2026): latest_action matches
  [32m✓[0m  FL SB 1500 (2026): vote event count matches (3)
  [32m✓[0m  FL SB 1500 (2026): vote tally matches on 2026-01-27 ({'yes': 10, 'no': 0, 'other': 1})
  [32m✓[0m  FL SB 1500 (2026): vote tally matches on 2026-02-04 ({'yes': 10, 'no': 0, 'other': 0})
  [32m✓[0m  FL SB 1500 (2026): vote tally matches on 2026-02-17 ({'yes': 24, 'no': 0, 'other': 0})
  [32m✓[0m  FL SB 1500 (2026): sponsorship count matches (2)
  [32m✓[0m  FL HJR 1275 (2026): title matches
  [32m✓[0m  FL HJR 1275 (2026): latest_action matches
  [32m✓[0m  FL HJR 1275 (2026): vote event count matches (0)
  [32m✓[0m  FL HJR 1275 (2026): sponsorship count matches (1)
  [32m✓[0m  FL HB 1101 (2026): title matches
  [32m✓[0m  FL HB 1101 (2026): latest_action matches
  [32m✓[0m  FL HB 1101 (2026): vote event count matches (0)
  [32m✓[0m  FL HB 1101 (2026): sponsorship count matches (1)
  [32m✓[0m  FL HB 427 (2026): title matches
  [32m✓[0m  FL HB 427 (2026): latest_action matches
  [32m✓[0m  FL HB 427 (2026): vote event count matches (1)
  [32m✓[0m  FL HB 427 (2026): vote tally matches on 2026-01-21 ({'yes': 17, 'no': 0, 'not voting': 1})
  [32m✓[0m  FL HB 427 (2026): sponsorship count matches (1)
  [32m✓[0m  FL HB 1125 (2026): title matches
  [32m✓[0m  FL HB 1125 (2026): latest_action matches
  [32m✓[0m  FL HB 1125 (2026): vote event count matches (0)
  [32m✓[0m  FL HB 1125 (2026): sponsorship count matches (1)
  [32m✓[0m  FL HB 521 (2026): title matches
  [32m✓[0m  FL HB 521 (2026): latest_action matches
  [32m✓[0m  FL HB 521 (2026): vote event count matches (0)
  [32m✓[0m  FL HB 521 (2026): sponsorship count matches (1)
    ...125/500
  [32m✓[0m  FL SR 1784 (2026): title matches
  [32m✓[0m  FL SR 1784 (2026): latest_action matches
  [32m✓[0m  FL SR 1784 (2026): vote event count matches (0)
  [32m✓[0m  FL SR 1784 (2026): sponsorship count matches (1)
  [32m✓[0m  FL HJR 203 (2026): title matches
  [32m✓[0m  FL HJR 203 (2026): latest_action matches
  [32m✓[0m  FL HJR 203 (2026): vote event count matches (2)
  [32m✓[0m  FL HJR 203 (2026): vote tally matches on 2026-02-19 ({'yes': 31, 'no': 76, 'not voting': 10})
  [32m✓[0m  FL HJR 203 (2026): vote tally matches on 2026-02-19 ({'yes': 80, 'no': 30, 'not voting': 7})
  [32m✓[0m  FL HJR 203 (2026): sponsorship count matches (5)
  [32m✓[0m  FL HB 6027 (2026): title matches
  [32m✓[0m  FL HB 6027 (2026): latest_action matches
  [32m✓[0m  FL HB 6027 (2026): vote event count matches (2)
  [32m✓[0m  FL HB 6027 (2026): vote tally matches on 2026-02-02 ({'yes': 18, 'no': 0, 'not voting': 1})
  [32m✓[0m  FL HB 6027 (2026): vote tally matches on 2026-02-12 ({'yes': 15, 'no': 0, 'not voting': 2})
  [32m✓[0m  FL HB 6027 (2026): sponsorship count matches (1)
  [32m✓[0m  FL SB 70 (2026): title matches
  [32m✓[0m  FL SB 70 (2026): latest_action matches
  [32m✓[0m  FL SB 70 (2026): vote event count matches (0)
  [32m✓[0m  FL SB 70 (2026): sponsorship count matches (1)
  [32m✓[0m  FL HB 527 (2026): title matches
  [32m✓[0m  FL HB 527 (2026): latest_action matches
  [33m~[0m  FL HB 527 (2026): local has MORE votes than live (our fix not merged?)  [local=3 live=1]
  [32m✓[0m  FL HB 527 (2026): vote tally matches on 2026-03-05 ({'yes': 108, 'no': 0, 'not voting': 9})
  [32m✓[0m  FL HB 527 (2026): sponsorship count matches (8)
  [32m✓[0m  FL HB 937 (2026): title matches
  [32m✓[0m  FL HB 937 (2026): latest_action matches
  [32m✓[0m  FL HB 937 (2026): vote event count matches (3)
  [32m✓[0m  FL HB 937 (2026): vote tally matches on 2026-02-05 ({'yes': 16, 'no': 0, 'not voting': 2})
  [32m✓[0m  FL HB 937 (2026): vote tally matches on 2026-02-10 ({'yes': 19, 'no': 0, 'not voting': 0})
  [32m✓[0m  FL HB 937 (2026): vote tally matches on 2026-02-24 ({'yes': 26, 'no': 0, 'not voting': 0})
  [32m✓[0m  FL HB 937 (2026): sponsorship count matches (4)
  [32m✓[0m  FL SB 1230 (2026): title matches
  [32m✓[0m  FL SB 1230 (2026): latest_action matches
  [32m✓[0m  FL SB 1230 (2026): vote event count matches (3)
  [32m✓[0m  FL SB 1230 (2026): vote tally matches on 2026-01-20 ({'yes': 8, 'no': 0, 'other': 0})
  [32m✓[0m  FL SB 1230 (2026): vote tally matches on 2026-02-04 ({'yes': 11, 'no': 0, 'other': 0})
  [32m✓[0m  FL SB 1230 (2026): vote tally matches on 2026-02-18 ({'yes': 19, 'no': 0, 'other': 1})
  [32m✓[0m  FL SB 1230 (2026): sponsorship count matches (5)
  [32m✓[0m  FL SB 952 (2026): title matches
  [32m✓[0m  FL SB 952 (2026): latest_action matches
  [32m✓[0m  FL SB 952 (2026): vote event count matches (0)
  [32m✓[0m  FL SB 952 (2026): sponsorship count matches (1)
  [32m✓[0m  FL SB 1432 (2026): title matches
  [32m✓[0m  FL SB 1432 (2026): latest_action matches
  [32m✓[0m  FL SB 1432 (2026): vote event count matches (0)
  [32m✓[0m  FL SB 1432 (2026): sponsorship count matches (1)
  [32m✓[0m  FL HB 6019 (2026): title matches
  [32m✓[0m  FL HB 6019 (2026): latest_action matches
  [32m✓[0m  FL HB 6019 (2026): vote event count matches (0)
  [32m✓[0m  FL HB 6019 (2026): sponsorship count matches (2)
  [32m✓[0m  FL HB 59 (2026): title matches
  [32m✓[0m  FL HB 59 (2026): latest_action matches
  [32m✓[0m  FL HB 59 (2026): vote event count matches (0)
  [32m✓[0m  FL HB 59 (2026): sponsorship count matches (3)
  [32m✓[0m  FL HB 45 (2026): title matches
  [32m✓[0m  FL HB 45 (2026): latest_action matches
  [31m✗[0m  FL HB 45 (2026): local is MISSING votes vs live  [local=0 live=2]
  [32m✓[0m  FL HB 45 (2026): sponsorship count matches (18)
  [32m✓[0m  FL HB 843 (2026): title matches
  [32m✓[0m  FL HB 843 (2026): latest_action matches
  [32m✓[0m  FL HB 843 (2026): vote event count matches (0)
  [32m✓[0m  FL HB 843 (2026): sponsorship count matches (1)
  [32m✓[0m  FL HB 6031 (2026): title matches
  [32m✓[0m  FL HB 6031 (2026): latest_action matches
  [32m✓[0m  FL HB 6031 (2026): vote event count matches (0)
  [32m✓[0m  FL HB 6031 (2026): sponsorship count matches (1)
  [32m✓[0m  FL HB 927 (2026): title matches
  [32m✓[0m  FL HB 927 (2026): latest_action matches
  [33m~[0m  FL HB 927 (2026): local has MORE votes than live (our fix not merged?)  [local=5 live=2]
  [32m✓[0m  FL HB 927 (2026): vote tally matches on 2026-03-05 ({'yes': 110, 'no': 0, 'not voting': 7})
  [32m✓[0m  FL HB 927 (2026): vote tally matches on 2026-03-05 ({'yes': 33, 'no': 0, 'not voting': 6})
  [32m✓[0m  FL HB 927 (2026): sponsorship count matches (4)
  [32m✓[0m  FL HB 53 (2026): title matches
  [32m✓[0m  FL HB 53 (2026): latest_action matches
  [31m✗[0m  FL HB 53 (2026): local is MISSING votes vs live  [local=0 live=1]
  [32m✓[0m  FL HB 53 (2026): sponsorship count matches (1)
  [32m✓[0m  FL SB 1060 (2026): title matches
  [32m✓[0m  FL SB 1060 (2026): latest_action matches
  [32m✓[0m  FL SB 1060 (2026): vote event count matches (0)
  [32m✓[0m  FL SB 1060 (2026): sponsorship count matches (1)
  [32m✓[0m  FL SB 956 (2026): title matches
  [32m✓[0m  FL SB 956 (2026): latest_action matches
  [32m✓[0m  FL SB 956 (2026): vote event count matches (0)
  [32m✓[0m  FL SB 956 (2026): sponsorship count matches (1)
  [32m✓[0m  FL HB 737 (2026): title matches
  [32m✓[0m  FL HB 737 (2026): latest_action matches
  [33m~[0m  FL HB 737 (2026): local has MORE votes than live (our fix not merged?)  [local=4 live=1]
  [32m✓[0m  FL HB 737 (2026): vote tally matches on 2026-02-25 ({'yes': 116, 'no': 0, 'not voting': 1})
  [32m✓[0m  FL HB 737 (2026): sponsorship count matches (6)
  [32m✓[0m  FL SB 20 (2026): title matches
  [32m✓[0m  FL SB 20 (2026): latest_action matches
  [32m✓[0m  FL SB 20 (2026): vote event count matches (0)
  [32m✓[0m  FL SB 20 (2026): sponsorship count matches (1)
  [32m✓[0m  FL HB 819 (2026): title matches
  [32m✓[0m  FL HB 819 (2026): latest_action matches
  [32m✓[0m  FL HB 819 (2026): vote event count matches (0)
  [32m✓[0m  FL HB 819 (2026): sponsorship count matches (1)
  [32m✓[0m  FL SB 1366 (2026): title matches
  [32m✓[0m  FL SB 1366 (2026): latest_action matches
  [32m✓[0m  FL SB 1366 (2026): vote event count matches (3)
  [32m✓[0m  FL SB 1366 (2026): vote tally matches on 2026-02-03 ({'yes': 11, 'no': 0, 'other': 0})
  [32m✓[0m  FL SB 1366 (2026): vote tally matches on 2026-02-12 ({'yes': 16, 'no': 2, 'other': 0})
  [32m✓[0m  FL SB 1366 (2026): vote tally matches on 2026-03-03 ({'yes': 21, 'no': 1, 'other': 2})
  [32m✓[0m  FL SB 1366 (2026): sponsorship count matches (3)
  [32m✓[0m  FL HB 221 (2026): title matches
  [32m✓[0m  FL HB 221 (2026): latest_action matches
  [31m✗[0m  FL HB 221 (2026): local is MISSING votes vs live  [local=0 live=2]
  [32m✓[0m  FL HB 221 (2026): sponsorship count matches (2)
  [32m✓[0m  FL SB 1696 (2026): title matches
  [32m✓[0m  FL SB 1696 (2026): latest_action matches
  [32m✓[0m  FL SB 1696 (2026): vote event count matches (0)
  [32m✓[0m  FL SB 1696 (2026): sponsorship count matches (1)
  [32m✓[0m  FL HB 335 (2026): title matches
  [32m✓[0m  FL HB 335 (2026): latest_action matches
  [31m✗[0m  FL HB 335 (2026): local is MISSING votes vs live  [local=0 live=1]
  [32m✓[0m  FL HB 335 (2026): sponsorship count matches (3)
    ...150/500
  [32m✓[0m  FL HB 261 (2026): title matches
  [32m✓[0m  FL HB 261 (2026): latest_action matches
  [32m✓[0m  FL HB 261 (2026): vote event count matches (0)
  [32m✓[0m  FL HB 261 (2026): sponsorship count matches (1)
  [32m✓[0m  FL SB 666 (2026): title matches
  [32m✓[0m  FL SB 666 (2026): latest_action matches
  [32m✓[0m  FL SB 666 (2026): vote event count matches (0)
  [32m✓[0m  FL SB 666 (2026): sponsorship count matches (1)
  [32m✓[0m  FL SJR 1584 (2026): title matches
  [32m✓[0m  FL SJR 1584 (2026): latest_action matches
  [32m✓[0m  FL SJR 1584 (2026): vote event count matches (0)
  [32m✓[0m  FL SJR 1584 (2026): sponsorship count matches (1)
  [32m✓[0m  FL HB 1377 (2026): title matches
  [32m✓[0m  FL HB 1377 (2026): latest_action matches
  [32m✓[0m  FL HB 1377 (2026): vote event count matches (0)
  [32m✓[0m  FL HB 1377 (2026): sponsorship count matches (2)
  [32m✓[0m  FL SB 238 (2026): title matches
  [32m✓[0m  FL SB 238 (2026): latest_action matches
  [32m✓[0m  FL SB 238 (2026): vote event count matches (0)
  [32m✓[0m  FL SB 238 (2026): sponsorship count matches (1)
  [32m✓[0m  FL SB 62 (2026): title matches
  [32m✓[0m  FL SB 62 (2026): latest_action matches
  [32m✓[0m  FL SB 62 (2026): vote event count matches (3)
  [32m✓[0m  FL SB 62 (2026): vote tally matches on 2025-11-19 ({'yes': 7, 'no': 0, 'other': 1})
  [32m✓[0m  FL SB 62 (2026): vote tally matches on 2025-12-02 ({'yes': 10, 'no': 0, 'other': 1})
  [32m✓[0m  FL SB 62 (2026): vote tally matches on 2026-01-27 ({'yes': 21, 'no': 0, 'other': 3})
  [32m✓[0m  FL SB 62 (2026): sponsorship count matches (5)
  [32m✓[0m  FL HB 445 (2026): title matches
  [32m✓[0m  FL HB 445 (2026): latest_action matches
  [32m✓[0m  FL HB 445 (2026): vote event count matches (2)
  [32m✓[0m  FL HB 445 (2026): vote tally matches on 2026-02-25 ({'yes': 93, 'no': 20, 'not voting': 4})
  [32m✓[0m  FL HB 445 (2026): vote tally matches on 2026-03-04 ({'yes': 37, 'no': 0, 'not voting': 2})
  [32m✓[0m  FL HB 445 (2026): sponsorship count matches (12)
  [32m✓[0m  FL SB 432 (2026): title matches
  [32m✓[0m  FL SB 432 (2026): latest_action matches
  [32m✓[0m  FL SB 432 (2026): vote event count matches (5)
  [32m✓[0m  FL SB 432 (2026): vote tally matches on 2026-01-12 ({'yes': 8, 'no': 0, 'other': 0})
  [32m✓[0m  FL SB 432 (2026): vote tally matches on 2026-01-21 ({'yes': 8, 'no': 0, 'other': 0})
  [32m✓[0m  FL SB 432 (2026): vote tally matches on 2026-02-24 ({'yes': 19, 'no': 0, 'other': 1})
  [32m✓[0m  FL SB 432 (2026): vote tally matches on 2026-03-04 ({'yes': 37, 'no': 0, 'not voting': 2})
  [32m✓[0m  FL SB 432 (2026): vote tally matches on 2026-03-09 ({'yes': 111, 'no': 0, 'not voting': 6})
  [32m✓[0m  FL SB 432 (2026): sponsorship count matches (2)
  [32m✓[0m  FL HB 883 (2026): title matches
  [32m✓[0m  FL HB 883 (2026): latest_action matches
  [33m~[0m  FL HB 883 (2026): local has MORE votes than live (our fix not merged?)  [local=5 live=2]
  [32m✓[0m  FL HB 883 (2026): vote tally matches on 2026-03-03 ({'yes': 110, 'no': 0, 'not voting': 7})
  [32m✓[0m  FL HB 883 (2026): vote tally matches on 2026-03-04 ({'yes': 37, 'no': 0, 'not voting': 2})
  [32m✓[0m  FL HB 883 (2026): sponsorship count matches (5)
  [32m✓[0m  FL HB 61 (2026): title matches
  [32m✓[0m  FL HB 61 (2026): latest_action matches
  [32m✓[0m  FL HB 61 (2026): vote event count matches (0)
  [32m✓[0m  FL HB 61 (2026): sponsorship count matches (2)
  [32m✓[0m  FL SB 1170 (2026): title matches
  [32m✓[0m  FL SB 1170 (2026): latest_action matches
  [32m✓[0m  FL SB 1170 (2026): vote event count matches (1)
  [32m✓[0m  FL SB 1170 (2026): vote tally matches on 2026-02-03 ({'yes': 6, 'no': 0, 'other': 2})
  [32m✓[0m  FL SB 1170 (2026): sponsorship count matches (2)
  [32m✓[0m  FL SB 1686 (2026): title matches
  [32m✓[0m  FL SB 1686 (2026): latest_action matches
  [32m✓[0m  FL SB 1686 (2026): vote event count matches (3)
  [32m✓[0m  FL SB 1686 (2026): vote tally matches on 2026-02-11 ({'yes': 11, 'no': 0, 'other': 0})
  [32m✓[0m  FL SB 1686 (2026): vote tally matches on 2026-02-18 ({'yes': 9, 'no': 0, 'other': 0})
  [32m✓[0m  FL SB 1686 (2026): vote tally matches on 2026-02-24 ({'yes': 18, 'no': 0, 'other': 2})
  [32m✓[0m  FL SB 1686 (2026): sponsorship count matches (2)
  [32m✓[0m  FL HB 791 (2026): title matches
  [32m✓[0m  FL HB 791 (2026): latest_action matches
  [32m✓[0m  FL HB 791 (2026): vote event count matches (0)
  [32m✓[0m  FL HB 791 (2026): sponsorship count matches (1)
  [32m✓[0m  FL SB 1398 (2026): title matches
  [32m✓[0m  FL SB 1398 (2026): latest_action matches
  [32m✓[0m  FL SB 1398 (2026): vote event count matches (0)
  [32m✓[0m  FL SB 1398 (2026): sponsorship count matches (1)
  [32m✓[0m  FL SB 576 (2026): title matches
  [32m✓[0m  FL SB 576 (2026): latest_action matches
  [32m✓[0m  FL SB 576 (2026): vote event count matches (3)
  [32m✓[0m  FL SB 576 (2026): vote tally matches on 2026-02-11 ({'yes': 9, 'no': 0, 'other': 0})
  [32m✓[0m  FL SB 576 (2026): vote tally matches on 2026-02-18 ({'yes': 11, 'no': 0, 'other': 0})
  [32m✓[0m  FL SB 576 (2026): vote tally matches on 2026-03-02 ({'yes': 17, 'no': 0, 'other': 1})
  [32m✓[0m  FL SB 576 (2026): sponsorship count matches (2)
  [32m✓[0m  FL SB 292 (2026): title matches
  [32m✓[0m  FL SB 292 (2026): latest_action matches
  [32m✓[0m  FL SB 292 (2026): vote event count matches (3)
  [32m✓[0m  FL SB 292 (2026): vote tally matches on 2025-12-02 ({'yes': 9, 'no': 1, 'other': 1})
  [32m✓[0m  FL SB 292 (2026): vote tally matches on 2026-01-27 ({'yes': 20, 'no': 2, 'other': 2})
  [32m✓[0m  FL SB 292 (2026): vote tally matches on 2026-01-29 ({'yes': 34, 'no': 1, 'not voting': 4})
  [32m✓[0m  FL SB 292 (2026): sponsorship count matches (1)
  [32m✓[0m  FL HB 4089 (2026): title matches
  [32m✓[0m  FL HB 4089 (2026): latest_action matches
  [33m~[0m  FL HB 4089 (2026): local has MORE votes than live (our fix not merged?)  [local=5 live=2]
  [32m✓[0m  FL HB 4089 (2026): vote tally matches on 2026-02-25 ({'yes': 116, 'no': 0, 'not voting': 1})
  [32m✓[0m  FL HB 4089 (2026): vote tally matches on 2026-03-11 ({'yes': 36, 'no': 0, 'not voting': 3})
  [32m✓[0m  FL HB 4089 (2026): sponsorship count matches (1)
  [32m✓[0m  FL HB 307 (2026): title matches
  [32m✓[0m  FL HB 307 (2026): latest_action matches
  [32m✓[0m  FL HB 307 (2026): vote event count matches (0)
  [32m✓[0m  FL HB 307 (2026): sponsorship count matches (2)
  [32m✓[0m  FL SB 7000 (2026): title matches
  [32m✓[0m  FL SB 7000 (2026): latest_action matches
  [32m✓[0m  FL SB 7000 (2026): vote event count matches (5)
  [32m✓[0m  FL SB 7000 (2026): vote tally matches on 2025-11-04 ({'yes': 5, 'no': 0, 'other': 0})
  [32m✓[0m  FL SB 7000 (2026): vote tally matches on 2026-01-12 ({'yes': 9, 'no': 0, 'other': 0})
  [32m✓[0m  FL SB 7000 (2026): vote tally matches on 2026-01-27 ({'yes': 21, 'no': 1, 'other': 2})
  [32m✓[0m  FL SB 7000 (2026): vote tally matches on 2026-01-29 ({'yes': 33, 'no': 2, 'not voting': 4})
  [32m✓[0m  FL SB 7000 (2026): vote tally matches on 2026-03-09 ({'yes': 109, 'no': 0, 'not voting': 8})
  [32m✓[0m  FL SB 7000 (2026): sponsorship count matches (2)
  [32m✓[0m  FL HR 8087 (2026): title matches
  [33m~[0m  FL HR 8087 (2026): latest_action differs  [local='adopted by publication' live='adopted by publication; companion bill(s) passed, ']
  [32m✓[0m  FL HR 8087 (2026): vote event count matches (0)
  [32m✓[0m  FL HR 8087 (2026): sponsorship count matches (1)
  [32m✓[0m  FL HB 185 (2026): title matches
  [32m✓[0m  FL HB 185 (2026): latest_action matches
  [31m✗[0m  FL HB 185 (2026): local is MISSING votes vs live  [local=0 live=2]
  [32m✓[0m  FL HB 185 (2026): sponsorship count matches (5)
  [32m✓[0m  FL SB 420 (2026): title matches
  [32m✓[0m  FL SB 420 (2026): latest_action matches
  [32m✓[0m  FL SB 420 (2026): vote event count matches (4)
  [32m✓[0m  FL SB 420 (2026): vote tally matches on 2026-01-13 ({'yes': 6, 'no': 1, 'other': 1})
  [32m✓[0m  FL SB 420 (2026): vote tally matches on 2026-01-28 ({'yes': 9, 'no': 1, 'other': 0})
  [32m✓[0m  FL SB 420 (2026): vote tally matches on 2026-02-10 ({'yes': 21, 'no': 2, 'other': 1})
  [32m✓[0m  FL SB 420 (2026): vote tally matches on 2026-02-19 ({'yes': 36, 'no': 2, 'not voting': 1})
  [32m✓[0m  FL SB 420 (2026): sponsorship count matches (4)
  [32m✓[0m  FL HB 645 (2026): title matches
  [32m✓[0m  FL HB 645 (2026): latest_action matches
  [32m✓[0m  FL HB 645 (2026): vote event count matches (2)
  [32m✓[0m  FL HB 645 (2026): vote tally matches on 2026-01-14 ({'yes': 16, 'no': 0, 'not voting': 2})
  [32m✓[0m  FL HB 645 (2026): vote tally matches on 2026-01-27 ({'yes': 25, 'no': 0, 'not voting': 1})
  [32m✓[0m  FL HB 645 (2026): sponsorship count matches (2)
  [32m✓[0m  FL HB 169 (2026): title matches
  [32m✓[0m  FL HB 169 (2026): latest_action matches
  [32m✓[0m  FL HB 169 (2026): vote event count matches (1)
  [32m✓[0m  FL HB 169 (2026): vote tally matches on 2026-03-04 ({'yes': 111, 'no': 0, 'not voting': 6})
  [32m✓[0m  FL HB 169 (2026): sponsorship count matches (2)
  [31m✗[0m  FL SB 504 (2026): live API error  [HTTPSConnectionPool(host='v3.openstates.org', port=443): Read timed out. (read timeout=15)]
    ...175/500
  [31m✗[0m  FL HB 971 (2026): live API error  [HTTPSConnectionPool(host='v3.openstates.org', port=443): Read timed out. (read timeout=15)]
  [32m✓[0m  FL HB 1097 (2026): title matches
  [32m✓[0m  FL HB 1097 (2026): latest_action matches
  [32m✓[0m  FL HB 1097 (2026): vote event count matches (0)
  [32m✓[0m  FL HB 1097 (2026): sponsorship count matches (2)
  [31m✗[0m  FL SB 166 (2026): live API error  [HTTPSConnectionPool(host='v3.openstates.org', port=443): Read timed out. (read timeout=15)]
  [32m✓[0m  FL SB 774 (2026): title matches
  [32m✓[0m  FL SB 774 (2026): latest_action matches
  [32m✓[0m  FL SB 774 (2026): vote event count matches (4)
  [32m✓[0m  FL SB 774 (2026): vote tally matches on 2026-01-20 ({'yes': 9, 'no': 0, 'other': 0})
  [32m✓[0m  FL SB 774 (2026): vote tally matches on 2026-02-04 ({'yes': 11, 'no': 0, 'other': 0})
  [32m✓[0m  FL SB 774 (2026): vote tally matches on 2026-02-18 ({'yes': 20, 'no': 0, 'other': 0})
  [32m✓[0m  FL SB 774 (2026): vote tally matches on 2026-02-26 ({'yes': 37, 'no': 0, 'not voting': 2})
  [32m✓[0m  FL SB 774 (2026): sponsorship count matches (9)
  [31m✗[0m  FL SB 588 (2026): live API error  [HTTPSConnectionPool(host='v3.openstates.org', port=443): Read timed out. (read timeout=15)]
  [31m✗[0m  FL HR 8015 (2026): live API error  [HTTPSConnectionPool(host='v3.openstates.org', port=443): Read timed out. (read timeout=15)]
  [32m✓[0m  FL HB 417 (2026): title matches
  [32m✓[0m  FL HB 417 (2026): latest_action matches
  [32m✓[0m  FL HB 417 (2026): vote event count matches (0)
  [32m✓[0m  FL HB 417 (2026): sponsorship count matches (4)
  [32m✓[0m  FL HB 1531 (2026): title matches
  [32m✓[0m  FL HB 1531 (2026): latest_action matches
  [32m✓[0m  FL HB 1531 (2026): vote event count matches (0)
  [32m✓[0m  FL HB 1531 (2026): sponsorship count matches (1)
  [32m✓[0m  FL SB 1762 (2026): title matches
  [32m✓[0m  FL SB 1762 (2026): latest_action matches
  [32m✓[0m  FL SB 1762 (2026): vote event count matches (0)
  [32m✓[0m  FL SB 1762 (2026): sponsorship count matches (1)
  [31m✗[0m  FL HB 1523 (2026): live API error  [HTTPSConnectionPool(host='v3.openstates.org', port=443): Read timed out. (read timeout=15)]
  [31m✗[0m  FL SB 1550 (2026): live API error  [HTTPSConnectionPool(host='v3.openstates.org', port=443): Read timed out. (read timeout=15)]
  [31m✗[0m  FL HB 399 (2026): live API error  [HTTPSConnectionPool(host='v3.openstates.org', port=443): Read timed out. (read timeout=15)]
  [31m✗[0m  FL SB 1514 (2026): live API error  [HTTPSConnectionPool(host='v3.openstates.org', port=443): Read timed out. (read timeout=15)]
  [31m✗[0m  FL HB 1511 (2026): live API error  [HTTPSConnectionPool(host='v3.openstates.org', port=443): Read timed out. (read timeout=15)]
  [31m✗[0m  FL SB 1166 (2026): live API error  [HTTPSConnectionPool(host='v3.openstates.org', port=443): Read timed out. (read timeout=15)]
  [31m✗[0m  FL HB 913 (2026): live API error  [HTTPSConnectionPool(host='v3.openstates.org', port=443): Read timed out. (read timeout=15)]
  [31m✗[0m  FL HB 783 (2026): live API error  [HTTPSConnectionPool(host='v3.openstates.org', port=443): Read timed out. (read timeout=15)]
  [31m✗[0m  FL HB 1153 (2026): live API error  [HTTPSConnectionPool(host='v3.openstates.org', port=443): Read timed out. (read timeout=15)]
  [32m✓[0m  FL HB 513 (2026): title matches
  [32m✓[0m  FL HB 513 (2026): latest_action matches
  [32m✓[0m  FL HB 513 (2026): vote event count matches (3)
  [32m✓[0m  FL HB 513 (2026): vote tally matches on 2026-02-04 ({'yes': 17, 'no': 0, 'not voting': 0})
  [32m✓[0m  FL HB 513 (2026): vote tally matches on 2026-02-16 ({'yes': 12, 'no': 0, 'not voting': 3})
  [32m✓[0m  FL HB 513 (2026): vote tally matches on 2026-02-24 ({'yes': 24, 'no': 0, 'not voting': 2})
  [32m✓[0m  FL HB 513 (2026): sponsorship count matches (10)
  [32m✓[0m  FL HJR 1527 (2026): title matches
  [32m✓[0m  FL HJR 1527 (2026): latest_action matches
  [32m✓[0m  FL HJR 1527 (2026): vote event count matches (0)
  [32m✓[0m  FL HJR 1527 (2026): sponsorship count matches (1)
  [32m✓[0m  FL SB 1068 (2026): title matches
  [32m✓[0m  FL SB 1068 (2026): latest_action matches
  [32m✓[0m  FL SB 1068 (2026): vote event count matches (0)
  [32m✓[0m  FL SB 1068 (2026): sponsorship count matches (1)
  [32m✓[0m  FL SB 382 (2026): title matches
  [32m✓[0m  FL SB 382 (2026): latest_action matches
  [32m✓[0m  FL SB 382 (2026): vote event count matches (5)
  [32m✓[0m  FL SB 382 (2026): vote tally matches on 2026-01-20 ({'yes': 8, 'no': 0, 'other': 1})
  [32m✓[0m  FL SB 382 (2026): vote tally matches on 2026-01-28 ({'yes': 14, 'no': 0, 'other': 0})
  [32m✓[0m  FL SB 382 (2026): vote tally matches on 2026-02-05 ({'yes': 15, 'no': 0, 'other': 5})
  [32m✓[0m  FL SB 382 (2026): vote tally matches on 2026-02-25 ({'yes': 37, 'no': 0, 'not voting': 2})
  [32m✓[0m  FL SB 382 (2026): vote tally matches on 2026-03-09 ({'yes': 112, 'no': 0, 'not voting': 5})
  [32m✓[0m  FL SB 382 (2026): sponsorship count matches (4)
  [31m✗[0m  FL HB 931 (2026): live API error  [HTTPSConnectionPool(host='v3.openstates.org', port=443): Read timed out. (read timeout=15)]
  [31m✗[0m  FL HB 977 (2026): live API error  [HTTPSConnectionPool(host='v3.openstates.org', port=443): Read timed out. (read timeout=15)]
  [31m✗[0m  FL SB 1324 (2026): live API error  [HTTPSConnectionPool(host='v3.openstates.org', port=443): Read timed out. (read timeout=15)]
    ...200/500
  [31m✗[0m  FL SB 414 (2026): live API error  [HTTPSConnectionPool(host='v3.openstates.org', port=443): Read timed out. (read timeout=15)]
  [31m✗[0m  FL SB 872 (2026): live API error  [HTTPSConnectionPool(host='v3.openstates.org', port=443): Read timed out. (read timeout=15)]
  [31m✗[0m  FL HB 1247 (2026): live API error  [HTTPSConnectionPool(host='v3.openstates.org', port=443): Read timed out. (read timeout=15)]
  [31m✗[0m  FL HB 587 (2026): live API error  [HTTPSConnectionPool(host='v3.openstates.org', port=443): Read timed out. (read timeout=15)]
  [32m✓[0m  FL HB 549 (2026): title matches
  [32m✓[0m  FL HB 549 (2026): latest_action matches
  [32m✓[0m  FL HB 549 (2026): vote event count matches (0)
  [32m✓[0m  FL HB 549 (2026): sponsorship count matches (1)
  [32m✓[0m  FL HB 5503 (2026): title matches
  [32m✓[0m  FL HB 5503 (2026): latest_action matches
  [33m~[0m  FL HB 5503 (2026): local has MORE votes than live (our fix not merged?)  [local=5 live=4]
  [32m✓[0m  FL HB 5503 (2026): vote tally matches on 2026-02-19 ({'yes': 26, 'no': 82, 'not voting': 9})
  [32m✓[0m  FL HB 5503 (2026): vote tally matches on 2026-02-19 ({'yes': 26, 'no': 80, 'not voting': 11})
  [32m✓[0m  FL HB 5503 (2026): vote tally matches on 2026-02-19 ({'yes': 84, 'no': 18, 'not voting': 15})
  [32m✓[0m  FL HB 5503 (2026): vote tally matches on 2026-03-02 ({'yes': 17, 'no': 0, 'other': 1})
  [32m✓[0m  FL HB 5503 (2026): sponsorship count matches (2)
  [32m✓[0m  FL SB 1594 (2026): title matches
  [32m✓[0m  FL SB 1594 (2026): latest_action matches
  [32m✓[0m  FL SB 1594 (2026): vote event count matches (5)
  [32m✓[0m  FL SB 1594 (2026): vote tally matches on 2026-01-27 ({'yes': 5, 'no': 0, 'other': 1})
  [32m✓[0m  FL SB 1594 (2026): vote tally matches on 2026-02-11 ({'yes': 5, 'no': 0, 'other': 0})
  [32m✓[0m  FL SB 1594 (2026): vote tally matches on 2026-02-18 ({'yes': 19, 'no': 0, 'other': 1})
  [32m✓[0m  FL SB 1594 (2026): vote tally matches on 2026-02-25 ({'yes': 36, 'no': 0, 'not voting': 3})
  [32m✓[0m  FL SB 1594 (2026): vote tally matches on 2026-03-09 ({'yes': 112, 'no': 0, 'not voting': 5})
  [32m✓[0m  FL SB 1594 (2026): sponsorship count matches (1)
  [32m✓[0m  FL HB 1237 (2026): title matches
  [32m✓[0m  FL HB 1237 (2026): latest_action matches
  [32m✓[0m  FL HB 1237 (2026): vote event count matches (1)
  [32m✓[0m  FL HB 1237 (2026): vote tally matches on 2026-02-03 ({'yes': 16, 'no': 0, 'not voting': 2})
  [32m✓[0m  FL HB 1237 (2026): sponsorship count matches (1)
  [32m✓[0m  FL SB 702 (2026): title matches
  [32m✓[0m  FL SB 702 (2026): latest_action matches
  [32m✓[0m  FL SB 702 (2026): vote event count matches (0)
  [32m✓[0m  FL SB 702 (2026): sponsorship count matches (1)
  [32m✓[0m  FL HB 1163 (2026): title matches
  [32m✓[0m  FL HB 1163 (2026): latest_action matches
  [32m✓[0m  FL HB 1163 (2026): vote event count matches (0)
  [32m✓[0m  FL HB 1163 (2026): sponsorship count matches (1)
  [31m✗[0m  FL HB 745 (2026): live API error  [HTTPSConnectionPool(host='v3.openstates.org', port=443): Read timed out. (read timeout=15)]
  [31m✗[0m  FL HB 875 (2026): live API error  [HTTPSConnectionPool(host='v3.openstates.org', port=443): Read timed out. (read timeout=15)]
  [31m✗[0m  FL SB 200 (2026): live API error  [HTTPSConnectionPool(host='v3.openstates.org', port=443): Read timed out. (read timeout=15)]
  [32m✓[0m  FL HB 5205 (2026): title matches
  [32m✓[0m  FL HB 5205 (2026): latest_action matches
  [33m~[0m  FL HB 5205 (2026): local has MORE votes than live (our fix not merged?)  [local=3 live=2]
  [32m✓[0m  FL HB 5205 (2026): vote tally matches on 2026-02-19 ({'yes': 103, 'no': 0, 'not voting': 14})
  [32m✓[0m  FL HB 5205 (2026): vote tally matches on 2026-02-20 ({'yes': 36, 'no': 0, 'not voting': 3})
  [32m✓[0m  FL HB 5205 (2026): sponsorship count matches (2)
  [31m✗[0m  FL SB 1084 (2026): live API error  [502 Server Error: Bad Gateway for url: https://v3.openstates.org/bills?jurisdiction=fl&session=2026&identifier=SB+1084&include=votes&include=sponsorships&include=actions&apikey=REDACTED-API-KEY]
  [32m✓[0m  FL SB 914 (2026): title matches
  [32m✓[0m  FL SB 914 (2026): latest_action matches
  [32m✓[0m  FL SB 914 (2026): vote event count matches (3)
  [32m✓[0m  FL SB 914 (2026): vote tally matches on 2026-02-02 ({'yes': 11, 'no': 0, 'other': 0})
  [32m✓[0m  FL SB 914 (2026): vote tally matches on 2026-02-18 ({'yes': 9, 'no': 0, 'other': 0})
  [32m✓[0m  FL SB 914 (2026): vote tally matches on 2026-02-24 ({'yes': 23, 'no': 0, 'other': 1})
  [32m✓[0m  FL SB 914 (2026): sponsorship count matches (2)
  [32m✓[0m  FL SB 344 (2026): title matches
  [32m✓[0m  FL SB 344 (2026): latest_action matches
  [32m✓[0m  FL SB 344 (2026): vote event count matches (0)
  [32m✓[0m  FL SB 344 (2026): sponsorship count matches (1)
  [32m✓[0m  FL SB 662 (2026): title matches
  [32m✓[0m  FL SB 662 (2026): latest_action matches
  [32m✓[0m  FL SB 662 (2026): vote event count matches (0)
  [32m✓[0m  FL SB 662 (2026): sponsorship count matches (1)
  [32m✓[0m  FL SB 1206 (2026): title matches
  [32m✓[0m  FL SB 1206 (2026): latest_action matches
  [32m✓[0m  FL SB 1206 (2026): vote event count matches (0)
  [32m✓[0m  FL SB 1206 (2026): sponsorship count matches (1)
  [31m✗[0m  FL SR 1778 (2026): live API error  [HTTPSConnectionPool(host='v3.openstates.org', port=443): Read timed out. (read timeout=15)]
  [32m✓[0m  FL HB 1341 (2026): title matches
  [32m✓[0m  FL HB 1341 (2026): latest_action matches
  [32m✓[0m  FL HB 1341 (2026): vote event count matches (0)
  [32m✓[0m  FL HB 1341 (2026): sponsorship count matches (3)
  [32m✓[0m  FL SB 670 (2026): title matches
  [32m✓[0m  FL SB 670 (2026): latest_action matches
  [32m✓[0m  FL SB 670 (2026): vote event count matches (0)
  [32m✓[0m  FL SB 670 (2026): sponsorship count matches (1)
  [32m✓[0m  FL HB 199 (2026): title matches
  [32m✓[0m  FL HB 199 (2026): latest_action matches
  [32m✓[0m  FL HB 199 (2026): vote event count matches (2)
  [32m✓[0m  FL HB 199 (2026): vote tally matches on 2026-02-04 ({'yes': 110, 'no': 0, 'not voting': 7})
  [32m✓[0m  FL HB 199 (2026): vote tally matches on 2026-02-26 ({'yes': 37, 'no': 0, 'not voting': 2})
  [32m✓[0m  FL HB 199 (2026): sponsorship count matches (16)
  [32m✓[0m  FL HB 5401 (2026): title matches
  [32m✓[0m  FL HB 5401 (2026): latest_action matches
  [33m~[0m  FL HB 5401 (2026): local has MORE votes than live (our fix not merged?)  [local=3 live=2]
  [32m✓[0m  FL HB 5401 (2026): vote tally matches on 2026-02-19 ({'yes': 105, 'no': 0, 'not voting': 12})
  [32m✓[0m  FL HB 5401 (2026): vote tally matches on 2026-02-20 ({'yes': 37, 'no': 0, 'not voting': 2})
  [32m✓[0m  FL HB 5401 (2026): sponsorship count matches (2)
  [31m✗[0m  FL HB 393 (2026): live API error  [HTTPSConnectionPool(host='v3.openstates.org', port=443): Read timed out. (read timeout=15)]
    ...225/500
  [31m✗[0m  FL HB 1169 (2026): live API error  [HTTPSConnectionPool(host='v3.openstates.org', port=443): Read timed out. (read timeout=15)]
  [31m✗[0m  FL HB 1241 (2026): live API error  [HTTPSConnectionPool(host='v3.openstates.org', port=443): Read timed out. (read timeout=15)]
  [31m✗[0m  FL HB 1053 (2026): live API error  [HTTPSConnectionPool(host='v3.openstates.org', port=443): Read timed out. (read timeout=15)]
  [31m✗[0m  FL SB 182 (2026): live API error  [HTTPSConnectionPool(host='v3.openstates.org', port=443): Read timed out. (read timeout=15)]
  [32m✓[0m  FL SB 7008 (2026): title matches
  [32m✓[0m  FL SB 7008 (2026): latest_action matches
  [32m✓[0m  FL SB 7008 (2026): vote event count matches (5)
  [32m✓[0m  FL SB 7008 (2026): vote tally matches on 2025-11-18 ({'yes': 7, 'no': 0, 'other': 2})
  [32m✓[0m  FL SB 7008 (2026): vote tally matches on 2026-01-12 ({'yes': 9, 'no': 0, 'other': 0})
  [32m✓[0m  FL SB 7008 (2026): vote tally matches on 2026-01-27 ({'yes': 21, 'no': 1, 'other': 2})
  [32m✓[0m  FL SB 7008 (2026): vote tally matches on 2026-01-29 ({'yes': 32, 'no': 3, 'not voting': 4})
  [32m✓[0m  FL SB 7008 (2026): vote tally matches on 2026-03-09 ({'yes': 105, 'no': 4, 'not voting': 8})
  [32m✓[0m  FL SB 7008 (2026): sponsorship count matches (1)
  [31m✗[0m  FL SB 98 (2026): live API error  [HTTPSConnectionPool(host='v3.openstates.org', port=443): Read timed out. (read timeout=15)]
  [31m✗[0m  FL HB 589 (2026): live API error  [HTTPSConnectionPool(host='v3.openstates.org', port=443): Read timed out. (read timeout=15)]
  [31m✗[0m  FL SB 942 (2026): live API error  [HTTPSConnectionPool(host='v3.openstates.org', port=443): Read timed out. (read timeout=15)]
  [31m✗[0m  FL SB 7002 (2026): live API error  [HTTPSConnectionPool(host='v3.openstates.org', port=443): Read timed out. (read timeout=15)]
  [31m✗[0m  FL HB 7009 (2026): live API error  [HTTPSConnectionPool(host='v3.openstates.org', port=443): Read timed out. (read timeout=15)]
  [32m✓[0m  FL HB 1001 (2026): title matches
  [32m✓[0m  FL HB 1001 (2026): latest_action matches
  [32m✓[0m  FL HB 1001 (2026): vote event count matches (3)
  [32m✓[0m  FL HB 1001 (2026): vote tally matches on 2026-02-05 ({'yes': 10, 'no': 5, 'not voting': 2})
  [32m✓[0m  FL HB 1001 (2026): vote tally matches on 2026-02-11 ({'yes': 12, 'no': 4, 'not voting': 2})
  [32m✓[0m  FL HB 1001 (2026): vote tally matches on 2026-02-26 ({'yes': 14, 'no': 7, 'not voting': 6})
  [32m✓[0m  FL HB 1001 (2026): sponsorship count matches (13)
  [32m✓[0m  FL HB 4095 (2026): title matches
  [32m✓[0m  FL HB 4095 (2026): latest_action matches
  [33m~[0m  FL HB 4095 (2026): local has MORE votes than live (our fix not merged?)  [local=4 live=2]
  [32m✓[0m  FL HB 4095 (2026): vote tally matches on 2026-03-03 ({'yes': 110, 'no': 0, 'not voting': 7})
  [32m✓[0m  FL HB 4095 (2026): vote tally matches on 2026-03-11 ({'yes': 36, 'no': 0, 'not voting': 3})
  [32m✓[0m  FL HB 4095 (2026): sponsorship count matches (3)
  [32m✓[0m  FL HR 8039 (2026): title matches
  [32m✓[0m  FL HR 8039 (2026): latest_action matches
  [32m✓[0m  FL HR 8039 (2026): vote event count matches (0)
  [32m✓[0m  FL HR 8039 (2026): sponsorship count matches (1)
  [32m✓[0m  FL SB 1414 (2026): title matches
  [32m✓[0m  FL SB 1414 (2026): latest_action matches
  [32m✓[0m  FL SB 1414 (2026): vote event count matches (2)
  [32m✓[0m  FL SB 1414 (2026): vote tally matches on 2026-02-11 ({'yes': 10, 'no': 0, 'other': 1})
  [32m✓[0m  FL SB 1414 (2026): vote tally matches on 2026-02-18 ({'yes': 9, 'no': 0, 'other': 0})
  [32m✓[0m  FL SB 1414 (2026): sponsorship count matches (3)
  [32m✓[0m  FL SB 658 (2026): title matches
  [32m✓[0m  FL SB 658 (2026): latest_action matches
  [32m✓[0m  FL SB 658 (2026): vote event count matches (4)
  [32m✓[0m  FL SB 658 (2026): vote tally matches on 2026-01-27 ({'yes': 9, 'no': 0, 'other': 0})
  [32m✓[0m  FL SB 658 (2026): vote tally matches on 2026-02-10 ({'yes': 8, 'no': 0, 'other': 0})
  [32m✓[0m  FL SB 658 (2026): vote tally matches on 2026-02-17 ({'yes': 23, 'no': 0, 'other': 1})
  [32m✓[0m  FL SB 658 (2026): vote tally matches on 2026-02-19 ({'yes': 37, 'no': 0, 'not voting': 2})
  [32m✓[0m  FL SB 658 (2026): sponsorship count matches (4)
  [32m✓[0m  FL SB 1356 (2026): title matches
  [32m✓[0m  FL SB 1356 (2026): latest_action matches
  [32m✓[0m  FL SB 1356 (2026): vote event count matches (1)
  [32m✓[0m  FL SB 1356 (2026): vote tally matches on 2026-02-04 ({'yes': 9, 'no': 0, 'other': 1})
  [32m✓[0m  FL SB 1356 (2026): sponsorship count matches (3)
  [32m✓[0m  FL SB 1280 (2026): title matches
  [32m✓[0m  FL SB 1280 (2026): latest_action matches
  [32m✓[0m  FL SB 1280 (2026): vote event count matches (0)
  [32m✓[0m  FL SB 1280 (2026): sponsorship count matches (1)
  [32m✓[0m  FL SB 228 (2026): title matches
  [32m✓[0m  FL SB 228 (2026): latest_action matches
  [32m✓[0m  FL SB 228 (2026): vote event count matches (0)
  [32m✓[0m  FL SB 228 (2026): sponsorship count matches (1)
  [32m✓[0m  FL SB 1488 (2026): title matches
  [32m✓[0m  FL SB 1488 (2026): latest_action matches
  [32m✓[0m  FL SB 1488 (2026): vote event count matches (1)
  [32m✓[0m  FL SB 1488 (2026): vote tally matches on 2026-02-02 ({'yes': 7, 'no': 0, 'other': 1})
  [32m✓[0m  FL SB 1488 (2026): sponsorship count matches (1)
  [32m✓[0m  FL SB 1522 (2026): title matches
  [32m✓[0m  FL SB 1522 (2026): latest_action matches
  [32m✓[0m  FL SB 1522 (2026): vote event count matches (0)
  [32m✓[0m  FL SB 1522 (2026): sponsorship count matches (1)
  [32m✓[0m  FL SB 1632 (2026): title matches
  [32m✓[0m  FL SB 1632 (2026): latest_action matches
  [32m✓[0m  FL SB 1632 (2026): vote event count matches (2)
  [32m✓[0m  FL SB 1632 (2026): vote tally matches on 2026-02-03 ({'yes': 8, 'no': 3, 'other': 0})
  [32m✓[0m  FL SB 1632 (2026): vote tally matches on 2026-02-25 ({'yes': 5, 'no': 3, 'other': 0})
  [32m✓[0m  FL SB 1632 (2026): sponsorship count matches (3)
  [32m✓[0m  FL HR 8033 (2026): title matches
  [32m✓[0m  FL HR 8033 (2026): latest_action matches
  [32m✓[0m  FL HR 8033 (2026): vote event count matches (0)
  [32m✓[0m  FL HR 8033 (2026): sponsorship count matches (1)
  [32m✓[0m  FL SB 1154 (2026): title matches
  [32m✓[0m  FL SB 1154 (2026): latest_action matches
  [32m✓[0m  FL SB 1154 (2026): vote event count matches (0)
  [32m✓[0m  FL SB 1154 (2026): sponsorship count matches (1)
  [32m✓[0m  FL HB 1021 (2026): title matches
  [32m✓[0m  FL HB 1021 (2026): latest_action matches
  [32m✓[0m  FL HB 1021 (2026): vote event count matches (3)
  [32m✓[0m  FL HB 1021 (2026): vote tally matches on 2026-02-03 ({'yes': 16, 'no': 0, 'not voting': 2})
  [32m✓[0m  FL HB 1021 (2026): vote tally matches on 2026-02-10 ({'yes': 26, 'no': 0, 'not voting': 0})
  [32m✓[0m  FL HB 1021 (2026): vote tally matches on 2026-03-04 ({'yes': 111, 'no': 0, 'not voting': 6})
  [32m✓[0m  FL HB 1021 (2026): sponsorship count matches (4)
  [32m✓[0m  FL SR 1766 (2026): title matches
  [32m✓[0m  FL SR 1766 (2026): latest_action matches
  [32m✓[0m  FL SR 1766 (2026): vote event count matches (0)
  [32m✓[0m  FL SR 1766 (2026): sponsorship count matches (1)
    ...250/500
  [32m✓[0m  FL SB 1108 (2026): title matches
  [32m✓[0m  FL SB 1108 (2026): latest_action matches
  [32m✓[0m  FL SB 1108 (2026): vote event count matches (0)
  [32m✓[0m  FL SB 1108 (2026): sponsorship count matches (1)
  [32m✓[0m  FL SB 608 (2026): title matches
  [32m✓[0m  FL SB 608 (2026): latest_action matches
  [32m✓[0m  FL SB 608 (2026): vote event count matches (0)
  [32m✓[0m  FL SB 608 (2026): sponsorship count matches (1)
  [32m✓[0m  FL SB 1652 (2026): title matches
  [32m✓[0m  FL SB 1652 (2026): latest_action matches
  [32m✓[0m  FL SB 1652 (2026): vote event count matches (0)
  [32m✓[0m  FL SB 1652 (2026): sponsorship count matches (1)
  [32m✓[0m  FL SB 720 (2026): title matches
  [32m✓[0m  FL SB 720 (2026): latest_action matches
  [32m✓[0m  FL SB 720 (2026): vote event count matches (1)
  [32m✓[0m  FL SB 720 (2026): vote tally matches on 2026-01-13 ({'yes': 6, 'no': 0, 'other': 0})
  [32m✓[0m  FL SB 720 (2026): sponsorship count matches (1)
  [32m✓[0m  FL HB 1219 (2026): title matches
  [32m✓[0m  FL HB 1219 (2026): latest_action matches
  [33m~[0m  FL HB 1219 (2026): local has MORE votes than live (our fix not merged?)  [local=4 live=2]
  [32m✓[0m  FL HB 1219 (2026): vote tally matches on 2026-02-25 ({'yes': 114, 'no': 0, 'not voting': 3})
  [32m✓[0m  FL HB 1219 (2026): vote tally matches on 2026-03-05 ({'yes': 37, 'no': 0, 'not voting': 2})
  [32m✓[0m  FL HB 1219 (2026): sponsorship count matches (2)
  [32m✓[0m  FL HB 987 (2026): title matches
  [32m✓[0m  FL HB 987 (2026): latest_action matches
  [32m✓[0m  FL HB 987 (2026): vote event count matches (0)
  [32m✓[0m  FL HB 987 (2026): sponsorship count matches (1)
  [32m✓[0m  FL SB 392 (2026): title matches
  [32m✓[0m  FL SB 392 (2026): latest_action matches
  [32m✓[0m  FL SB 392 (2026): vote event count matches (0)
  [32m✓[0m  FL SB 392 (2026): sponsorship count matches (1)
  [32m✓[0m  FL HB 7021 (2026): title matches
  [32m✓[0m  FL HB 7021 (2026): latest_action matches
  [32m✓[0m  FL HB 7021 (2026): vote event count matches (3)
  [32m✓[0m  FL HB 7021 (2026): vote tally matches on 2026-01-13 ({'yes': 18, 'no': 0, 'not voting': 0})
  [32m✓[0m  FL HB 7021 (2026): vote tally matches on 2026-01-29 ({'yes': 18, 'no': 0, 'not voting': 0})
  [32m✓[0m  FL HB 7021 (2026): vote tally matches on 2026-02-03 ({'yes': 22, 'no': 0, 'not voting': 4})
  [32m✓[0m  FL HB 7021 (2026): sponsorship count matches (2)
  [32m✓[0m  FL HB 499 (2026): title matches
  [32m✓[0m  FL HB 499 (2026): latest_action matches
  [32m✓[0m  FL HB 499 (2026): vote event count matches (0)
  [32m✓[0m  FL HB 499 (2026): sponsorship count matches (1)
  [32m✓[0m  FL SB 1480 (2026): title matches
  [32m✓[0m  FL SB 1480 (2026): latest_action matches
  [32m✓[0m  FL SB 1480 (2026): vote event count matches (3)
  [32m✓[0m  FL SB 1480 (2026): vote tally matches on 2026-01-26 ({'yes': 9, 'no': 0, 'other': 2})
  [32m✓[0m  FL SB 1480 (2026): vote tally matches on 2026-02-04 ({'yes': 7, 'no': 0, 'other': 2})
  [32m✓[0m  FL SB 1480 (2026): vote tally matches on 2026-02-17 ({'yes': 23, 'no': 0, 'other': 1})
  [32m✓[0m  FL SB 1480 (2026): sponsorship count matches (2)
  [32m✓[0m  FL SB 948 (2026): title matches
  [32m✓[0m  FL SB 948 (2026): latest_action matches
  [32m✓[0m  FL SB 948 (2026): vote event count matches (1)
  [32m✓[0m  FL SB 948 (2026): vote tally matches on 2026-01-27 ({'yes': 7, 'no': 1, 'other': 0})
  [32m✓[0m  FL SB 948 (2026): sponsorship count matches (6)
  [32m✓[0m  FL SB 1520 (2026): title matches
  [32m✓[0m  FL SB 1520 (2026): latest_action matches
  [32m✓[0m  FL SB 1520 (2026): vote event count matches (1)
  [32m✓[0m  FL SB 1520 (2026): vote tally matches on 2026-02-12 ({'yes': 6, 'no': 0, 'other': 2})
  [32m✓[0m  FL SB 1520 (2026): sponsorship count matches (1)
  [32m✓[0m  FL SB 744 (2026): title matches
  [32m✓[0m  FL SB 744 (2026): latest_action matches
  [32m✓[0m  FL SB 744 (2026): vote event count matches (0)
  [32m✓[0m  FL SB 744 (2026): sponsorship count matches (1)
  [32m✓[0m  FL SB 248 (2026): title matches
  [32m✓[0m  FL SB 248 (2026): latest_action matches
  [32m✓[0m  FL SB 248 (2026): vote event count matches (0)
  [32m✓[0m  FL SB 248 (2026): sponsorship count matches (1)
  [32m✓[0m  FL SB 118 (2026): title matches
  [32m✓[0m  FL SB 118 (2026): latest_action matches
  [32m✓[0m  FL SB 118 (2026): vote event count matches (6)
  [32m✓[0m  FL SB 118 (2026): vote tally matches on 2025-11-18 ({'yes': 5, 'no': 0, 'other': 2})
  [32m✓[0m  FL SB 118 (2026): vote tally matches on 2026-02-12 ({'yes': 6, 'no': 0, 'other': 2})
  [32m✓[0m  FL SB 118 (2026): vote tally matches on 2026-02-24 ({'yes': 17, 'no': 0, 'other': 1})
  [32m✓[0m  FL SB 118 (2026): vote tally matches on 2026-02-26 ({'yes': 36, 'no': 0, 'not voting': 3})
  [32m✓[0m  FL SB 118 (2026): vote tally matches on 2026-03-10 ({'yes': 111, 'no': 1, 'not voting': 5})
  [32m✓[0m  FL SB 118 (2026): vote tally matches on 2026-03-12 ({'yes': 38, 'no': 0, 'not voting': 1})
  [32m✓[0m  FL SB 118 (2026): sponsorship count matches (3)
  [32m✓[0m  FL SB 7006 (2026): title matches
  [32m✓[0m  FL SB 7006 (2026): latest_action matches
  [32m✓[0m  FL SB 7006 (2026): vote event count matches (5)
  [32m✓[0m  FL SB 7006 (2026): vote tally matches on 2025-11-18 ({'yes': 7, 'no': 0, 'other': 2})
  [32m✓[0m  FL SB 7006 (2026): vote tally matches on 2026-01-12 ({'yes': 9, 'no': 0, 'other': 0})
  [32m✓[0m  FL SB 7006 (2026): vote tally matches on 2026-01-27 ({'yes': 19, 'no': 3, 'other': 2})
  [32m✓[0m  FL SB 7006 (2026): vote tally matches on 2026-01-29 ({'yes': 32, 'no': 3, 'not voting': 4})
  [32m✓[0m  FL SB 7006 (2026): vote tally matches on 2026-03-09 ({'yes': 99, 'no': 8, 'not voting': 10})
  [32m✓[0m  FL SB 7006 (2026): sponsorship count matches (1)
  [32m✓[0m  FL SJR 278 (2026): title matches
  [32m✓[0m  FL SJR 278 (2026): latest_action matches
  [32m✓[0m  FL SJR 278 (2026): vote event count matches (0)
  [32m✓[0m  FL SJR 278 (2026): sponsorship count matches (1)
  [32m✓[0m  FL SB 1240 (2026): title matches
  [32m✓[0m  FL SB 1240 (2026): latest_action matches
  [32m✓[0m  FL SB 1240 (2026): vote event count matches (0)
  [32m✓[0m  FL SB 1240 (2026): sponsorship count matches (1)
  [32m✓[0m  FL SB 1444 (2026): title matches
  [32m✓[0m  FL SB 1444 (2026): latest_action matches
  [32m✓[0m  FL SB 1444 (2026): vote event count matches (1)
  [32m✓[0m  FL SB 1444 (2026): vote tally matches on 2026-01-27 ({'yes': 6, 'no': 2, 'other': 0})
  [32m✓[0m  FL SB 1444 (2026): sponsorship count matches (1)
  [32m✓[0m  FL HB 325 (2026): title matches
  [32m✓[0m  FL HB 325 (2026): latest_action matches
  [32m✓[0m  FL HB 325 (2026): vote event count matches (2)
  [32m✓[0m  FL HB 325 (2026): vote tally matches on 2026-02-25 ({'yes': 112, 'no': 0, 'not voting': 5})
  [32m✓[0m  FL HB 325 (2026): vote tally matches on 2026-03-09 ({'yes': 36, 'no': 0, 'not voting': 3})
  [32m✓[0m  FL HB 325 (2026): sponsorship count matches (9)
  [32m✓[0m  FL HB 685 (2026): title matches
  [32m✓[0m  FL HB 685 (2026): latest_action matches
  [32m✓[0m  FL HB 685 (2026): vote event count matches (0)
  [32m✓[0m  FL HB 685 (2026): sponsorship count matches (1)
  [32m✓[0m  FL SB 860 (2026): title matches
  [32m✓[0m  FL SB 860 (2026): latest_action matches
  [32m✓[0m  FL SB 860 (2026): vote event count matches (0)
  [32m✓[0m  FL SB 860 (2026): sponsorship count matches (1)
  [32m✓[0m  FL HB 1159 (2026): title matches
  [32m✓[0m  FL HB 1159 (2026): latest_action matches
  [33m~[0m  FL HB 1159 (2026): local has MORE votes than live (our fix not merged?)  [local=5 live=2]
  [32m✓[0m  FL HB 1159 (2026): vote tally matches on 2026-03-03 ({'yes': 105, 'no': 0, 'not voting': 12})
  [32m✓[0m  FL HB 1159 (2026): vote tally matches on 2026-03-09 ({'yes': 37, 'no': 0, 'not voting': 2})
  [32m✓[0m  FL HB 1159 (2026): sponsorship count matches (12)
  [32m✓[0m  FL HB 943 (2026): title matches
  [32m✓[0m  FL HB 943 (2026): latest_action matches
  [32m✓[0m  FL HB 943 (2026): vote event count matches (2)
  [32m✓[0m  FL HB 943 (2026): vote tally matches on 2026-02-03 ({'yes': 15, 'no': 0, 'not voting': 3})
  [32m✓[0m  FL HB 943 (2026): vote tally matches on 2026-02-24 ({'yes': 21, 'no': 3, 'not voting': 2})
  [32m✓[0m  FL HB 943 (2026): sponsorship count matches (5)
  [32m✓[0m  FL HB 7013 (2026): title matches
  [32m✓[0m  FL HB 7013 (2026): latest_action matches
  [32m✓[0m  FL HB 7013 (2026): vote event count matches (3)
  [32m✓[0m  FL HB 7013 (2026): vote tally matches on 2025-12-10 ({'yes': 13, 'no': 0, 'not voting': 6})
  [32m✓[0m  FL HB 7013 (2026): vote tally matches on 2026-01-20 ({'yes': 17, 'no': 0, 'not voting': 0})
  [32m✓[0m  FL HB 7013 (2026): vote tally matches on 2026-01-27 ({'yes': 24, 'no': 0, 'not voting': 2})
  [32m✓[0m  FL HB 7013 (2026): sponsorship count matches (2)
    ...275/500
  [32m✓[0m  FL HB 1027 (2026): title matches
  [32m✓[0m  FL HB 1027 (2026): latest_action matches
  [32m✓[0m  FL HB 1027 (2026): vote event count matches (0)
  [32m✓[0m  FL HB 1027 (2026): sponsorship count matches (1)
  [32m✓[0m  FL SB 288 (2026): title matches
  [32m✓[0m  FL SB 288 (2026): latest_action matches
  [32m✓[0m  FL SB 288 (2026): vote event count matches (6)
  [32m✓[0m  FL SB 288 (2026): vote tally matches on 2025-12-09 ({'yes': 9, 'no': 0, 'other': 0})
  [32m✓[0m  FL SB 288 (2026): vote tally matches on 2026-01-20 ({'yes': 8, 'no': 0, 'other': 0})
  [32m✓[0m  FL SB 288 (2026): vote tally matches on 2026-01-27 ({'yes': 22, 'no': 0, 'other': 2})
  [32m✓[0m  FL SB 288 (2026): vote tally matches on 2026-01-29 ({'yes': 35, 'no': 0, 'not voting': 4})
  [32m✓[0m  FL SB 288 (2026): vote tally matches on 2026-03-11 ({'yes': 106, 'no': 1, 'not voting': 10})
  [32m✓[0m  FL SB 288 (2026): vote tally matches on 2026-03-12 ({'yes': 39, 'no': 0, 'not voting': 0})
  [32m✓[0m  FL SB 288 (2026): sponsorship count matches (1)
  [32m✓[0m  FL HB 711 (2026): title matches
  [32m✓[0m  FL HB 711 (2026): latest_action matches
  [32m✓[0m  FL HB 711 (2026): vote event count matches (0)
  [32m✓[0m  FL HB 711 (2026): sponsorship count matches (1)
  [32m✓[0m  FL SB 2512 (2026): title matches
  [32m✓[0m  FL SB 2512 (2026): latest_action matches
  [32m✓[0m  FL SB 2512 (2026): vote event count matches (2)
  [32m✓[0m  FL SB 2512 (2026): vote tally matches on 2026-02-18 ({'yes': 18, 'no': 0, 'other': 0})
  [32m✓[0m  FL SB 2512 (2026): vote tally matches on 2026-02-20 ({'yes': 37, 'no': 0, 'not voting': 2})
  [32m✓[0m  FL SB 2512 (2026): sponsorship count matches (1)
  [32m✓[0m  FL HB 529 (2026): title matches
  [32m✓[0m  FL HB 529 (2026): latest_action matches
  [32m✓[0m  FL HB 529 (2026): vote event count matches (3)
  [32m✓[0m  FL HB 529 (2026): vote tally matches on 2026-02-03 ({'yes': 11, 'no': 3, 'not voting': 3})
  [32m✓[0m  FL HB 529 (2026): vote tally matches on 2026-02-12 ({'yes': 11, 'no': 4, 'not voting': 3})
  [32m✓[0m  FL HB 529 (2026): vote tally matches on 2026-02-26 ({'yes': 15, 'no': 4, 'not voting': 3})
  [32m✓[0m  FL HB 529 (2026): sponsorship count matches (4)
  [32m✓[0m  FL HB 4023 (2026): title matches
  [32m✓[0m  FL HB 4023 (2026): latest_action matches
  [31m✗[0m  FL HB 4023 (2026): local is MISSING votes vs live  [local=0 live=1]
  [32m✓[0m  FL HB 4023 (2026): sponsorship count matches (1)
  [32m✓[0m  FL HB 187 (2026): title matches
  [32m✓[0m  FL HB 187 (2026): latest_action matches
  [32m✓[0m  FL HB 187 (2026): vote event count matches (0)
  [32m✓[0m  FL HB 187 (2026): sponsorship count matches (5)
  [32m✓[0m  FL SB 902 (2026): title matches
  [32m✓[0m  FL SB 902 (2026): latest_action matches
  [32m✓[0m  FL SB 902 (2026): vote event count matches (3)
  [32m✓[0m  FL SB 902 (2026): vote tally matches on 2026-02-11 ({'yes': 11, 'no': 0, 'other': 0})
  [32m✓[0m  FL SB 902 (2026): vote tally matches on 2026-02-18 ({'yes': 9, 'no': 0, 'other': 0})
  [32m✓[0m  FL SB 902 (2026): vote tally matches on 2026-02-24 ({'yes': 23, 'no': 0, 'other': 1})
  [32m✓[0m  FL SB 902 (2026): sponsorship count matches (5)
  [32m✓[0m  FL HB 1455 (2026): title matches
  [32m✓[0m  FL HB 1455 (2026): latest_action matches
  [31m✗[0m  FL HB 1455 (2026): local is MISSING votes vs live  [local=0 live=1]
  [32m✓[0m  FL HB 1455 (2026): sponsorship count matches (1)
  [32m✓[0m  FL SB 386 (2026): title matches
  [32m✓[0m  FL SB 386 (2026): latest_action matches
  [32m✓[0m  FL SB 386 (2026): vote event count matches (5)
  [32m✓[0m  FL SB 386 (2026): vote tally matches on 2025-12-02 ({'yes': 4, 'no': 0, 'other': 1})
  [32m✓[0m  FL SB 386 (2026): vote tally matches on 2026-01-13 ({'yes': 10, 'no': 0, 'other': 0})
  [32m✓[0m  FL SB 386 (2026): vote tally matches on 2026-01-27 ({'yes': 22, 'no': 0, 'other': 2})
  [32m✓[0m  FL SB 386 (2026): vote tally matches on 2026-01-29 ({'yes': 35, 'no': 0, 'not voting': 4})
  [32m✓[0m  FL SB 386 (2026): vote tally matches on 2026-03-11 ({'yes': 112, 'no': 0, 'not voting': 5})
  [32m✓[0m  FL SB 386 (2026): sponsorship count matches (1)
  [32m✓[0m  FL SB 470 (2026): title matches
  [32m✓[0m  FL SB 470 (2026): latest_action matches
  [32m✓[0m  FL SB 470 (2026): vote event count matches (2)
  [32m✓[0m  FL SB 470 (2026): vote tally matches on 2026-01-12 ({'yes': 9, 'no': 0, 'other': 0})
  [32m✓[0m  FL SB 470 (2026): vote tally matches on 2026-01-21 ({'yes': 14, 'no': 0, 'other': 0})
  [32m✓[0m  FL SB 470 (2026): sponsorship count matches (1)
  [32m✓[0m  FL HB 1253 (2026): title matches
  [32m✓[0m  FL HB 1253 (2026): latest_action matches
  [31m✗[0m  FL HB 1253 (2026): local is MISSING votes vs live  [local=0 live=2]
  [32m✓[0m  FL HB 1253 (2026): sponsorship count matches (11)
  [32m✓[0m  FL SB 1424 (2026): title matches
  [32m✓[0m  FL SB 1424 (2026): latest_action matches
  [32m✓[0m  FL SB 1424 (2026): vote event count matches (0)
  [32m✓[0m  FL SB 1424 (2026): sponsorship count matches (1)
  [32m✓[0m  FL HB 271 (2026): title matches
  [32m✓[0m  FL HB 271 (2026): latest_action matches
  [32m✓[0m  FL HB 271 (2026): vote event count matches (2)
  [32m✓[0m  FL HB 271 (2026): vote tally matches on 2026-02-17 ({'yes': 107, 'no': 1, 'not voting': 9})
  [32m✓[0m  FL HB 271 (2026): vote tally matches on 2026-03-06 ({'yes': 34, 'no': 0, 'not voting': 5})
  [32m✓[0m  FL HB 271 (2026): sponsorship count matches (1)
  [32m✓[0m  FL SB 502 (2026): title matches
  [32m✓[0m  FL SB 502 (2026): latest_action matches
  [32m✓[0m  FL SB 502 (2026): vote event count matches (3)
  [32m✓[0m  FL SB 502 (2026): vote tally matches on 2026-01-20 ({'yes': 9, 'no': 0, 'other': 2})
  [32m✓[0m  FL SB 502 (2026): vote tally matches on 2026-02-02 ({'yes': 5, 'no': 0, 'other': 0})
  [32m✓[0m  FL SB 502 (2026): vote tally matches on 2026-02-10 ({'yes': 23, 'no': 0, 'other': 1})
  [32m✓[0m  FL SB 502 (2026): sponsorship count matches (2)
  [32m✓[0m  FL HB 437 (2026): title matches
  [32m✓[0m  FL HB 437 (2026): latest_action matches
  [32m✓[0m  FL HB 437 (2026): vote event count matches (1)
  [32m✓[0m  FL HB 437 (2026): vote tally matches on 2026-03-04 ({'yes': 111, 'no': 0, 'not voting': 6})
  [32m✓[0m  FL HB 437 (2026): sponsorship count matches (5)
  [32m✓[0m  FL HR 8043 (2026): title matches
  [32m✓[0m  FL HR 8043 (2026): latest_action matches
  [32m✓[0m  FL HR 8043 (2026): vote event count matches (0)
  [32m✓[0m  FL HR 8043 (2026): sponsorship count matches (1)
  [32m✓[0m  FL HB 1209 (2026): title matches
  [32m✓[0m  FL HB 1209 (2026): latest_action matches
  [32m✓[0m  FL HB 1209 (2026): vote event count matches (0)
  [32m✓[0m  FL HB 1209 (2026): sponsorship count matches (1)
  [32m✓[0m  FL SB 1676 (2026): title matches
  [32m✓[0m  FL SB 1676 (2026): latest_action matches
  [32m✓[0m  FL SB 1676 (2026): vote event count matches (0)
  [32m✓[0m  FL SB 1676 (2026): sponsorship count matches (1)
  [32m✓[0m  FL HB 133 (2026): title matches
  [32m✓[0m  FL HB 133 (2026): latest_action matches
  [32m✓[0m  FL HB 133 (2026): vote event count matches (1)
  [32m✓[0m  FL HB 133 (2026): vote tally matches on 2026-01-15 ({'yes': 74, 'no': 37, 'not voting': 6})
  [32m✓[0m  FL HB 133 (2026): sponsorship count matches (19)
  [32m✓[0m  FL SB 168 (2026): title matches
  [32m✓[0m  FL SB 168 (2026): latest_action matches
  [32m✓[0m  FL SB 168 (2026): vote event count matches (5)
  [32m✓[0m  FL SB 168 (2026): vote tally matches on 2025-12-09 ({'yes': 6, 'no': 0, 'other': 2})
  [32m✓[0m  FL SB 168 (2026): vote tally matches on 2026-01-20 ({'yes': 8, 'no': 0, 'other': 0})
  [32m✓[0m  FL SB 168 (2026): vote tally matches on 2026-01-27 ({'yes': 22, 'no': 0, 'other': 2})
  [32m✓[0m  FL SB 168 (2026): vote tally matches on 2026-01-29 ({'yes': 35, 'no': 0, 'not voting': 4})
  [32m✓[0m  FL SB 168 (2026): vote tally matches on 2026-03-11 ({'yes': 112, 'no': 0, 'not voting': 5})
  [32m✓[0m  FL SB 168 (2026): sponsorship count matches (1)
  [32m✓[0m  FL SB 440 (2026): title matches
  [32m✓[0m  FL SB 440 (2026): latest_action matches
  [32m✓[0m  FL SB 440 (2026): vote event count matches (0)
  [32m✓[0m  FL SB 440 (2026): sponsorship count matches (1)
  [32m✓[0m  FL SB 76 (2026): title matches
  [32m✓[0m  FL SB 76 (2026): latest_action matches
  [32m✓[0m  FL SB 76 (2026): vote event count matches (0)
  [32m✓[0m  FL SB 76 (2026): sponsorship count matches (1)
  [32m✓[0m  FL HB 55 (2026): title matches
  [32m✓[0m  FL HB 55 (2026): latest_action matches
  [32m✓[0m  FL HB 55 (2026): vote event count matches (0)
  [32m✓[0m  FL HB 55 (2026): sponsorship count matches (3)
  [32m✓[0m  FL SB 1224 (2026): title matches
  [32m✓[0m  FL SB 1224 (2026): latest_action matches
  [32m✓[0m  FL SB 1224 (2026): vote event count matches (3)
  [32m✓[0m  FL SB 1224 (2026): vote tally matches on 2026-01-27 ({'yes': 10, 'no': 0, 'other': 1})
  [32m✓[0m  FL SB 1224 (2026): vote tally matches on 2026-02-11 ({'yes': 8, 'no': 0, 'other': 0})
  [32m✓[0m  FL SB 1224 (2026): vote tally matches on 2026-02-24 ({'yes': 22, 'no': 0, 'other': 2})
  [32m✓[0m  FL SB 1224 (2026): sponsorship count matches (3)
    ...300/500
  [32m✓[0m  FL SB 352 (2026): title matches
  [32m✓[0m  FL SB 352 (2026): latest_action matches
  [32m✓[0m  FL SB 352 (2026): vote event count matches (0)
  [32m✓[0m  FL SB 352 (2026): sponsorship count matches (1)
  [32m✓[0m  FL HB 747 (2026): title matches
  [32m✓[0m  FL HB 747 (2026): latest_action matches
  [32m✓[0m  FL HB 747 (2026): vote event count matches (2)
  [32m✓[0m  FL HB 747 (2026): vote tally matches on 2026-01-20 ({'yes': 15, 'no': 2, 'not voting': 0})
  [32m✓[0m  FL HB 747 (2026): vote tally matches on 2026-01-29 ({'yes': 14, 'no': 0, 'not voting': 5})
  [32m✓[0m  FL HB 747 (2026): sponsorship count matches (2)
  [32m✓[0m  FL HB 481 (2026): title matches
  [32m✓[0m  FL HB 481 (2026): latest_action matches
  [32m✓[0m  FL HB 481 (2026): vote event count matches (3)
  [32m✓[0m  FL HB 481 (2026): vote tally matches on 2025-12-11 ({'yes': 14, 'no': 0, 'not voting': 3})
  [32m✓[0m  FL HB 481 (2026): vote tally matches on 2026-01-21 ({'yes': 15, 'no': 0, 'not voting': 2})
  [32m✓[0m  FL HB 481 (2026): vote tally matches on 2026-01-27 ({'yes': 25, 'no': 0, 'not voting': 1})
  [32m✓[0m  FL HB 481 (2026): sponsorship count matches (2)
  [32m✓[0m  FL HB 1443 (2026): title matches
  [32m✓[0m  FL HB 1443 (2026): latest_action matches
  [32m✓[0m  FL HB 1443 (2026): vote event count matches (3)
  [32m✓[0m  FL HB 1443 (2026): vote tally matches on 2026-02-25 ({'yes': 115, 'no': 0, 'not voting': 2})
  [32m✓[0m  FL HB 1443 (2026): vote tally matches on 2026-03-06 ({'yes': 32, 'no': 0, 'not voting': 7})
  [32m✓[0m  FL HB 1443 (2026): vote tally matches on 2026-03-12 ({'yes': 107, 'no': 0, 'not voting': 10})
  [32m✓[0m  FL HB 1443 (2026): sponsorship count matches (8)
  [32m✓[0m  FL SB 202 (2026): title matches
  [32m✓[0m  FL SB 202 (2026): latest_action matches
  [32m✓[0m  FL SB 202 (2026): vote event count matches (0)
  [32m✓[0m  FL SB 202 (2026): sponsorship count matches (5)
  [32m✓[0m  FL SB 1136 (2026): title matches
  [32m✓[0m  FL SB 1136 (2026): latest_action matches
  [32m✓[0m  FL SB 1136 (2026): vote event count matches (1)
  [32m✓[0m  FL SB 1136 (2026): vote tally matches on 2026-01-20 ({'yes': 8, 'no': 0, 'other': 0})
  [32m✓[0m  FL SB 1136 (2026): sponsorship count matches (2)
  [32m✓[0m  FL HB 6005 (2026): title matches
  [32m✓[0m  FL HB 6005 (2026): latest_action matches
  [32m✓[0m  FL HB 6005 (2026): vote event count matches (0)
  [32m✓[0m  FL HB 6005 (2026): sponsorship count matches (1)
  [32m✓[0m  FL SB 434 (2026): title matches
  [32m✓[0m  FL SB 434 (2026): latest_action matches
  [32m✓[0m  FL SB 434 (2026): vote event count matches (4)
  [32m✓[0m  FL SB 434 (2026): vote tally matches on 2026-01-28 ({'yes': 8, 'no': 0, 'other': 0})
  [32m✓[0m  FL SB 434 (2026): vote tally matches on 2026-02-05 ({'yes': 16, 'no': 0, 'other': 2})
  [32m✓[0m  FL SB 434 (2026): vote tally matches on 2026-02-17 ({'yes': 24, 'no': 0, 'other': 0})
  [32m✓[0m  FL SB 434 (2026): vote tally matches on 2026-02-19 ({'yes': 38, 'no': 0, 'not voting': 1})
  [32m✓[0m  FL SB 434 (2026): sponsorship count matches (2)
  [32m✓[0m  FL HB 769 (2026): title matches
  [32m✓[0m  FL HB 769 (2026): latest_action matches
  [32m✓[0m  FL HB 769 (2026): vote event count matches (0)
  [32m✓[0m  FL HB 769 (2026): sponsorship count matches (2)
  [32m✓[0m  FL HB 6013 (2026): title matches
  [32m✓[0m  FL HB 6013 (2026): latest_action matches
  [32m✓[0m  FL HB 6013 (2026): vote event count matches (0)
  [32m✓[0m  FL HB 6013 (2026): sponsorship count matches (2)
  [32m✓[0m  FL HB 1331 (2026): title matches
  [32m✓[0m  FL HB 1331 (2026): latest_action matches
  [32m✓[0m  FL HB 1331 (2026): vote event count matches (0)
  [32m✓[0m  FL HB 1331 (2026): sponsorship count matches (3)
  [32m✓[0m  FL HB 87 (2026): title matches
  [32m✓[0m  FL HB 87 (2026): latest_action matches
  [32m✓[0m  FL HB 87 (2026): vote event count matches (0)
  [32m✓[0m  FL HB 87 (2026): sponsorship count matches (4)
  [32m✓[0m  FL SB 376 (2026): title matches
  [32m✓[0m  FL SB 376 (2026): latest_action matches
  [32m✓[0m  FL SB 376 (2026): vote event count matches (0)
  [32m✓[0m  FL SB 376 (2026): sponsorship count matches (1)
  [32m✓[0m  FL HB 1315 (2026): title matches
  [32m✓[0m  FL HB 1315 (2026): latest_action matches
  [32m✓[0m  FL HB 1315 (2026): vote event count matches (0)
  [32m✓[0m  FL HB 1315 (2026): sponsorship count matches (1)
  [32m✓[0m  FL SB 272 (2026): title matches
  [32m✓[0m  FL SB 272 (2026): latest_action matches
  [32m✓[0m  FL SB 272 (2026): vote event count matches (0)
  [32m✓[0m  FL SB 272 (2026): sponsorship count matches (2)
  [32m✓[0m  FL HB 1423 (2026): title matches
  [32m✓[0m  FL HB 1423 (2026): latest_action matches
  [31m✗[0m  FL HB 1423 (2026): local is MISSING votes vs live  [local=0 live=1]
  [32m✓[0m  FL HB 1423 (2026): sponsorship count matches (2)
  [32m✓[0m  FL SB 964 (2026): title matches
  [32m✓[0m  FL SB 964 (2026): latest_action matches
  [32m✓[0m  FL SB 964 (2026): vote event count matches (3)
  [32m✓[0m  FL SB 964 (2026): vote tally matches on 2026-01-21 ({'yes': 7, 'no': 0, 'other': 1})
  [32m✓[0m  FL SB 964 (2026): vote tally matches on 2026-02-11 ({'yes': 9, 'no': 0, 'other': 0})
  [32m✓[0m  FL SB 964 (2026): vote tally matches on 2026-02-24 ({'yes': 22, 'no': 0, 'other': 2})
  [32m✓[0m  FL SB 964 (2026): sponsorship count matches (1)
  [32m✓[0m  FL HB 611 (2026): title matches
  [32m✓[0m  FL HB 611 (2026): latest_action matches
  [32m✓[0m  FL HB 611 (2026): vote event count matches (0)
  [32m✓[0m  FL HB 611 (2026): sponsorship count matches (1)
  [32m✓[0m  FL SB 268 (2026): title matches
  [32m✓[0m  FL SB 268 (2026): latest_action matches
  [32m✓[0m  FL SB 268 (2026): vote event count matches (1)
  [32m✓[0m  FL SB 268 (2026): vote tally matches on 2026-02-02 ({'yes': 11, 'no': 0, 'other': 0})
  [32m✓[0m  FL SB 268 (2026): sponsorship count matches (3)
  [32m✓[0m  FL SB 536 (2026): title matches
  [32m✓[0m  FL SB 536 (2026): latest_action matches
  [32m✓[0m  FL SB 536 (2026): vote event count matches (3)
  [32m✓[0m  FL SB 536 (2026): vote tally matches on 2026-01-12 ({'yes': 6, 'no': 2, 'other': 0})
  [32m✓[0m  FL SB 536 (2026): vote tally matches on 2026-02-25 ({'yes': 5, 'no': 3, 'other': 0})
  [32m✓[0m  FL SB 536 (2026): vote tally matches on 2026-03-02 ({'yes': 12, 'no': 6, 'other': 2})
  [32m✓[0m  FL SB 536 (2026): sponsorship count matches (3)
  [32m✓[0m  FL HB 893 (2026): title matches
  [32m✓[0m  FL HB 893 (2026): latest_action matches
  [33m~[0m  FL HB 893 (2026): local has MORE votes than live (our fix not merged?)  [local=5 live=2]
  [32m✓[0m  FL HB 893 (2026): vote tally matches on 2026-02-11 ({'yes': 112, 'no': 0, 'not voting': 5})
  [32m✓[0m  FL HB 893 (2026): vote tally matches on 2026-02-19 ({'yes': 38, 'no': 0, 'not voting': 1})
  [32m✓[0m  FL HB 893 (2026): sponsorship count matches (3)
  [32m✓[0m  FL SB 1752 (2026): title matches
  [32m✓[0m  FL SB 1752 (2026): latest_action matches
  [32m✓[0m  FL SB 1752 (2026): vote event count matches (0)
  [32m✓[0m  FL SB 1752 (2026): sponsorship count matches (1)
  [32m✓[0m  FL SR 1794 (2026): title matches
  [32m✓[0m  FL SR 1794 (2026): latest_action matches
  [32m✓[0m  FL SR 1794 (2026): vote event count matches (0)
  [32m✓[0m  FL SR 1794 (2026): sponsorship count matches (1)
  [32m✓[0m  FL HB 6001 (2026): title matches
  [32m✓[0m  FL HB 6001 (2026): latest_action matches
  [32m✓[0m  FL HB 6001 (2026): vote event count matches (0)
  [32m✓[0m  FL HB 6001 (2026): sponsorship count matches (4)
  [32m✓[0m  FL SR 1796 (2026): title matches
  [32m✓[0m  FL SR 1796 (2026): latest_action matches
  [32m✓[0m  FL SR 1796 (2026): vote event count matches (0)
  [32m✓[0m  FL SR 1796 (2026): sponsorship count matches (1)
    ...325/500
  [32m✓[0m  FL SB 1564 (2026): title matches
  [32m✓[0m  FL SB 1564 (2026): latest_action matches
  [32m✓[0m  FL SB 1564 (2026): vote event count matches (0)
  [32m✓[0m  FL SB 1564 (2026): sponsorship count matches (1)
  [32m✓[0m  FL SJR 1364 (2026): title matches
  [32m✓[0m  FL SJR 1364 (2026): latest_action matches
  [32m✓[0m  FL SJR 1364 (2026): vote event count matches (0)
  [32m✓[0m  FL SJR 1364 (2026): sponsorship count matches (1)
  [32m✓[0m  FL HB 151 (2026): title matches
  [32m✓[0m  FL HB 151 (2026): latest_action matches
  [32m✓[0m  FL HB 151 (2026): vote event count matches (0)
  [32m✓[0m  FL HB 151 (2026): sponsorship count matches (1)
  [32m✓[0m  FL HR 8013 (2026): title matches
  [33m~[0m  FL HR 8013 (2026): latest_action differs  [local='adopted by publication' live='adopted by publication; companion bill(s) passed, ']
  [32m✓[0m  FL HR 8013 (2026): vote event count matches (0)
  [32m✓[0m  FL HR 8013 (2026): sponsorship count matches (1)
  [32m✓[0m  FL SB 762 (2026): title matches
  [32m✓[0m  FL SB 762 (2026): latest_action matches
  [32m✓[0m  FL SB 762 (2026): vote event count matches (3)
  [32m✓[0m  FL SB 762 (2026): vote tally matches on 2026-01-12 ({'yes': 9, 'no': 1, 'other': 1})
  [32m✓[0m  FL SB 762 (2026): vote tally matches on 2026-02-25 ({'yes': 7, 'no': 1, 'other': 0})
  [32m✓[0m  FL SB 762 (2026): vote tally matches on 2026-03-02 ({'yes': 17, 'no': 1, 'other': 2})
  [32m✓[0m  FL SB 762 (2026): sponsorship count matches (4)
  [32m✓[0m  FL HB 6511 (2026): title matches
  [32m✓[0m  FL HB 6511 (2026): latest_action matches
  [32m✓[0m  FL HB 6511 (2026): vote event count matches (0)
  [32m✓[0m  FL HB 6511 (2026): sponsorship count matches (2)
  [32m✓[0m  FL HB 7027 (2026): title matches
  [32m✓[0m  FL HB 7027 (2026): latest_action matches
  [32m✓[0m  FL HB 7027 (2026): vote event count matches (1)
  [32m✓[0m  FL HB 7027 (2026): vote tally matches on 2026-01-29 ({'yes': 16, 'no': 0, 'not voting': 1})
  [32m✓[0m  FL HB 7027 (2026): sponsorship count matches (2)
  [32m✓[0m  FL HB 1099 (2026): title matches
  [32m✓[0m  FL HB 1099 (2026): latest_action matches
  [32m✓[0m  FL HB 1099 (2026): vote event count matches (0)
  [32m✓[0m  FL HB 1099 (2026): sponsorship count matches (1)
  [32m✓[0m  FL HR 8053 (2026): title matches
  [32m✓[0m  FL HR 8053 (2026): latest_action matches
  [32m✓[0m  FL HR 8053 (2026): vote event count matches (0)
  [32m✓[0m  FL HR 8053 (2026): sponsorship count matches (1)
  [32m✓[0m  FL SB 684 (2026): title matches
  [32m✓[0m  FL SB 684 (2026): latest_action matches
  [32m✓[0m  FL SB 684 (2026): vote event count matches (3)
  [32m✓[0m  FL SB 684 (2026): vote tally matches on 2026-01-20 ({'yes': 8, 'no': 0, 'other': 1})
  [32m✓[0m  FL SB 684 (2026): vote tally matches on 2026-02-04 ({'yes': 10, 'no': 0, 'other': 0})
  [32m✓[0m  FL SB 684 (2026): vote tally matches on 2026-02-17 ({'yes': 23, 'no': 0, 'other': 1})
  [32m✓[0m  FL SB 684 (2026): sponsorship count matches (2)
  [32m✓[0m  FL HB 6021 (2026): title matches
  [32m✓[0m  FL HB 6021 (2026): latest_action matches
  [32m✓[0m  FL HB 6021 (2026): vote event count matches (0)
  [32m✓[0m  FL HB 6021 (2026): sponsorship count matches (1)
  [32m✓[0m  FL SB 780 (2026): title matches
  [32m✓[0m  FL SB 780 (2026): latest_action matches
  [32m✓[0m  FL SB 780 (2026): vote event count matches (0)
  [32m✓[0m  FL SB 780 (2026): sponsorship count matches (4)
  [32m✓[0m  FL SB 832 (2026): title matches
  [32m✓[0m  FL SB 832 (2026): latest_action matches
  [32m✓[0m  FL SB 832 (2026): vote event count matches (1)
  [32m✓[0m  FL SB 832 (2026): vote tally matches on 2026-01-13 ({'yes': 10, 'no': 0, 'other': 0})
  [32m✓[0m  FL SB 832 (2026): sponsorship count matches (1)
  [32m✓[0m  FL HB 4073 (2026): title matches
  [32m✓[0m  FL HB 4073 (2026): latest_action matches
  [32m✓[0m  FL HB 4073 (2026): vote event count matches (0)
  [32m✓[0m  FL HB 4073 (2026): sponsorship count matches (1)
  [32m✓[0m  FL SB 252 (2026): title matches
  [32m✓[0m  FL SB 252 (2026): latest_action matches
  [32m✓[0m  FL SB 252 (2026): vote event count matches (0)
  [32m✓[0m  FL SB 252 (2026): sponsorship count matches (8)
  [32m✓[0m  FL SB 1440 (2026): title matches
  [32m✓[0m  FL SB 1440 (2026): latest_action matches
  [32m✓[0m  FL SB 1440 (2026): vote event count matches (4)
  [32m✓[0m  FL SB 1440 (2026): vote tally matches on 2026-01-28 ({'yes': 10, 'no': 0, 'other': 0})
  [32m✓[0m  FL SB 1440 (2026): vote tally matches on 2026-02-18 ({'yes': 10, 'no': 1, 'other': 0})
  [32m✓[0m  FL SB 1440 (2026): vote tally matches on 2026-02-24 ({'yes': 22, 'no': 1, 'other': 1})
  [32m✓[0m  FL SB 1440 (2026): vote tally matches on 2026-02-25 ({'yes': 35, 'no': 1, 'not voting': 3})
  [32m✓[0m  FL SB 1440 (2026): sponsorship count matches (3)
  [32m✓[0m  FL SB 336 (2026): title matches
  [32m✓[0m  FL SB 336 (2026): latest_action matches
  [32m✓[0m  FL SB 336 (2026): vote event count matches (0)
  [32m✓[0m  FL SB 336 (2026): sponsorship count matches (1)
  [32m✓[0m  FL SB 1124 (2026): title matches
  [32m✓[0m  FL SB 1124 (2026): latest_action matches
  [32m✓[0m  FL SB 1124 (2026): vote event count matches (0)
  [32m✓[0m  FL SB 1124 (2026): sponsorship count matches (1)
  [32m✓[0m  FL HB 105 (2026): title matches
  [32m✓[0m  FL HB 105 (2026): latest_action matches
  [32m✓[0m  FL HB 105 (2026): vote event count matches (1)
  [32m✓[0m  FL HB 105 (2026): vote tally matches on 2026-02-25 ({'yes': 104, 'no': 5, 'not voting': 8})
  [32m✓[0m  FL HB 105 (2026): sponsorship count matches (4)
  [32m✓[0m  FL SB 802 (2026): title matches
  [32m✓[0m  FL SB 802 (2026): latest_action matches
  [32m✓[0m  FL SB 802 (2026): vote event count matches (0)
  [32m✓[0m  FL SB 802 (2026): sponsorship count matches (1)
  [32m✓[0m  FL SB 486 (2026): title matches
  [32m✓[0m  FL SB 486 (2026): latest_action matches
  [32m✓[0m  FL SB 486 (2026): vote event count matches (0)
  [32m✓[0m  FL SB 486 (2026): sponsorship count matches (1)
  [32m✓[0m  FL HB 145 (2026): title matches
  [32m✓[0m  FL HB 145 (2026): latest_action matches
  [32m✓[0m  FL HB 145 (2026): vote event count matches (3)
  [32m✓[0m  FL HB 145 (2026): vote tally matches on 2026-01-15 ({'yes': 104, 'no': 7, 'not voting': 6})
  [32m✓[0m  FL HB 145 (2026): vote tally matches on 2026-03-10 ({'yes': 36, 'no': 0, 'not voting': 3})
  [32m✓[0m  FL HB 145 (2026): vote tally matches on 2026-03-12 ({'yes': 108, 'no': 1, 'not voting': 8})
  [32m✓[0m  FL HB 145 (2026): sponsorship count matches (1)
  [32m✓[0m  FL HB 367 (2026): title matches
  [32m✓[0m  FL HB 367 (2026): latest_action matches
  [32m✓[0m  FL HB 367 (2026): vote event count matches (0)
  [32m✓[0m  FL HB 367 (2026): sponsorship count matches (8)
  [32m✓[0m  FL SB 266 (2026): title matches
  [32m✓[0m  FL SB 266 (2026): latest_action matches
  [32m✓[0m  FL SB 266 (2026): vote event count matches (1)
  [32m✓[0m  FL SB 266 (2026): vote tally matches on 2026-01-13 ({'yes': 10, 'no': 0, 'other': 0})
  [32m✓[0m  FL SB 266 (2026): sponsorship count matches (1)
  [32m✓[0m  FL SB 7034 (2026): title matches
  [32m✓[0m  FL SB 7034 (2026): latest_action matches
  [32m✓[0m  FL SB 7034 (2026): vote event count matches (3)
  [32m✓[0m  FL SB 7034 (2026): vote tally matches on 2026-02-03 ({'yes': 6, 'no': 1, 'other': 1})
  [32m✓[0m  FL SB 7034 (2026): vote tally matches on 2026-02-25 ({'yes': 7, 'no': 0, 'other': 4})
  [32m✓[0m  FL SB 7034 (2026): vote tally matches on 2026-03-03 ({'yes': 21, 'no': 0, 'other': 3})
  [32m✓[0m  FL SB 7034 (2026): sponsorship count matches (1)
    ...350/500
  [32m✓[0m  FL HB 4047 (2026): title matches
  [32m✓[0m  FL HB 4047 (2026): latest_action matches
  [32m✓[0m  FL HB 4047 (2026): vote event count matches (2)
  [32m✓[0m  FL HB 4047 (2026): vote tally matches on 2026-02-25 ({'yes': 116, 'no': 0, 'not voting': 1})
  [32m✓[0m  FL HB 4047 (2026): vote tally matches on 2026-03-11 ({'yes': 36, 'no': 0, 'not voting': 3})
  [32m✓[0m  FL HB 4047 (2026): sponsorship count matches (2)
  [32m✓[0m  FL SB 12 (2026): title matches
  [32m✓[0m  FL SB 12 (2026): latest_action matches
  [32m✓[0m  FL SB 12 (2026): vote event count matches (0)
  [32m✓[0m  FL SB 12 (2026): sponsorship count matches (1)
  [32m✓[0m  FL SB 1688 (2026): title matches
  [32m✓[0m  FL SB 1688 (2026): latest_action matches
  [32m✓[0m  FL SB 1688 (2026): vote event count matches (0)
  [32m✓[0m  FL SB 1688 (2026): sponsorship count matches (1)
  [32m✓[0m  FL HB 4001 (2026): title matches
  [32m✓[0m  FL HB 4001 (2026): latest_action matches
  [32m✓[0m  FL HB 4001 (2026): vote event count matches (2)
  [32m✓[0m  FL HB 4001 (2026): vote tally matches on 2026-02-11 ({'yes': 111, 'no': 0, 'not voting': 6})
  [32m✓[0m  FL HB 4001 (2026): vote tally matches on 2026-03-11 ({'yes': 36, 'no': 0, 'not voting': 3})
  [32m✓[0m  FL HB 4001 (2026): sponsorship count matches (1)
  [32m✓[0m  FL SB 816 (2026): title matches
  [32m✓[0m  FL SB 816 (2026): latest_action matches
  [32m✓[0m  FL SB 816 (2026): vote event count matches (5)
  [32m✓[0m  FL SB 816 (2026): vote tally matches on 2026-01-13 ({'yes': 6, 'no': 0, 'other': 0})
  [32m✓[0m  FL SB 816 (2026): vote tally matches on 2026-01-28 ({'yes': 5, 'no': 0, 'other': 2})
  [32m✓[0m  FL SB 816 (2026): vote tally matches on 2026-02-05 ({'yes': 15, 'no': 0, 'other': 5})
  [32m✓[0m  FL SB 816 (2026): vote tally matches on 2026-02-11 ({'yes': 39, 'no': 0, 'not voting': 0})
  [32m✓[0m  FL SB 816 (2026): vote tally matches on 2026-03-10 ({'yes': 114, 'no': 0, 'not voting': 3})
  [32m✓[0m  FL SB 816 (2026): sponsorship count matches (1)
  [32m✓[0m  FL HB 693 (2026): title matches
  [32m✓[0m  FL HB 693 (2026): latest_action matches
  [33m~[0m  FL HB 693 (2026): local has MORE votes than live (our fix not merged?)  [local=3 live=1]
  [32m✓[0m  FL HB 693 (2026): vote tally matches on 2026-03-03 ({'yes': 79, 'no': 30, 'not voting': 8})
  [32m✓[0m  FL HB 693 (2026): sponsorship count matches (5)
  [32m✓[0m  FL SB 250 (2026): title matches
  [32m✓[0m  FL SB 250 (2026): latest_action matches
  [32m✓[0m  FL SB 250 (2026): vote event count matches (2)
  [32m✓[0m  FL SB 250 (2026): vote tally matches on 2025-12-10 ({'yes': 16, 'no': 0, 'other': 1})
  [32m✓[0m  FL SB 250 (2026): vote tally matches on 2026-01-14 ({'yes': 39, 'no': 0, 'not voting': 0})
  [32m✓[0m  FL SB 250 (2026): sponsorship count matches (2)
  [32m✓[0m  FL SB 962 (2026): title matches
  [32m✓[0m  FL SB 962 (2026): latest_action matches
  [32m✓[0m  FL SB 962 (2026): vote event count matches (5)
  [32m✓[0m  FL SB 962 (2026): vote tally matches on 2026-01-27 ({'yes': 8, 'no': 0, 'other': 0})
  [32m✓[0m  FL SB 962 (2026): vote tally matches on 2026-02-03 ({'yes': 4, 'no': 0, 'other': 1})
  [32m✓[0m  FL SB 962 (2026): vote tally matches on 2026-02-17 ({'yes': 24, 'no': 0, 'other': 0})
  [32m✓[0m  FL SB 962 (2026): vote tally matches on 2026-02-19 ({'yes': 38, 'no': 0, 'not voting': 1})
  [32m✓[0m  FL SB 962 (2026): vote tally matches on 2026-03-11 ({'yes': 109, 'no': 2, 'not voting': 6})
  [32m✓[0m  FL SB 962 (2026): sponsorship count matches (1)
  [32m✓[0m  FL HB 1059 (2026): title matches
  [32m✓[0m  FL HB 1059 (2026): latest_action matches
  [32m✓[0m  FL HB 1059 (2026): vote event count matches (2)
  [32m✓[0m  FL HB 1059 (2026): vote tally matches on 2026-02-11 ({'yes': 14, 'no': 0, 'not voting': 3})
  [32m✓[0m  FL HB 1059 (2026): vote tally matches on 2026-02-26 ({'yes': 19, 'no': 0, 'not voting': 2})
  [32m✓[0m  FL HB 1059 (2026): sponsorship count matches (23)
  [32m✓[0m  FL HR 8085 (2026): title matches
  [32m✓[0m  FL HR 8085 (2026): latest_action matches
  [32m✓[0m  FL HR 8085 (2026): vote event count matches (0)
  [32m✓[0m  FL HR 8085 (2026): sponsorship count matches (1)
  [32m✓[0m  FL SB 1184 (2026): title matches
  [32m✓[0m  FL SB 1184 (2026): latest_action matches
  [32m✓[0m  FL SB 1184 (2026): vote event count matches (0)
  [32m✓[0m  FL SB 1184 (2026): sponsorship count matches (1)
  [32m✓[0m  FL HB 285 (2026): title matches
  [32m✓[0m  FL HB 285 (2026): latest_action matches
  [31m✗[0m  FL HB 285 (2026): local is MISSING votes vs live  [local=0 live=1]
  [32m✓[0m  FL HB 285 (2026): sponsorship count matches (3)
  [32m✓[0m  FL SB 310 (2026): title matches
  [32m✓[0m  FL SB 310 (2026): latest_action matches
  [32m✓[0m  FL SB 310 (2026): vote event count matches (0)
  [32m✓[0m  FL SB 310 (2026): sponsorship count matches (1)
  [32m✓[0m  FL SB 972 (2026): title matches
  [32m✓[0m  FL SB 972 (2026): latest_action matches
  [32m✓[0m  FL SB 972 (2026): vote event count matches (0)
  [32m✓[0m  FL SB 972 (2026): sponsorship count matches (1)
  [32m✓[0m  FL HB 655 (2026): title matches
  [32m✓[0m  FL HB 655 (2026): latest_action matches
  [33m~[0m  FL HB 655 (2026): local has MORE votes than live (our fix not merged?)  [local=5 live=2]
  [32m✓[0m  FL HB 655 (2026): vote tally matches on 2026-02-25 ({'yes': 116, 'no': 0, 'not voting': 1})
  [32m✓[0m  FL HB 655 (2026): vote tally matches on 2026-03-04 ({'yes': 37, 'no': 0, 'not voting': 2})
  [32m✓[0m  FL HB 655 (2026): sponsorship count matches (7)
  [32m✓[0m  FL HB 795 (2026): title matches
  [32m✓[0m  FL HB 795 (2026): latest_action matches
  [32m✓[0m  FL HB 795 (2026): vote event count matches (0)
  [32m✓[0m  FL HB 795 (2026): sponsorship count matches (1)
  [32m✓[0m  FL SB 1400 (2026): title matches
  [32m✓[0m  FL SB 1400 (2026): latest_action matches
  [32m✓[0m  FL SB 1400 (2026): vote event count matches (0)
  [32m✓[0m  FL SB 1400 (2026): sponsorship count matches (1)
  [32m✓[0m  FL SB 1288 (2026): title matches
  [32m✓[0m  FL SB 1288 (2026): latest_action matches
  [32m✓[0m  FL SB 1288 (2026): vote event count matches (3)
  [32m✓[0m  FL SB 1288 (2026): vote tally matches on 2026-01-20 ({'yes': 8, 'no': 0, 'other': 0})
  [32m✓[0m  FL SB 1288 (2026): vote tally matches on 2026-02-04 ({'yes': 11, 'no': 0, 'other': 0})
  [32m✓[0m  FL SB 1288 (2026): vote tally matches on 2026-02-18 ({'yes': 19, 'no': 0, 'other': 1})
  [32m✓[0m  FL SB 1288 (2026): sponsorship count matches (4)
  [32m✓[0m  FL SB 890 (2026): title matches
  [32m✓[0m  FL SB 890 (2026): latest_action matches
  [32m✓[0m  FL SB 890 (2026): vote event count matches (1)
  [32m✓[0m  FL SB 890 (2026): vote tally matches on 2026-01-20 ({'yes': 8, 'no': 0, 'other': 0})
  [32m✓[0m  FL SB 890 (2026): sponsorship count matches (2)
  [32m✓[0m  FL HB 1043 (2026): title matches
  [32m✓[0m  FL HB 1043 (2026): latest_action matches
  [32m✓[0m  FL HB 1043 (2026): vote event count matches (0)
  [32m✓[0m  FL HB 1043 (2026): sponsorship count matches (3)
  [32m✓[0m  FL SB 1328 (2026): title matches
  [32m✓[0m  FL SB 1328 (2026): latest_action matches
  [32m✓[0m  FL SB 1328 (2026): vote event count matches (0)
  [32m✓[0m  FL SB 1328 (2026): sponsorship count matches (1)
  [32m✓[0m  FL SB 616 (2026): title matches
  [32m✓[0m  FL SB 616 (2026): latest_action matches
  [32m✓[0m  FL SB 616 (2026): vote event count matches (0)
  [32m✓[0m  FL SB 616 (2026): sponsorship count matches (1)
  [32m✓[0m  FL HB 1541 (2026): title matches
  [32m✓[0m  FL HB 1541 (2026): latest_action matches
  [32m✓[0m  FL HB 1541 (2026): vote event count matches (0)
  [32m✓[0m  FL HB 1541 (2026): sponsorship count matches (1)
  [32m✓[0m  FL HB 6017 (2026): title matches
  [32m✓[0m  FL HB 6017 (2026): latest_action matches
  [32m✓[0m  FL HB 6017 (2026): vote event count matches (0)
  [32m✓[0m  FL HB 6017 (2026): sponsorship count matches (1)
  [32m✓[0m  FL SB 1758 (2026): title matches
  [32m✓[0m  FL SB 1758 (2026): latest_action matches
  [32m✓[0m  FL SB 1758 (2026): vote event count matches (3)
  [32m✓[0m  FL SB 1758 (2026): vote tally matches on 2026-02-02 ({'yes': 8, 'no': 3, 'other': 0})
  [32m✓[0m  FL SB 1758 (2026): vote tally matches on 2026-03-02 ({'yes': 14, 'no': 4, 'other': 0})
  [32m✓[0m  FL SB 1758 (2026): vote tally matches on 2026-03-09 ({'yes': 26, 'no': 11, 'not voting': 2})
  [32m✓[0m  FL SB 1758 (2026): sponsorship count matches (5)
    ...375/500
  [32m✓[0m  FL SB 1346 (2026): title matches
  [32m✓[0m  FL SB 1346 (2026): latest_action matches
  [32m✓[0m  FL SB 1346 (2026): vote event count matches (0)
  [32m✓[0m  FL SB 1346 (2026): sponsorship count matches (1)
  [32m✓[0m  FL SB 1590 (2026): title matches
  [32m✓[0m  FL SB 1590 (2026): latest_action matches
  [32m✓[0m  FL SB 1590 (2026): vote event count matches (0)
  [32m✓[0m  FL SB 1590 (2026): sponsorship count matches (1)
  [32m✓[0m  FL SB 1178 (2026): title matches
  [32m✓[0m  FL SB 1178 (2026): latest_action matches
  [32m✓[0m  FL SB 1178 (2026): vote event count matches (3)
  [32m✓[0m  FL SB 1178 (2026): vote tally matches on 2026-01-28 ({'yes': 7, 'no': 0, 'other': 1})
  [32m✓[0m  FL SB 1178 (2026): vote tally matches on 2026-02-03 ({'yes': 11, 'no': 0, 'other': 0})
  [32m✓[0m  FL SB 1178 (2026): vote tally matches on 2026-03-02 ({'yes': 11, 'no': 5, 'other': 2})
  [32m✓[0m  FL SB 1178 (2026): sponsorship count matches (4)
  [32m✓[0m  FL HB 1265 (2026): title matches
  [32m✓[0m  FL HB 1265 (2026): latest_action matches
  [31m✗[0m  FL HB 1265 (2026): local is MISSING votes vs live  [local=0 live=1]
  [32m✓[0m  FL HB 1265 (2026): sponsorship count matches (2)
  [32m✓[0m  FL HB 1399 (2026): title matches
  [32m✓[0m  FL HB 1399 (2026): latest_action matches
  [32m✓[0m  FL HB 1399 (2026): vote event count matches (1)
  [32m✓[0m  FL HB 1399 (2026): vote tally matches on 2026-02-04 ({'yes': 106, 'no': 3, 'not voting': 8})
  [32m✓[0m  FL HB 1399 (2026): sponsorship count matches (3)
  [32m✓[0m  FL SB 1692 (2026): title matches
  [32m✓[0m  FL SB 1692 (2026): latest_action matches
  [32m✓[0m  FL SB 1692 (2026): vote event count matches (0)
  [32m✓[0m  FL SB 1692 (2026): sponsorship count matches (1)
  [32m✓[0m  FL HB 1185 (2026): title matches
  [32m✓[0m  FL HB 1185 (2026): latest_action matches
  [32m✓[0m  FL HB 1185 (2026): vote event count matches (0)
  [32m✓[0m  FL HB 1185 (2026): sponsorship count matches (1)
  [32m✓[0m  FL HB 757 (2026): title matches
  [32m✓[0m  FL HB 757 (2026): latest_action matches
  [33m~[0m  FL HB 757 (2026): local has MORE votes than live (our fix not merged?)  [local=6 live=3]
  [32m✓[0m  FL HB 757 (2026): vote tally matches on 2026-02-25 ({'yes': 83, 'no': 25, 'not voting': 9})
  [32m✓[0m  FL HB 757 (2026): vote tally matches on 2026-03-11 ({'yes': 26, 'no': 10, 'not voting': 3})
  [32m✓[0m  FL HB 757 (2026): vote tally matches on 2026-03-12 ({'yes': 88, 'no': 20, 'not voting': 9})
  [32m✓[0m  FL HB 757 (2026): sponsorship count matches (7)
  [32m✓[0m  FL HB 1431 (2026): title matches
  [32m✓[0m  FL HB 1431 (2026): latest_action matches
  [32m✓[0m  FL HB 1431 (2026): vote event count matches (0)
  [32m✓[0m  FL HB 1431 (2026): sponsorship count matches (1)
  [32m✓[0m  FL HB 373 (2026): title matches
  [32m✓[0m  FL HB 373 (2026): latest_action matches
  [32m✓[0m  FL HB 373 (2026): vote event count matches (3)
  [32m✓[0m  FL HB 373 (2026): vote tally matches on 2025-12-02 ({'yes': 13, 'no': 0, 'not voting': 5})
  [32m✓[0m  FL HB 373 (2026): vote tally matches on 2026-02-12 ({'yes': 14, 'no': 0, 'not voting': 4})
  [32m✓[0m  FL HB 373 (2026): vote tally matches on 2026-02-17 ({'yes': 18, 'no': 0, 'not voting': 4})
  [32m✓[0m  FL HB 373 (2026): sponsorship count matches (3)
  [32m✓[0m  FL HB 1047 (2026): title matches
  [32m✓[0m  FL HB 1047 (2026): latest_action matches
  [32m✓[0m  FL HB 1047 (2026): vote event count matches (0)
  [32m✓[0m  FL HB 1047 (2026): sponsorship count matches (2)
  [32m✓[0m  FL HB 73 (2026): title matches
  [32m✓[0m  FL HB 73 (2026): latest_action matches
  [32m✓[0m  FL HB 73 (2026): vote event count matches (0)
  [32m✓[0m  FL HB 73 (2026): sponsorship count matches (4)
  [32m✓[0m  FL HB 121 (2026): title matches
  [32m✓[0m  FL HB 121 (2026): latest_action matches
  [32m✓[0m  FL HB 121 (2026): vote event count matches (1)
  [32m✓[0m  FL HB 121 (2026): vote tally matches on 2026-01-15 ({'yes': 107, 'no': 1, 'not voting': 9})
  [32m✓[0m  FL HB 121 (2026): sponsorship count matches (7)
  [32m✓[0m  FL HB 1273 (2026): title matches
  [32m✓[0m  FL HB 1273 (2026): latest_action matches
  [32m✓[0m  FL HB 1273 (2026): vote event count matches (0)
  [32m✓[0m  FL HB 1273 (2026): sponsorship count matches (2)
  [32m✓[0m  FL HB 827 (2026): title matches
  [32m✓[0m  FL HB 827 (2026): latest_action matches
  [32m✓[0m  FL HB 827 (2026): vote event count matches (1)
  [32m✓[0m  FL HB 827 (2026): vote tally matches on 2026-01-29 ({'yes': 14, 'no': 0, 'not voting': 4})
  [32m✓[0m  FL HB 827 (2026): sponsorship count matches (3)
  [32m✓[0m  FL HB 1319 (2026): title matches
  [32m✓[0m  FL HB 1319 (2026): latest_action matches
  [32m✓[0m  FL HB 1319 (2026): vote event count matches (0)
  [32m✓[0m  FL HB 1319 (2026): sponsorship count matches (1)
  [32m✓[0m  FL HB 1189 (2026): title matches
  [32m✓[0m  FL HB 1189 (2026): latest_action matches
  [32m✓[0m  FL HB 1189 (2026): vote event count matches (0)
  [32m✓[0m  FL HB 1189 (2026): sponsorship count matches (3)
  [32m✓[0m  FL SB 1702 (2026): title matches
  [32m✓[0m  FL SB 1702 (2026): latest_action matches
  [32m✓[0m  FL SB 1702 (2026): vote event count matches (0)
  [32m✓[0m  FL SB 1702 (2026): sponsorship count matches (1)
  [32m✓[0m  FL SB 180 (2026): title matches
  [32m✓[0m  FL SB 180 (2026): latest_action matches
  [32m✓[0m  FL SB 180 (2026): vote event count matches (0)
  [32m✓[0m  FL SB 180 (2026): sponsorship count matches (1)
  [32m✓[0m  FL SB 286 (2026): title matches
  [32m✓[0m  FL SB 286 (2026): latest_action matches
  [32m✓[0m  FL SB 286 (2026): vote event count matches (0)
  [32m✓[0m  FL SB 286 (2026): sponsorship count matches (1)
  [32m✓[0m  FL HR 8115 (2026): title matches
  [32m✓[0m  FL HR 8115 (2026): latest_action matches
  [32m✓[0m  FL HR 8115 (2026): vote event count matches (0)
  [32m✓[0m  FL HR 8115 (2026): sponsorship count matches (1)
  [32m✓[0m  FL HB 723 (2026): title matches
  [32m✓[0m  FL HB 723 (2026): latest_action matches
  [32m✓[0m  FL HB 723 (2026): vote event count matches (0)
  [32m✓[0m  FL HB 723 (2026): sponsorship count matches (1)
  [32m✓[0m  FL SB 356 (2026): title matches
  [32m✓[0m  FL SB 356 (2026): latest_action matches
  [32m✓[0m  FL SB 356 (2026): vote event count matches (1)
  [32m✓[0m  FL SB 356 (2026): vote tally matches on 2025-12-09 ({'yes': 3, 'no': 2, 'other': 3})
  [32m✓[0m  FL SB 356 (2026): sponsorship count matches (1)
  [32m✓[0m  FL SB 1674 (2026): title matches
  [32m✓[0m  FL SB 1674 (2026): latest_action matches
  [32m✓[0m  FL SB 1674 (2026): vote event count matches (0)
  [32m✓[0m  FL SB 1674 (2026): sponsorship count matches (1)
  [32m✓[0m  FL SB 2506 (2026): title matches
  [32m✓[0m  FL SB 2506 (2026): latest_action matches
  [32m✓[0m  FL SB 2506 (2026): vote event count matches (2)
  [32m✓[0m  FL SB 2506 (2026): vote tally matches on 2026-02-18 ({'yes': 17, 'no': 1, 'other': 0})
  [32m✓[0m  FL SB 2506 (2026): vote tally matches on 2026-02-20 ({'yes': 36, 'no': 0, 'not voting': 3})
  [32m✓[0m  FL SB 2506 (2026): sponsorship count matches (1)
    ...400/500
  [32m✓[0m  FL HR 8077 (2026): title matches
  [32m✓[0m  FL HR 8077 (2026): latest_action matches
  [32m✓[0m  FL HR 8077 (2026): vote event count matches (0)
  [32m✓[0m  FL HR 8077 (2026): sponsorship count matches (1)
  [32m✓[0m  FL HB 189 (2026): title matches
  [32m✓[0m  FL HB 189 (2026): latest_action matches
  [31m✗[0m  FL HB 189 (2026): local is MISSING votes vs live  [local=0 live=3]
  [32m✓[0m  FL HB 189 (2026): sponsorship count matches (7)
  [32m✓[0m  FL SB 412 (2026): title matches
  [32m✓[0m  FL SB 412 (2026): latest_action matches
  [32m✓[0m  FL SB 412 (2026): vote event count matches (0)
  [32m✓[0m  FL SB 412 (2026): sponsorship count matches (1)
  [32m✓[0m  FL HB 6517 (2026): title matches
  [32m✓[0m  FL HB 6517 (2026): latest_action matches
  [33m~[0m  FL HB 6517 (2026): local has MORE votes than live (our fix not merged?)  [local=4 live=2]
  [32m✓[0m  FL HB 6517 (2026): vote tally matches on 2026-02-04 ({'yes': 107, 'no': 0, 'not voting': 10})
  [32m✓[0m  FL HB 6517 (2026): vote tally matches on 2026-02-11 ({'yes': 39, 'no': 0, 'not voting': 0})
  [32m✓[0m  FL HB 6517 (2026): sponsorship count matches (4)
  [32m✓[0m  FL SB 1114 (2026): title matches
  [32m✓[0m  FL SB 1114 (2026): latest_action matches
  [32m✓[0m  FL SB 1114 (2026): vote event count matches (0)
  [32m✓[0m  FL SB 1114 (2026): sponsorship count matches (1)
  [32m✓[0m  FL SB 898 (2026): title matches
  [32m✓[0m  FL SB 898 (2026): latest_action matches
  [32m✓[0m  FL SB 898 (2026): vote event count matches (0)
  [32m✓[0m  FL SB 898 (2026): sponsorship count matches (1)
  [32m✓[0m  FL HB 979 (2026): title matches
  [32m✓[0m  FL HB 979 (2026): latest_action matches
  [32m✓[0m  FL HB 979 (2026): vote event count matches (3)
  [32m✓[0m  FL HB 979 (2026): vote tally matches on 2026-02-05 ({'yes': 12, 'no': 2, 'not voting': 3})
  [32m✓[0m  FL HB 979 (2026): vote tally matches on 2026-02-18 ({'yes': 17, 'no': 3, 'not voting': 6})
  [32m✓[0m  FL HB 979 (2026): vote tally matches on 2026-02-24 ({'yes': 20, 'no': 3, 'not voting': 3})
  [32m✓[0m  FL HB 979 (2026): sponsorship count matches (3)
  [32m✓[0m  FL SB 1620 (2026): title matches
  [32m✓[0m  FL SB 1620 (2026): latest_action matches
  [32m✓[0m  FL SB 1620 (2026): vote event count matches (3)
  [32m✓[0m  FL SB 1620 (2026): vote tally matches on 2026-02-03 ({'yes': 6, 'no': 0, 'other': 2})
  [32m✓[0m  FL SB 1620 (2026): vote tally matches on 2026-02-10 ({'yes': 11, 'no': 0, 'other': 0})
  [32m✓[0m  FL SB 1620 (2026): vote tally matches on 2026-03-03 ({'yes': 22, 'no': 0, 'other': 2})
  [32m✓[0m  FL SB 1620 (2026): sponsorship count matches (4)
  [32m✓[0m  FL SB 104 (2026): title matches
  [32m✓[0m  FL SB 104 (2026): latest_action matches
  [32m✓[0m  FL SB 104 (2026): vote event count matches (3)
  [32m✓[0m  FL SB 104 (2026): vote tally matches on 2026-01-15 ({'yes': 23, 'no': 0, 'other': 1})
  [32m✓[0m  FL SB 104 (2026): vote tally matches on 2026-01-22 ({'yes': 36, 'no': 0, 'not voting': 3})
  [32m✓[0m  FL SB 104 (2026): vote tally matches on 2026-03-09 ({'yes': 107, 'no': 0, 'not voting': 10})
  [32m✓[0m  FL SB 104 (2026): sponsorship count matches (1)
  [32m✓[0m  FL SR 1812 (2026): title matches
  [32m✓[0m  FL SR 1812 (2026): latest_action matches
  [32m✓[0m  FL SR 1812 (2026): vote event count matches (0)
  [32m✓[0m  FL SR 1812 (2026): sponsorship count matches (1)
  [32m✓[0m  FL SB 1464 (2026): title matches
  [32m✓[0m  FL SB 1464 (2026): latest_action matches
  [32m✓[0m  FL SB 1464 (2026): vote event count matches (0)
  [32m✓[0m  FL SB 1464 (2026): sponsorship count matches (1)
  [32m✓[0m  FL HR 8031 (2026): title matches
  [32m✓[0m  FL HR 8031 (2026): latest_action matches
  [32m✓[0m  FL HR 8031 (2026): vote event count matches (0)
  [32m✓[0m  FL HR 8031 (2026): sponsorship count matches (1)
  [32m✓[0m  FL HB 7015 (2026): title matches
  [32m✓[0m  FL HB 7015 (2026): latest_action matches
  [32m✓[0m  FL HB 7015 (2026): vote event count matches (3)
  [32m✓[0m  FL HB 7015 (2026): vote tally matches on 2025-12-10 ({'yes': 13, 'no': 0, 'not voting': 6})
  [32m✓[0m  FL HB 7015 (2026): vote tally matches on 2026-01-20 ({'yes': 14, 'no': 0, 'not voting': 3})
  [32m✓[0m  FL HB 7015 (2026): vote tally matches on 2026-01-27 ({'yes': 25, 'no': 0, 'not voting': 1})
  [32m✓[0m  FL HB 7015 (2026): sponsorship count matches (2)
  [32m✓[0m  FL SB 664 (2026): title matches
  [32m✓[0m  FL SB 664 (2026): latest_action matches
  [32m✓[0m  FL SB 664 (2026): vote event count matches (0)
  [32m✓[0m  FL SB 664 (2026): sponsorship count matches (1)
  [32m✓[0m  FL SB 244 (2026): title matches
  [32m✓[0m  FL SB 244 (2026): latest_action matches
  [32m✓[0m  FL SB 244 (2026): vote event count matches (0)
  [32m✓[0m  FL SB 244 (2026): sponsorship count matches (1)
  [32m✓[0m  FL HB 1515 (2026): title matches
  [32m✓[0m  FL HB 1515 (2026): latest_action matches
  [32m✓[0m  FL HB 1515 (2026): vote event count matches (3)
  [32m✓[0m  FL HB 1515 (2026): vote tally matches on 2026-03-03 ({'yes': 110, 'no': 0, 'not voting': 7})
  [32m✓[0m  FL HB 1515 (2026): vote tally matches on 2026-03-04 ({'yes': 37, 'no': 0, 'not voting': 2})
  [32m✓[0m  FL HB 1515 (2026): vote tally matches on 2026-03-12 ({'yes': 109, 'no': 0, 'not voting': 8})
  [32m✓[0m  FL HB 1515 (2026): sponsorship count matches (3)
  [32m✓[0m  FL SR 1816 (2026): title matches
  [32m✓[0m  FL SR 1816 (2026): latest_action matches
  [32m✓[0m  FL SR 1816 (2026): vote event count matches (0)
  [32m✓[0m  FL SR 1816 (2026): sponsorship count matches (1)
  [32m✓[0m  FL HB 4019 (2026): title matches
  [32m✓[0m  FL HB 4019 (2026): latest_action matches
  [32m✓[0m  FL HB 4019 (2026): vote event count matches (2)
  [32m✓[0m  FL HB 4019 (2026): vote tally matches on 2026-02-11 ({'yes': 112, 'no': 0, 'not voting': 5})
  [32m✓[0m  FL HB 4019 (2026): vote tally matches on 2026-03-11 ({'yes': 36, 'no': 0, 'not voting': 3})
  [32m✓[0m  FL HB 4019 (2026): sponsorship count matches (1)
  [32m✓[0m  FL SB 1330 (2026): title matches
  [32m✓[0m  FL SB 1330 (2026): latest_action matches
  [32m✓[0m  FL SB 1330 (2026): vote event count matches (0)
  [32m✓[0m  FL SB 1330 (2026): sponsorship count matches (1)
  [32m✓[0m  FL SB 688 (2026): title matches
  [32m✓[0m  FL SB 688 (2026): latest_action matches
  [32m✓[0m  FL SB 688 (2026): vote event count matches (5)
  [32m✓[0m  FL SB 688 (2026): vote tally matches on 2026-02-11 ({'yes': 8, 'no': 3, 'other': 0})
  [32m✓[0m  FL SB 688 (2026): vote tally matches on 2026-02-25 ({'yes': 5, 'no': 1, 'other': 3})
  [32m✓[0m  FL SB 688 (2026): vote tally matches on 2026-03-02 ({'yes': 18, 'no': 0, 'other': 2})
  [32m✓[0m  FL SB 688 (2026): vote tally matches on 2026-03-05 ({'yes': 33, 'no': 3, 'not voting': 3})
  [32m✓[0m  FL SB 688 (2026): vote tally matches on 2026-03-11 ({'yes': 85, 'no': 22, 'not voting': 10})
  [32m✓[0m  FL SB 688 (2026): sponsorship count matches (2)
  [32m✓[0m  FL SB 7040 (2026): title matches
  [32m✓[0m  FL SB 7040 (2026): latest_action matches
  [32m✓[0m  FL SB 7040 (2026): vote event count matches (7)
  [32m✓[0m  FL SB 7040 (2026): vote tally matches on 2026-02-05 ({'yes': 12, 'no': 5, 'other': 1})
  [32m✓[0m  FL SB 7040 (2026): vote tally matches on 2026-02-11 ({'yes': 27, 'no': 12, 'not voting': 0})
  [32m✓[0m  FL SB 7040 (2026): vote tally matches on 2026-02-11 ({'yes': 12, 'no': 27, 'not voting': 0})
  [32m✓[0m  FL SB 7040 (2026): vote tally matches on 2026-02-11 ({'yes': 29, 'no': 7, 'not voting': 3})
  [32m✓[0m  FL SB 7040 (2026): vote tally matches on 2026-03-09 ({'yes': 82, 'no': 25, 'not voting': 10})
  [32m✓[0m  FL SB 7040 (2026): vote tally matches on 2026-03-13 ({'yes': 80, 'no': 20, 'not voting': 17})
  [32m✓[0m  FL SB 7040 (2026): vote tally matches on 2026-03-13 ({'yes': 29, 'no': 7, 'not voting': 3})
  [32m✓[0m  FL SB 7040 (2026): sponsorship count matches (1)
  [32m✓[0m  FL SB 592 (2026): title matches
  [32m✓[0m  FL SB 592 (2026): latest_action matches
  [32m✓[0m  FL SB 592 (2026): vote event count matches (0)
  [32m✓[0m  FL SB 592 (2026): sponsorship count matches (1)
  [32m✓[0m  FL SB 7038 (2026): title matches
  [32m✓[0m  FL SB 7038 (2026): latest_action matches
  [32m✓[0m  FL SB 7038 (2026): vote event count matches (3)
  [32m✓[0m  FL SB 7038 (2026): vote tally matches on 2026-02-04 ({'yes': 6, 'no': 0, 'other': 0})
  [32m✓[0m  FL SB 7038 (2026): vote tally matches on 2026-02-18 ({'yes': 9, 'no': 0, 'other': 1})
  [32m✓[0m  FL SB 7038 (2026): vote tally matches on 2026-02-24 ({'yes': 23, 'no': 0, 'other': 1})
  [32m✓[0m  FL SB 7038 (2026): sponsorship count matches (3)
  [32m✓[0m  FL SB 1736 (2026): title matches
  [32m✓[0m  FL SB 1736 (2026): latest_action matches
  [32m✓[0m  FL SB 1736 (2026): vote event count matches (0)
  [32m✓[0m  FL SB 1736 (2026): sponsorship count matches (1)
  [32m✓[0m  FL HB 1123 (2026): title matches
  [32m✓[0m  FL HB 1123 (2026): latest_action matches
  [32m✓[0m  FL HB 1123 (2026): vote event count matches (0)
  [32m✓[0m  FL HB 1123 (2026): sponsorship count matches (1)
    ...425/500
  [32m✓[0m  FL SB 1252 (2026): title matches
  [32m✓[0m  FL SB 1252 (2026): latest_action matches
  [32m✓[0m  FL SB 1252 (2026): vote event count matches (0)
  [32m✓[0m  FL SB 1252 (2026): sponsorship count matches (1)
  [32m✓[0m  FL SB 422 (2026): title matches
  [32m✓[0m  FL SB 422 (2026): latest_action matches
  [32m✓[0m  FL SB 422 (2026): vote event count matches (5)
  [32m✓[0m  FL SB 422 (2026): vote tally matches on 2026-01-27 ({'yes': 9, 'no': 0, 'other': 0})
  [32m✓[0m  FL SB 422 (2026): vote tally matches on 2026-02-04 ({'yes': 7, 'no': 1, 'other': 2})
  [32m✓[0m  FL SB 422 (2026): vote tally matches on 2026-02-17 ({'yes': 24, 'no': 0, 'other': 0})
  [32m✓[0m  FL SB 422 (2026): vote tally matches on 2026-02-19 ({'yes': 36, 'no': 2, 'not voting': 1})
  [32m✓[0m  FL SB 422 (2026): vote tally matches on 2026-03-10 ({'yes': 108, 'no': 2, 'not voting': 7})
  [32m✓[0m  FL SB 422 (2026): sponsorship count matches (3)
  [32m✓[0m  FL HB 1539 (2026): title matches
  [32m✓[0m  FL HB 1539 (2026): latest_action matches
  [32m✓[0m  FL HB 1539 (2026): vote event count matches (0)
  [32m✓[0m  FL HB 1539 (2026): sponsorship count matches (1)
  [32m✓[0m  FL HB 183 (2026): title matches
  [32m✓[0m  FL HB 183 (2026): latest_action matches
  [32m✓[0m  FL HB 183 (2026): vote event count matches (0)
  [32m✓[0m  FL HB 183 (2026): sponsorship count matches (1)
  [32m✓[0m  FL SB 578 (2026): title matches
  [32m✓[0m  FL SB 578 (2026): latest_action matches
  [32m✓[0m  FL SB 578 (2026): vote event count matches (4)
  [32m✓[0m  FL SB 578 (2026): vote tally matches on 2026-01-12 ({'yes': 6, 'no': 0, 'other': 0})
  [32m✓[0m  FL SB 578 (2026): vote tally matches on 2026-01-28 ({'yes': 18, 'no': 0, 'other': 2})
  [32m✓[0m  FL SB 578 (2026): vote tally matches on 2026-02-04 ({'yes': 38, 'no': 0, 'not voting': 1})
  [32m✓[0m  FL SB 578 (2026): vote tally matches on 2026-03-11 ({'yes': 112, 'no': 0, 'not voting': 5})
  [32m✓[0m  FL SB 578 (2026): sponsorship count matches (2)
  [32m✓[0m  FL HB 257 (2026): title matches
  [32m✓[0m  FL HB 257 (2026): latest_action matches
  [32m✓[0m  FL HB 257 (2026): vote event count matches (0)
  [32m✓[0m  FL HB 257 (2026): sponsorship count matches (1)
  [32m✓[0m  FL SB 1128 (2026): title matches
  [32m✓[0m  FL SB 1128 (2026): latest_action matches
  [32m✓[0m  FL SB 1128 (2026): vote event count matches (1)
  [32m✓[0m  FL SB 1128 (2026): vote tally matches on 2026-02-10 ({'yes': 11, 'no': 0, 'other': 0})
  [32m✓[0m  FL SB 1128 (2026): sponsorship count matches (2)
  [32m✓[0m  FL SB 870 (2026): title matches
  [32m✓[0m  FL SB 870 (2026): latest_action matches
  [32m✓[0m  FL SB 870 (2026): vote event count matches (0)
  [32m✓[0m  FL SB 870 (2026): sponsorship count matches (1)
  [32m✓[0m  FL HB 1485 (2026): title matches
  [32m✓[0m  FL HB 1485 (2026): latest_action matches
  [32m✓[0m  FL HB 1485 (2026): vote event count matches (0)
  [32m✓[0m  FL HB 1485 (2026): sponsorship count matches (1)
  [32m✓[0m  FL SB 1212 (2026): title matches
  [32m✓[0m  FL SB 1212 (2026): latest_action matches
  [32m✓[0m  FL SB 1212 (2026): vote event count matches (0)
  [32m✓[0m  FL SB 1212 (2026): sponsorship count matches (1)
  [32m✓[0m  FL HB 4071 (2026): title matches
  [32m✓[0m  FL HB 4071 (2026): latest_action matches
  [33m~[0m  FL HB 4071 (2026): local has MORE votes than live (our fix not merged?)  [local=5 live=2]
  [32m✓[0m  FL HB 4071 (2026): vote tally matches on 2026-02-25 ({'yes': 116, 'no': 0, 'not voting': 1})
  [32m✓[0m  FL HB 4071 (2026): vote tally matches on 2026-03-11 ({'yes': 36, 'no': 0, 'not voting': 3})
  [32m✓[0m  FL HB 4071 (2026): sponsorship count matches (3)
  [32m✓[0m  FL SCR 338 (2026): title matches
  [32m✓[0m  FL SCR 338 (2026): latest_action matches
  [32m✓[0m  FL SCR 338 (2026): vote event count matches (0)
  [32m✓[0m  FL SCR 338 (2026): sponsorship count matches (1)
  [32m✓[0m  FL HB 6501 (2026): title matches
  [32m✓[0m  FL HB 6501 (2026): latest_action matches
  [32m✓[0m  FL HB 6501 (2026): vote event count matches (0)
  [32m✓[0m  FL HB 6501 (2026): sponsorship count matches (1)
  [31m✗[0m  FL SB 564 (2026): live API error  [HTTPSConnectionPool(host='v3.openstates.org', port=443): Read timed out. (read timeout=15)]
  [31m✗[0m  FL HR 8001 (2026): live API error  [HTTPSConnectionPool(host='v3.openstates.org', port=443): Read timed out. (read timeout=15)]
  [31m✗[0m  FL HR 8055 (2026): live API error  [HTTPSConnectionPool(host='v3.openstates.org', port=443): Read timed out. (read timeout=15)]
  [31m✗[0m  FL SB 1256 (2026): live API error  [HTTPSConnectionPool(host='v3.openstates.org', port=443): Read timed out. (read timeout=15)]
  [31m✗[0m  FL SB 618 (2026): live API error  [HTTPSConnectionPool(host='v3.openstates.org', port=443): Read timed out. (read timeout=15)]
  [32m✓[0m  FL SB 186 (2026): title matches
  [32m✓[0m  FL SB 186 (2026): latest_action matches
  [32m✓[0m  FL SB 186 (2026): vote event count matches (2)
  [32m✓[0m  FL SB 186 (2026): vote tally matches on 2026-02-11 ({'yes': 11, 'no': 0, 'other': 0})
  [32m✓[0m  FL SB 186 (2026): vote tally matches on 2026-02-24 ({'yes': 22, 'no': 0, 'other': 2})
  [32m✓[0m  FL SB 186 (2026): sponsorship count matches (3)
  [32m✓[0m  FL SB 1134 (2026): title matches
  [32m✓[0m  FL SB 1134 (2026): latest_action matches
  [32m✓[0m  FL SB 1134 (2026): vote event count matches (6)
  [32m✓[0m  FL SB 1134 (2026): vote tally matches on 2026-02-03 ({'yes': 6, 'no': 2, 'other': 0})
  [32m✓[0m  FL SB 1134 (2026): vote tally matches on 2026-02-10 ({'yes': 8, 'no': 3, 'other': 0})
  [32m✓[0m  FL SB 1134 (2026): vote tally matches on 2026-02-17 ({'yes': 19, 'no': 5, 'other': 0})
  [32m✓[0m  FL SB 1134 (2026): vote tally matches on 2026-03-04 ({'yes': 25, 'no': 11, 'not voting': 3})
  [32m✓[0m  FL SB 1134 (2026): vote tally matches on 2026-03-04 ({'yes': 13, 'no': 21, 'not voting': 5})
  [32m✓[0m  FL SB 1134 (2026): vote tally matches on 2026-03-10 ({'yes': 77, 'no': 37, 'not voting': 3})
  [32m✓[0m  FL SB 1134 (2026): sponsorship count matches (3)
  [32m✓[0m  FL SB 1112 (2026): title matches
  [32m✓[0m  FL SB 1112 (2026): latest_action matches
  [32m✓[0m  FL SB 1112 (2026): vote event count matches (4)
  [32m✓[0m  FL SB 1112 (2026): vote tally matches on 2026-01-28 ({'yes': 9, 'no': 0, 'other': 1})
  [32m✓[0m  FL SB 1112 (2026): vote tally matches on 2026-02-12 ({'yes': 13, 'no': 0, 'other': 1})
  [32m✓[0m  FL SB 1112 (2026): vote tally matches on 2026-02-24 ({'yes': 19, 'no': 0, 'other': 1})
  [32m✓[0m  FL SB 1112 (2026): vote tally matches on 2026-03-06 ({'yes': 34, 'no': 0, 'not voting': 5})
  [32m✓[0m  FL SB 1112 (2026): sponsorship count matches (1)
  [32m✓[0m  FL HB 1337 (2026): title matches
  [32m✓[0m  FL HB 1337 (2026): latest_action matches
  [32m✓[0m  FL HB 1337 (2026): vote event count matches (2)
  [32m✓[0m  FL HB 1337 (2026): vote tally matches on 2026-02-17 ({'yes': 110, 'no': 0, 'not voting': 7})
  [32m✓[0m  FL HB 1337 (2026): vote tally matches on 2026-02-26 ({'yes': 37, 'no': 0, 'not voting': 2})
  [32m✓[0m  FL HB 1337 (2026): sponsorship count matches (4)
  [32m✓[0m  FL HB 35 (2026): title matches
  [32m✓[0m  FL HB 35 (2026): latest_action matches
  [32m✓[0m  FL HB 35 (2026): vote event count matches (2)
  [32m✓[0m  FL HB 35 (2026): vote tally matches on 2026-02-25 ({'yes': 99, 'no': 15, 'not voting': 3})
  [32m✓[0m  FL HB 35 (2026): vote tally matches on 2026-03-12 ({'yes': 39, 'no': 0, 'not voting': 0})
  [32m✓[0m  FL HB 35 (2026): sponsorship count matches (2)
  [32m✓[0m  FL SB 600 (2026): title matches
  [32m✓[0m  FL SB 600 (2026): latest_action matches
  [32m✓[0m  FL SB 600 (2026): vote event count matches (4)
  [32m✓[0m  FL SB 600 (2026): vote tally matches on 2026-02-02 ({'yes': 8, 'no': 0, 'other': 0})
  [32m✓[0m  FL SB 600 (2026): vote tally matches on 2026-02-18 ({'yes': 8, 'no': 0, 'other': 0})
  [32m✓[0m  FL SB 600 (2026): vote tally matches on 2026-02-24 ({'yes': 23, 'no': 0, 'other': 1})
  [32m✓[0m  FL SB 600 (2026): vote tally matches on 2026-02-26 ({'yes': 36, 'no': 1, 'not voting': 2})
  [32m✓[0m  FL SB 600 (2026): sponsorship count matches (4)
  [32m✓[0m  FL SB 1760 (2026): title matches
  [32m✓[0m  FL SB 1760 (2026): latest_action matches
  [32m✓[0m  FL SB 1760 (2026): vote event count matches (2)
  [32m✓[0m  FL SB 1760 (2026): vote tally matches on 2026-02-11 ({'yes': 11, 'no': 0, 'other': 0})
  [32m✓[0m  FL SB 1760 (2026): vote tally matches on 2026-03-02 ({'yes': 18, 'no': 0, 'other': 0})
  [32m✓[0m  FL SB 1760 (2026): sponsorship count matches (9)
    ...450/500
  [31m✗[0m  FL SB 100 (2026): live API error  [HTTPSConnectionPool(host='v3.openstates.org', port=443): Read timed out. (read timeout=15)]
  [32m✓[0m  FL SB 1484 (2026): title matches
  [32m✓[0m  FL SB 1484 (2026): latest_action matches
  [32m✓[0m  FL SB 1484 (2026): vote event count matches (0)
  [32m✓[0m  FL SB 1484 (2026): sponsorship count matches (1)
  [32m✓[0m  FL SB 322 (2026): title matches
  [32m✓[0m  FL SB 322 (2026): latest_action matches
  [32m✓[0m  FL SB 322 (2026): vote event count matches (0)
  [32m✓[0m  FL SB 322 (2026): sponsorship count matches (1)
  [32m✓[0m  FL HB 305 (2026): title matches
  [32m✓[0m  FL HB 305 (2026): latest_action matches
  [32m✓[0m  FL HB 305 (2026): vote event count matches (0)
  [32m✓[0m  FL HB 305 (2026): sponsorship count matches (2)
  [32m✓[0m  FL HB 233 (2026): title matches
  [32m✓[0m  FL HB 233 (2026): latest_action matches
  [32m✓[0m  FL HB 233 (2026): vote event count matches (0)
  [32m✓[0m  FL HB 233 (2026): sponsorship count matches (1)
  [32m✓[0m  FL SB 240 (2026): title matches
  [32m✓[0m  FL SB 240 (2026): latest_action matches
  [32m✓[0m  FL SB 240 (2026): vote event count matches (1)
  [32m✓[0m  FL SB 240 (2026): vote tally matches on 2025-11-18 ({'yes': 8, 'no': 0, 'other': 0})
  [32m✓[0m  FL SB 240 (2026): sponsorship count matches (5)
  [32m✓[0m  FL SB 90 (2026): title matches
  [32m✓[0m  FL SB 90 (2026): latest_action matches
  [32m✓[0m  FL SB 90 (2026): vote event count matches (0)
  [32m✓[0m  FL SB 90 (2026): sponsorship count matches (1)
  [32m✓[0m  FL HB 79 (2026): title matches
  [32m✓[0m  FL HB 79 (2026): latest_action matches
  [31m✗[0m  FL HB 79 (2026): local is MISSING votes vs live  [local=0 live=1]
  [32m✓[0m  FL HB 79 (2026): sponsorship count matches (4)
  [32m✓[0m  FL HB 573 (2026): title matches
  [32m✓[0m  FL HB 573 (2026): latest_action matches
  [32m✓[0m  FL HB 573 (2026): vote event count matches (0)
  [32m✓[0m  FL HB 573 (2026): sponsorship count matches (1)
  [32m✓[0m  FL HB 263 (2026): title matches
  [32m✓[0m  FL HB 263 (2026): latest_action matches
  [32m✓[0m  FL HB 263 (2026): vote event count matches (0)
  [32m✓[0m  FL HB 263 (2026): sponsorship count matches (1)
  [32m✓[0m  FL HB 623 (2026): title matches
  [32m✓[0m  FL HB 623 (2026): latest_action matches
  [32m✓[0m  FL HB 623 (2026): vote event count matches (3)
  [32m✓[0m  FL HB 623 (2026): vote tally matches on 2026-01-14 ({'yes': 16, 'no': 0, 'not voting': 1})
  [32m✓[0m  FL HB 623 (2026): vote tally matches on 2026-01-21 ({'yes': 12, 'no': 0, 'not voting': 3})
  [32m✓[0m  FL HB 623 (2026): vote tally matches on 2026-01-27 ({'yes': 18, 'no': 1, 'not voting': 2})
  [32m✓[0m  FL HB 623 (2026): sponsorship count matches (3)
  [32m✓[0m  FL SB 1664 (2026): title matches
  [32m✓[0m  FL SB 1664 (2026): latest_action matches
  [32m✓[0m  FL SB 1664 (2026): vote event count matches (0)
  [32m✓[0m  FL SB 1664 (2026): sponsorship count matches (1)
  [32m✓[0m  FL HB 1195 (2026): title matches
  [32m✓[0m  FL HB 1195 (2026): latest_action matches
  [32m✓[0m  FL HB 1195 (2026): vote event count matches (0)
  [32m✓[0m  FL HB 1195 (2026): sponsorship count matches (1)
  [32m✓[0m  FL HB 673 (2026): title matches
  [32m✓[0m  FL HB 673 (2026): latest_action matches
  [32m✓[0m  FL HB 673 (2026): vote event count matches (1)
  [32m✓[0m  FL HB 673 (2026): vote tally matches on 2026-01-28 ({'yes': 15, 'no': 2, 'not voting': 1})
  [32m✓[0m  FL HB 673 (2026): sponsorship count matches (2)
  [32m✓[0m  FL SB 122 (2026): title matches
  [32m✓[0m  FL SB 122 (2026): latest_action matches
  [32m✓[0m  FL SB 122 (2026): vote event count matches (1)
  [32m✓[0m  FL SB 122 (2026): vote tally matches on 2025-12-09 ({'yes': 5, 'no': 1, 'other': 1})
  [32m✓[0m  FL SB 122 (2026): sponsorship count matches (1)
  [32m✓[0m  FL SB 596 (2026): title matches
  [32m✓[0m  FL SB 596 (2026): latest_action matches
  [32m✓[0m  FL SB 596 (2026): vote event count matches (0)
  [32m✓[0m  FL SB 596 (2026): sponsorship count matches (1)
  [32m✓[0m  FL SR 1804 (2026): title matches
  [32m✓[0m  FL SR 1804 (2026): latest_action matches
  [32m✓[0m  FL SR 1804 (2026): vote event count matches (0)
  [32m✓[0m  FL SR 1804 (2026): sponsorship count matches (1)
  [32m✓[0m  FL HB 831 (2026): title matches
  [32m✓[0m  FL HB 831 (2026): latest_action matches
  [32m✓[0m  FL HB 831 (2026): vote event count matches (2)
  [32m✓[0m  FL HB 831 (2026): vote tally matches on 2026-01-20 ({'yes': 16, 'no': 0, 'not voting': 1})
  [32m✓[0m  FL HB 831 (2026): vote tally matches on 2026-01-27 ({'yes': 20, 'no': 0, 'not voting': 1})
  [32m✓[0m  FL HB 831 (2026): sponsorship count matches (1)
  [32m✓[0m  FL HB 69 (2026): title matches
  [32m✓[0m  FL HB 69 (2026): latest_action matches
  [32m✓[0m  FL HB 69 (2026): vote event count matches (0)
  [32m✓[0m  FL HB 69 (2026): sponsorship count matches (1)
  [32m✓[0m  FL SB 132 (2026): title matches
  [32m✓[0m  FL SB 132 (2026): latest_action matches
  [32m✓[0m  FL SB 132 (2026): vote event count matches (2)
  [32m✓[0m  FL SB 132 (2026): vote tally matches on 2026-01-26 ({'yes': 7, 'no': 0, 'other': 1})
  [32m✓[0m  FL SB 132 (2026): vote tally matches on 2026-02-04 ({'yes': 8, 'no': 0, 'other': 0})
  [32m✓[0m  FL SB 132 (2026): sponsorship count matches (2)
  [32m✓[0m  FL SB 1744 (2026): title matches
  [32m✓[0m  FL SB 1744 (2026): latest_action matches
  [32m✓[0m  FL SB 1744 (2026): vote event count matches (0)
  [32m✓[0m  FL SB 1744 (2026): sponsorship count matches (1)
  [32m✓[0m  FL SB 1538 (2026): title matches
  [32m✓[0m  FL SB 1538 (2026): latest_action matches
  [32m✓[0m  FL SB 1538 (2026): vote event count matches (0)
  [32m✓[0m  FL SB 1538 (2026): sponsorship count matches (1)
  [32m✓[0m  FL HB 1553 (2026): title matches
  [32m✓[0m  FL HB 1553 (2026): latest_action matches
  [31m✗[0m  FL HB 1553 (2026): local is MISSING votes vs live  [local=0 live=1]
  [32m✓[0m  FL HB 1553 (2026): sponsorship count matches (2)
  [32m✓[0m  FL HB 161 (2026): title matches
  [32m✓[0m  FL HB 161 (2026): latest_action matches
  [32m✓[0m  FL HB 161 (2026): vote event count matches (0)
  [32m✓[0m  FL HB 161 (2026): sponsorship count matches (6)
  [31m✗[0m  FL SR 1764 (2026): live API error  [HTTPSConnectionPool(host='v3.openstates.org', port=443): Read timed out. (read timeout=15)]
    ...475/500
  [32m✓[0m  FL SB 300 (2026): title matches
  [32m✓[0m  FL SB 300 (2026): latest_action matches
  [32m✓[0m  FL SB 300 (2026): vote event count matches (0)
  [32m✓[0m  FL SB 300 (2026): sponsorship count matches (1)
  [32m✓[0m  FL HB 7001 (2026): title matches
  [32m✓[0m  FL HB 7001 (2026): latest_action matches
  [32m✓[0m  FL HB 7001 (2026): vote event count matches (3)
  [32m✓[0m  FL HB 7001 (2026): vote tally matches on 2025-11-04 ({'yes': 14, 'no': 0, 'not voting': 4})
  [32m✓[0m  FL HB 7001 (2026): vote tally matches on 2025-12-02 ({'yes': 16, 'no': 0, 'not voting': 1})
  [32m✓[0m  FL HB 7001 (2026): vote tally matches on 2026-01-22 ({'yes': 23, 'no': 0, 'not voting': 3})
  [32m✓[0m  FL HB 7001 (2026): sponsorship count matches (2)
  [32m✓[0m  FL HB 163 (2026): title matches
  [32m✓[0m  FL HB 163 (2026): latest_action matches
  [32m✓[0m  FL HB 163 (2026): vote event count matches (0)
  [32m✓[0m  FL HB 163 (2026): sponsorship count matches (2)
  [32m✓[0m  FL HR 8113 (2026): title matches
  [32m✓[0m  FL HR 8113 (2026): latest_action matches
  [32m✓[0m  FL HR 8113 (2026): vote event count matches (0)
  [32m✓[0m  FL HR 8113 (2026): sponsorship count matches (1)
  [32m✓[0m  FL SB 924 (2026): title matches
  [32m✓[0m  FL SB 924 (2026): latest_action matches
  [32m✓[0m  FL SB 924 (2026): vote event count matches (0)
  [32m✓[0m  FL SB 924 (2026): sponsorship count matches (1)
  [32m✓[0m  FL HB 1249 (2026): title matches
  [32m✓[0m  FL HB 1249 (2026): latest_action matches
  [31m✗[0m  FL HB 1249 (2026): local is MISSING votes vs live  [local=0 live=1]
  [32m✓[0m  FL HB 1249 (2026): sponsorship count matches (1)
  [32m✓[0m  FL SB 660 (2026): title matches
  [32m✓[0m  FL SB 660 (2026): latest_action matches
  [32m✓[0m  FL SB 660 (2026): vote event count matches (0)
  [32m✓[0m  FL SB 660 (2026): sponsorship count matches (1)
  [32m✓[0m  FL SB 548 (2026): title matches
  [32m✓[0m  FL SB 548 (2026): latest_action matches
  [32m✓[0m  FL SB 548 (2026): vote event count matches (1)
  [32m✓[0m  FL SB 548 (2026): vote tally matches on 2026-01-20 ({'yes': 8, 'no': 0, 'other': 0})
  [32m✓[0m  FL SB 548 (2026): sponsorship count matches (2)
  [32m✓[0m  FL HB 1333 (2026): title matches
  [32m✓[0m  FL HB 1333 (2026): latest_action matches
  [32m✓[0m  FL HB 1333 (2026): vote event count matches (0)
  [32m✓[0m  FL HB 1333 (2026): sponsorship count matches (1)
  [32m✓[0m  FL HB 131 (2026): title matches
  [32m✓[0m  FL HB 131 (2026): latest_action matches
  [32m✓[0m  FL HB 131 (2026): vote event count matches (2)
  [32m✓[0m  FL HB 131 (2026): vote tally matches on 2026-02-17 ({'yes': 110, 'no': 0, 'not voting': 7})
  [32m✓[0m  FL HB 131 (2026): vote tally matches on 2026-03-05 ({'yes': 36, 'no': 0, 'not voting': 3})
  [32m✓[0m  FL HB 131 (2026): sponsorship count matches (3)
  [32m✓[0m  FL HB 95 (2026): title matches
  [32m✓[0m  FL HB 95 (2026): latest_action matches
  [31m✗[0m  FL HB 95 (2026): local is MISSING votes vs live  [local=0 live=3]
  [32m✓[0m  FL HB 95 (2026): sponsorship count matches (20)
  [32m✓[0m  FL HB 727 (2026): title matches
  [32m✓[0m  FL HB 727 (2026): latest_action matches
  [32m✓[0m  FL HB 727 (2026): vote event count matches (0)
  [32m✓[0m  FL HB 727 (2026): sponsorship count matches (4)
  [32m✓[0m  FL HB 1003 (2026): title matches
  [32m✓[0m  FL HB 1003 (2026): latest_action matches
  [32m✓[0m  FL HB 1003 (2026): vote event count matches (1)
  [32m✓[0m  FL HB 1003 (2026): vote tally matches on 2026-02-05 ({'yes': 10, 'no': 5, 'not voting': 2})
  [32m✓[0m  FL HB 1003 (2026): sponsorship count matches (3)
  [32m✓[0m  FL SB 1086 (2026): title matches
  [32m✓[0m  FL SB 1086 (2026): latest_action matches
  [32m✓[0m  FL SB 1086 (2026): vote event count matches (0)
  [32m✓[0m  FL SB 1086 (2026): sponsorship count matches (1)
  [32m✓[0m  FL HB 705 (2026): title matches
  [32m✓[0m  FL HB 705 (2026): latest_action matches
  [32m✓[0m  FL HB 705 (2026): vote event count matches (0)
  [32m✓[0m  FL HB 705 (2026): sponsorship count matches (1)
  [32m✓[0m  FL HR 8107 (2026): title matches
  [32m✓[0m  FL HR 8107 (2026): latest_action matches
  [32m✓[0m  FL HR 8107 (2026): vote event count matches (0)
  [32m✓[0m  FL HR 8107 (2026): sponsorship count matches (2)
  [32m✓[0m  FL HB 4037 (2026): title matches
  [32m✓[0m  FL HB 4037 (2026): latest_action matches
  [32m✓[0m  FL HB 4037 (2026): vote event count matches (2)
  [32m✓[0m  FL HB 4037 (2026): vote tally matches on 2026-02-25 ({'yes': 115, 'no': 0, 'not voting': 2})
  [32m✓[0m  FL HB 4037 (2026): vote tally matches on 2026-03-11 ({'yes': 36, 'no': 0, 'not voting': 3})
  [32m✓[0m  FL HB 4037 (2026): sponsorship count matches (1)
  [32m✓[0m  FL SB 1462 (2026): title matches
  [32m✓[0m  FL SB 1462 (2026): latest_action matches
  [32m✓[0m  FL SB 1462 (2026): vote event count matches (1)
  [32m✓[0m  FL SB 1462 (2026): vote tally matches on 2026-02-03 ({'yes': 4, 'no': 0, 'other': 2})
  [32m✓[0m  FL SB 1462 (2026): sponsorship count matches (2)
  [32m✓[0m  FL SB 1044 (2026): title matches
  [32m✓[0m  FL SB 1044 (2026): latest_action matches
  [32m✓[0m  FL SB 1044 (2026): vote event count matches (0)
  [32m✓[0m  FL SB 1044 (2026): sponsorship count matches (1)
  [32m✓[0m  FL HB 1207 (2026): title matches
  [32m✓[0m  FL HB 1207 (2026): latest_action matches
  [33m~[0m  FL HB 1207 (2026): local has MORE votes than live (our fix not merged?)  [local=4 live=1]
  [32m✓[0m  FL HB 1207 (2026): vote tally matches on 2026-03-03 ({'yes': 109, 'no': 0, 'not voting': 8})
  [32m✓[0m  FL HB 1207 (2026): sponsorship count matches (3)
  [32m✓[0m  FL HB 507 (2026): title matches
  [32m✓[0m  FL HB 507 (2026): latest_action matches
  [32m✓[0m  FL HB 507 (2026): vote event count matches (1)
  [32m✓[0m  FL HB 507 (2026): vote tally matches on 2026-01-14 ({'yes': 16, 'no': 1, 'not voting': 0})
  [32m✓[0m  FL HB 507 (2026): sponsorship count matches (5)
  [32m✓[0m  FL HB 6007 (2026): title matches
  [32m✓[0m  FL HB 6007 (2026): latest_action matches
  [32m✓[0m  FL HB 6007 (2026): vote event count matches (0)
  [32m✓[0m  FL HB 6007 (2026): sponsorship count matches (1)
  [32m✓[0m  FL HB 143 (2026): title matches
  [32m✓[0m  FL HB 143 (2026): latest_action matches
  [32m✓[0m  FL HB 143 (2026): vote event count matches (0)
  [32m✓[0m  FL HB 143 (2026): sponsorship count matches (2)
  [32m✓[0m  FL SB 908 (2026): title matches
  [32m✓[0m  FL SB 908 (2026): latest_action matches
  [32m✓[0m  FL SB 908 (2026): vote event count matches (0)
  [32m✓[0m  FL SB 908 (2026): sponsorship count matches (1)

────────────────────────────────────────────────────────────
  2265/2358 passed  |  28 warnings  |  65 failures  |  0 skipped
────────────────────────────────────────────────────────────
