=== 2026-08-12T01:32:30Z starting FL 2026 (tier2=500 random) ===

════════════════════════════════════════════════════════════
  COVERAGE CHECK: FL 2026
════════════════════════════════════════════════════════════
  Fetching full identifier set from live API (paginated)...
    ...page 2 failed (ReadTimeout), retry 1/3 in 1s
    ...page 2 failed (ReadTimeout), retry 2/3 in 2s
    ...page 3 failed (ReadTimeout), retry 1/3 in 1s
    ...page 50/97, 1000 identifiers so far
    ...page 54 failed (ReadTimeout), retry 1/3 in 1s
    ...page 54 failed (ReadTimeout), retry 2/3 in 2s
    ...page 54 failed (ReadTimeout), retry 3/3 in 4s
    ...page 71 failed (ReadTimeout), retry 1/3 in 1s
    ...page 71 failed (ReadTimeout), retry 2/3 in 2s
    ...page 71 failed (ReadTimeout), retry 3/3 in 4s
    ...page 72 failed (ReadTimeout), retry 1/3 in 1s
    ...page 72 failed (ReadTimeout), retry 2/3 in 2s
    ...page 72 failed (ReadTimeout), retry 3/3 in 4s
    ...page 73 failed (ReadTimeout), retry 1/3 in 1s
    ...page 73 failed (ReadTimeout), retry 2/3 in 2s
    ...page 73 failed (ReadTimeout), retry 3/3 in 4s
Traceback (most recent call last):
  File "/Users/agentsmith/Library/Python/3.9/lib/python/site-packages/urllib3/connectionpool.py", line 468, in _make_request
    six.raise_from(e, None)
  File "<string>", line 3, in raise_from
  File "/Users/agentsmith/Library/Python/3.9/lib/python/site-packages/urllib3/connectionpool.py", line 463, in _make_request
    httplib_response = conn.getresponse()
  File "/Applications/Xcode.app/Contents/Developer/Library/Frameworks/Python3.framework/Versions/3.9/lib/python3.9/http/client.py", line 1349, in getresponse
    response.begin()
  File "/Applications/Xcode.app/Contents/Developer/Library/Frameworks/Python3.framework/Versions/3.9/lib/python3.9/http/client.py", line 316, in begin
    version, status, reason = self._read_status()
  File "/Applications/Xcode.app/Contents/Developer/Library/Frameworks/Python3.framework/Versions/3.9/lib/python3.9/http/client.py", line 277, in _read_status
    line = str(self.fp.readline(_MAXLINE + 1), "iso-8859-1")
  File "/Applications/Xcode.app/Contents/Developer/Library/Frameworks/Python3.framework/Versions/3.9/lib/python3.9/socket.py", line 704, in readinto
    return self._sock.recv_into(b)
  File "/Applications/Xcode.app/Contents/Developer/Library/Frameworks/Python3.framework/Versions/3.9/lib/python3.9/ssl.py", line 1241, in recv_into
    return self.read(nbytes, buffer)
  File "/Applications/Xcode.app/Contents/Developer/Library/Frameworks/Python3.framework/Versions/3.9/lib/python3.9/ssl.py", line 1099, in read
    return self._sslobj.read(len, buffer)
socket.timeout: The read operation timed out

During handling of the above exception, another exception occurred:

Traceback (most recent call last):
  File "/Users/agentsmith/Library/Python/3.9/lib/python/site-packages/requests/adapters.py", line 644, in send
    resp = conn.urlopen(
  File "/Users/agentsmith/Library/Python/3.9/lib/python/site-packages/urllib3/connectionpool.py", line 802, in urlopen
    retries = retries.increment(
  File "/Users/agentsmith/Library/Python/3.9/lib/python/site-packages/urllib3/util/retry.py", line 552, in increment
    raise six.reraise(type(error), error, _stacktrace)
  File "/Users/agentsmith/Library/Python/3.9/lib/python/site-packages/urllib3/packages/six.py", line 770, in reraise
    raise value
  File "/Users/agentsmith/Library/Python/3.9/lib/python/site-packages/urllib3/connectionpool.py", line 716, in urlopen
    httplib_response = self._make_request(
  File "/Users/agentsmith/Library/Python/3.9/lib/python/site-packages/urllib3/connectionpool.py", line 470, in _make_request
    self._raise_timeout(err=e, url=url, timeout_value=read_timeout)
  File "/Users/agentsmith/Library/Python/3.9/lib/python/site-packages/urllib3/connectionpool.py", line 358, in _raise_timeout
    raise ReadTimeoutError(
urllib3.exceptions.ReadTimeoutError: HTTPSConnectionPool(host='v3.openstates.org', port=443): Read timed out. (read timeout=30)

During handling of the above exception, another exception occurred:

Traceback (most recent call last):
  File "/Users/agentsmith/Developer/repos/ddp-open-states-dev/quality_check.py", line 874, in <module>
    main()
  File "/Users/agentsmith/Developer/repos/ddp-open-states-dev/quality_check.py", line 773, in main
    run_coverage_check(report, conn, jurisdiction, session, LIVE_KEY,
  File "/Users/agentsmith/Developer/repos/ddp-open-states-dev/quality_check.py", line 624, in run_coverage_check
    public_ids = fetch_all_public_identifiers(jurisdiction, session, api_key)
  File "/Users/agentsmith/Developer/repos/ddp-open-states-dev/quality_check.py", line 246, in fetch_all_public_identifiers
    r = requests.get(f"{LIVE_API}/bills", params={
  File "/Users/agentsmith/Library/Python/3.9/lib/python/site-packages/requests/api.py", line 73, in get
    return request("get", url, params=params, **kwargs)
  File "/Users/agentsmith/Library/Python/3.9/lib/python/site-packages/requests/api.py", line 59, in request
    return session.request(method=method, url=url, **kwargs)
  File "/Users/agentsmith/Library/Python/3.9/lib/python/site-packages/requests/sessions.py", line 589, in request
    resp = self.send(prep, **send_kwargs)
  File "/Users/agentsmith/Library/Python/3.9/lib/python/site-packages/requests/sessions.py", line 703, in send
    r = adapter.send(request, **kwargs)
  File "/Users/agentsmith/Library/Python/3.9/lib/python/site-packages/requests/adapters.py", line 690, in send
    raise ReadTimeout(e, request=request)
requests.exceptions.ReadTimeout: HTTPSConnectionPool(host='v3.openstates.org', port=443): Read timed out. (read timeout=30)
=== 2026-08-12T01:43:49Z starting WA 2025-2026 (tier2=500 random) ===

════════════════════════════════════════════════════════════
  COVERAGE CHECK: WA 2025-2026
════════════════════════════════════════════════════════════
  Fetching full identifier set from live API (paginated)...
    ...page 1 failed (ReadTimeout), retry 1/3 in 1s
    ...page 13 failed (ReadTimeout), retry 1/3 in 1s
    ...page 13 failed (ReadTimeout), retry 2/3 in 2s
    ...page 50/171, 1000 identifiers so far
    ...page 66 failed (ReadTimeout), retry 1/3 in 1s
    ...page 66 failed (ReadTimeout), retry 2/3 in 2s
    ...page 66 failed (ReadTimeout), retry 3/3 in 4s
    ...page 85 failed (ReadTimeout), retry 1/3 in 1s
    ...page 87 failed (ReadTimeout), retry 1/3 in 1s
    ...page 87 failed (ReadTimeout), retry 2/3 in 2s
    ...page 100/171, 2000 identifiers so far
    ...page 115 failed (ReadTimeout), retry 1/3 in 1s
    ...page 128 failed (ReadTimeout), retry 1/3 in 1s
    ...page 150/171, 3000 identifiers so far
  live=3413  local=3411  missing=2  extra=0  both=3411
  [31m✗[0m  WA 2025-2026: Tier 1 coverage — 2 bills exist live but not locally at all
  Running Tier 2 sub-record checks on 500 of 3411 bills present in both...
  [32m✓[0m  WA HB 1003 (2025-2026): title matches
  [32m✓[0m  WA HB 1003 (2025-2026): latest_action matches
  [32m✓[0m  WA HB 1003 (2025-2026): vote event count matches (2)
  [32m✓[0m  WA HB 1003 (2025-2026): vote tally matches on 2025-02-06 ({'yes': 91, 'no': 5, 'other': 2})
  [32m✓[0m  WA HB 1003 (2025-2026): vote tally matches on 2025-04-03 ({'yes': 48, 'no': 0, 'other': 1})
  [32m✓[0m  WA HB 1003 (2025-2026): sponsorship count matches (6)
    ...0/500
  [32m✓[0m  WA HB 1036 (2025-2026): title matches
  [32m✓[0m  WA HB 1036 (2025-2026): latest_action matches
  [32m✓[0m  WA HB 1036 (2025-2026): vote event count matches (0)
  [32m✓[0m  WA HB 1036 (2025-2026): sponsorship count matches (12)
  [32m✓[0m  WA HB 1046 (2025-2026): title matches
  [32m✓[0m  WA HB 1046 (2025-2026): latest_action matches
  [32m✓[0m  WA HB 1046 (2025-2026): vote event count matches (3)
  [32m✓[0m  WA HB 1046 (2025-2026): vote tally matches on 2025-01-30 ({'yes': 61, 'no': 35, 'other': 2})
  [32m✓[0m  WA HB 1046 (2025-2026): vote tally matches on 2025-04-14 ({'yes': 36, 'no': 12, 'other': 1})
  [32m✓[0m  WA HB 1046 (2025-2026): vote tally matches on 2025-04-17 ({'yes': 60, 'no': 36, 'other': 2})
  [32m✓[0m  WA HB 1046 (2025-2026): sponsorship count matches (12)
  [32m✓[0m  WA HB 1047 (2025-2026): title matches
  [32m✓[0m  WA HB 1047 (2025-2026): latest_action matches
  [32m✓[0m  WA HB 1047 (2025-2026): vote event count matches (0)
  [32m✓[0m  WA HB 1047 (2025-2026): sponsorship count matches (11)
  [32m✓[0m  WA HB 1048 (2025-2026): title matches
  [32m✓[0m  WA HB 1048 (2025-2026): latest_action matches
  [32m✓[0m  WA HB 1048 (2025-2026): vote event count matches (0)
  [32m✓[0m  WA HB 1048 (2025-2026): sponsorship count matches (3)
  [32m✓[0m  WA HB 1050 (2025-2026): title matches
  [32m✓[0m  WA HB 1050 (2025-2026): latest_action matches
  [32m✓[0m  WA HB 1050 (2025-2026): vote event count matches (0)
  [32m✓[0m  WA HB 1050 (2025-2026): sponsorship count matches (1)
  [32m✓[0m  WA HB 1072 (2025-2026): title matches
  [32m✓[0m  WA HB 1072 (2025-2026): latest_action matches
  [32m✓[0m  WA HB 1072 (2025-2026): vote event count matches (0)
  [32m✓[0m  WA HB 1072 (2025-2026): sponsorship count matches (14)
  [32m✓[0m  WA HB 1091 (2025-2026): title matches
  [32m✓[0m  WA HB 1091 (2025-2026): latest_action matches
  [32m✓[0m  WA HB 1091 (2025-2026): vote event count matches (0)
  [32m✓[0m  WA HB 1091 (2025-2026): sponsorship count matches (8)
  [32m✓[0m  WA HB 1093 (2025-2026): title matches
  [32m✓[0m  WA HB 1093 (2025-2026): latest_action matches
  [32m✓[0m  WA HB 1093 (2025-2026): vote event count matches (0)
  [32m✓[0m  WA HB 1093 (2025-2026): sponsorship count matches (15)
  [32m✓[0m  WA HB 1100 (2025-2026): title matches
  [32m✓[0m  WA HB 1100 (2025-2026): latest_action matches
  [32m✓[0m  WA HB 1100 (2025-2026): vote event count matches (0)
  [32m✓[0m  WA HB 1100 (2025-2026): sponsorship count matches (1)
  [32m✓[0m  WA HB 1102 (2025-2026): title matches
  [32m✓[0m  WA HB 1102 (2025-2026): latest_action matches
  [32m✓[0m  WA HB 1102 (2025-2026): vote event count matches (3)
  [32m✓[0m  WA HB 1102 (2025-2026): vote tally matches on 2025-03-05 ({'yes': 96, 'no': 1, 'other': 1})
  [32m✓[0m  WA HB 1102 (2025-2026): vote tally matches on 2025-04-14 ({'yes': 49, 'no': 0, 'other': 0})
  [32m✓[0m  WA HB 1102 (2025-2026): vote tally matches on 2025-04-21 ({'yes': 96, 'no': 0, 'other': 2})
  [32m✓[0m  WA HB 1102 (2025-2026): sponsorship count matches (10)
  [32m✓[0m  WA HB 1116 (2025-2026): title matches
  [32m✓[0m  WA HB 1116 (2025-2026): latest_action matches
  [32m✓[0m  WA HB 1116 (2025-2026): vote event count matches (0)
  [32m✓[0m  WA HB 1116 (2025-2026): sponsorship count matches (18)
  [32m✓[0m  WA HB 1119 (2025-2026): title matches
  [32m✓[0m  WA HB 1119 (2025-2026): latest_action matches
  [32m✓[0m  WA HB 1119 (2025-2026): vote event count matches (2)
  [32m✓[0m  WA HB 1119 (2025-2026): vote tally matches on 2025-04-18 ({'yes': 53, 'no': 43, 'other': 2})
  [32m✓[0m  WA HB 1119 (2025-2026): vote tally matches on 2025-04-26 ({'yes': 28, 'no': 18, 'other': 2})
  [32m✓[0m  WA HB 1119 (2025-2026): sponsorship count matches (2)
  [32m✓[0m  WA HB 1138 (2025-2026): title matches
  [32m✓[0m  WA HB 1138 (2025-2026): latest_action matches
  [32m✓[0m  WA HB 1138 (2025-2026): vote event count matches (0)
  [32m✓[0m  WA HB 1138 (2025-2026): sponsorship count matches (14)
  [32m✓[0m  WA HB 1140 (2025-2026): title matches
  [32m✓[0m  WA HB 1140 (2025-2026): latest_action matches
  [32m✓[0m  WA HB 1140 (2025-2026): vote event count matches (0)
  [32m✓[0m  WA HB 1140 (2025-2026): sponsorship count matches (6)
  [32m✓[0m  WA HB 1145 (2025-2026): title matches
  [32m✓[0m  WA HB 1145 (2025-2026): latest_action matches
  [32m✓[0m  WA HB 1145 (2025-2026): vote event count matches (0)
  [32m✓[0m  WA HB 1145 (2025-2026): sponsorship count matches (1)
  [32m✓[0m  WA HB 1147 (2025-2026): title matches
  [32m✓[0m  WA HB 1147 (2025-2026): latest_action matches
  [32m✓[0m  WA HB 1147 (2025-2026): vote event count matches (0)
  [32m✓[0m  WA HB 1147 (2025-2026): sponsorship count matches (10)
  [32m✓[0m  WA HB 1170 (2025-2026): title matches
  [32m✓[0m  WA HB 1170 (2025-2026): latest_action matches
  [32m✓[0m  WA HB 1170 (2025-2026): vote event count matches (3)
  [32m✓[0m  WA HB 1170 (2025-2026): vote tally matches on 2026-02-13 ({'yes': 56, 'no': 37, 'other': 5})
  [32m✓[0m  WA HB 1170 (2025-2026): vote tally matches on 2026-03-04 ({'yes': 46, 'no': 3, 'other': 0})
  [32m✓[0m  WA HB 1170 (2025-2026): vote tally matches on 2026-03-11 ({'yes': 55, 'no': 38, 'other': 5})
  [32m✓[0m  WA HB 1170 (2025-2026): sponsorship count matches (9)
  [32m✓[0m  WA HB 1173 (2025-2026): title matches
  [32m✓[0m  WA HB 1173 (2025-2026): latest_action matches
  [32m✓[0m  WA HB 1173 (2025-2026): vote event count matches (3)
  [32m✓[0m  WA HB 1173 (2025-2026): vote tally matches on 2025-03-07 ({'yes': 82, 'no': 13, 'other': 3})
  [32m✓[0m  WA HB 1173 (2025-2026): vote tally matches on 2025-04-10 ({'yes': 44, 'no': 5, 'other': 0})
  [32m✓[0m  WA HB 1173 (2025-2026): vote tally matches on 2025-04-17 ({'yes': 89, 'no': 7, 'other': 2})
  [32m✓[0m  WA HB 1173 (2025-2026): sponsorship count matches (30)
  [32m✓[0m  WA HB 1174 (2025-2026): title matches
  [32m✓[0m  WA HB 1174 (2025-2026): latest_action matches
  [32m✓[0m  WA HB 1174 (2025-2026): vote event count matches (2)
  [32m✓[0m  WA HB 1174 (2025-2026): vote tally matches on 2025-03-05 ({'yes': 66, 'no': 31, 'other': 1})
  [32m✓[0m  WA HB 1174 (2025-2026): vote tally matches on 2025-04-07 ({'yes': 46, 'no': 3, 'other': 0})
  [32m✓[0m  WA HB 1174 (2025-2026): sponsorship count matches (12)
  [32m✓[0m  WA HB 1179 (2025-2026): title matches
  [32m✓[0m  WA HB 1179 (2025-2026): latest_action matches
  [32m✓[0m  WA HB 1179 (2025-2026): vote event count matches (0)
  [32m✓[0m  WA HB 1179 (2025-2026): sponsorship count matches (14)
  [32m✓[0m  WA HB 1180 (2025-2026): title matches
  [32m✓[0m  WA HB 1180 (2025-2026): latest_action matches
  [32m✓[0m  WA HB 1180 (2025-2026): vote event count matches (0)
  [32m✓[0m  WA HB 1180 (2025-2026): sponsorship count matches (7)
  [32m✓[0m  WA HB 1189 (2025-2026): title matches
  [32m✓[0m  WA HB 1189 (2025-2026): latest_action matches
  [32m✓[0m  WA HB 1189 (2025-2026): vote event count matches (0)
  [32m✓[0m  WA HB 1189 (2025-2026): sponsorship count matches (8)
  [32m✓[0m  WA HB 1196 (2025-2026): title matches
  [32m✓[0m  WA HB 1196 (2025-2026): latest_action matches
  [32m✓[0m  WA HB 1196 (2025-2026): vote event count matches (0)
  [32m✓[0m  WA HB 1196 (2025-2026): sponsorship count matches (5)
  [32m✓[0m  WA HB 1201 (2025-2026): title matches
  [32m✓[0m  WA HB 1201 (2025-2026): latest_action matches
  [32m✓[0m  WA HB 1201 (2025-2026): vote event count matches (2)
  [32m✓[0m  WA HB 1201 (2025-2026): vote tally matches on 2025-03-04 ({'yes': 69, 'no': 26, 'other': 3})
  [32m✓[0m  WA HB 1201 (2025-2026): vote tally matches on 2025-04-11 ({'yes': 38, 'no': 11, 'other': 0})
  [32m✓[0m  WA HB 1201 (2025-2026): sponsorship count matches (6)
  [32m✓[0m  WA HB 1204 (2025-2026): title matches
  [32m✓[0m  WA HB 1204 (2025-2026): latest_action matches
  [32m✓[0m  WA HB 1204 (2025-2026): vote event count matches (0)
  [32m✓[0m  WA HB 1204 (2025-2026): sponsorship count matches (17)
    ...25/500
  [32m✓[0m  WA HB 1210 (2025-2026): title matches
  [32m✓[0m  WA HB 1210 (2025-2026): latest_action matches
  [32m✓[0m  WA HB 1210 (2025-2026): vote event count matches (3)
  [32m✓[0m  WA HB 1210 (2025-2026): vote tally matches on 2025-03-11 ({'yes': 81, 'no': 15, 'other': 2})
  [32m✓[0m  WA HB 1210 (2025-2026): vote tally matches on 2026-02-13 ({'yes': 80, 'no': 14, 'other': 4})
  [32m✓[0m  WA HB 1210 (2025-2026): vote tally matches on 2026-03-06 ({'yes': 28, 'no': 20, 'other': 1})
  [32m✓[0m  WA HB 1210 (2025-2026): sponsorship count matches (2)
  [32m✓[0m  WA HB 1212 (2025-2026): title matches
  [32m✓[0m  WA HB 1212 (2025-2026): latest_action matches
  [32m✓[0m  WA HB 1212 (2025-2026): vote event count matches (0)
  [32m✓[0m  WA HB 1212 (2025-2026): sponsorship count matches (16)
  [32m✓[0m  WA HB 1218 (2025-2026): title matches
  [32m✓[0m  WA HB 1218 (2025-2026): latest_action matches
  [32m✓[0m  WA HB 1218 (2025-2026): vote event count matches (1)
  [32m✓[0m  WA HB 1218 (2025-2026): vote tally matches on 2025-03-12 ({'yes': 53, 'no': 44, 'other': 1})
  [32m✓[0m  WA HB 1218 (2025-2026): sponsorship count matches (12)
  [32m✓[0m  WA HB 1231 (2025-2026): title matches
  [32m✓[0m  WA HB 1231 (2025-2026): latest_action matches
  [32m✓[0m  WA HB 1231 (2025-2026): vote event count matches (0)
  [32m✓[0m  WA HB 1231 (2025-2026): sponsorship count matches (8)
  [32m✓[0m  WA HB 1242 (2025-2026): title matches
  [32m✓[0m  WA HB 1242 (2025-2026): latest_action matches
  [32m✓[0m  WA HB 1242 (2025-2026): vote event count matches (0)
  [32m✓[0m  WA HB 1242 (2025-2026): sponsorship count matches (4)
  [32m✓[0m  WA HB 1252 (2025-2026): title matches
  [32m✓[0m  WA HB 1252 (2025-2026): latest_action matches
  [32m✓[0m  WA HB 1252 (2025-2026): vote event count matches (0)
  [32m✓[0m  WA HB 1252 (2025-2026): sponsorship count matches (3)
  [32m✓[0m  WA HB 1264 (2025-2026): title matches
  [32m✓[0m  WA HB 1264 (2025-2026): latest_action matches
  [32m✓[0m  WA HB 1264 (2025-2026): vote event count matches (3)
  [32m✓[0m  WA HB 1264 (2025-2026): vote tally matches on 2025-03-05 ({'yes': 93, 'no': 3, 'other': 2})
  [32m✓[0m  WA HB 1264 (2025-2026): vote tally matches on 2025-04-15 ({'yes': 29, 'no': 19, 'other': 1})
  [32m✓[0m  WA HB 1264 (2025-2026): vote tally matches on 2025-04-21 ({'yes': 70, 'no': 27, 'other': 1})
  [32m✓[0m  WA HB 1264 (2025-2026): sponsorship count matches (15)
  [32m✓[0m  WA HB 1270 (2025-2026): title matches
  [32m✓[0m  WA HB 1270 (2025-2026): latest_action matches
  [32m✓[0m  WA HB 1270 (2025-2026): vote event count matches (2)
  [32m✓[0m  WA HB 1270 (2025-2026): vote tally matches on 2025-02-06 ({'yes': 95, 'no': 0, 'other': 3})
  [32m✓[0m  WA HB 1270 (2025-2026): vote tally matches on 2025-04-15 ({'yes': 48, 'no': 0, 'other': 1})
  [32m✓[0m  WA HB 1270 (2025-2026): sponsorship count matches (10)
  [32m✓[0m  WA HB 1274 (2025-2026): title matches
  [32m✓[0m  WA HB 1274 (2025-2026): latest_action matches
  [32m✓[0m  WA HB 1274 (2025-2026): vote event count matches (0)
  [32m✓[0m  WA HB 1274 (2025-2026): sponsorship count matches (11)
  [32m✓[0m  WA HB 1277 (2025-2026): title matches
  [32m✓[0m  WA HB 1277 (2025-2026): latest_action matches
  [32m✓[0m  WA HB 1277 (2025-2026): vote event count matches (0)
  [32m✓[0m  WA HB 1277 (2025-2026): sponsorship count matches (2)
  [32m✓[0m  WA HB 1282 (2025-2026): title matches
  [32m✓[0m  WA HB 1282 (2025-2026): latest_action matches
  [32m✓[0m  WA HB 1282 (2025-2026): vote event count matches (0)
  [32m✓[0m  WA HB 1282 (2025-2026): sponsorship count matches (2)
  [32m✓[0m  WA HB 1286 (2025-2026): title matches
  [32m✓[0m  WA HB 1286 (2025-2026): latest_action matches
  [32m✓[0m  WA HB 1286 (2025-2026): vote event count matches (0)
  [32m✓[0m  WA HB 1286 (2025-2026): sponsorship count matches (4)
  [32m✓[0m  WA HB 1290 (2025-2026): title matches
  [32m✓[0m  WA HB 1290 (2025-2026): latest_action matches
  [32m✓[0m  WA HB 1290 (2025-2026): vote event count matches (0)
  [32m✓[0m  WA HB 1290 (2025-2026): sponsorship count matches (2)
  [32m✓[0m  WA HB 1292 (2025-2026): title matches
  [32m✓[0m  WA HB 1292 (2025-2026): latest_action matches
  [32m✓[0m  WA HB 1292 (2025-2026): vote event count matches (0)
  [32m✓[0m  WA HB 1292 (2025-2026): sponsorship count matches (17)
  [32m✓[0m  WA HB 1305 (2025-2026): title matches
  [32m✓[0m  WA HB 1305 (2025-2026): latest_action matches
  [32m✓[0m  WA HB 1305 (2025-2026): vote event count matches (0)
  [32m✓[0m  WA HB 1305 (2025-2026): sponsorship count matches (2)
  [32m✓[0m  WA HB 1318 (2025-2026): title matches
  [32m✓[0m  WA HB 1318 (2025-2026): latest_action matches
  [32m✓[0m  WA HB 1318 (2025-2026): vote event count matches (0)
  [32m✓[0m  WA HB 1318 (2025-2026): sponsorship count matches (7)
  [32m✓[0m  WA HB 1331 (2025-2026): title matches
  [32m✓[0m  WA HB 1331 (2025-2026): latest_action matches
  [32m✓[0m  WA HB 1331 (2025-2026): vote event count matches (0)
  [32m✓[0m  WA HB 1331 (2025-2026): sponsorship count matches (5)
  [32m✓[0m  WA HB 1339 (2025-2026): title matches
  [32m✓[0m  WA HB 1339 (2025-2026): latest_action matches
  [32m✓[0m  WA HB 1339 (2025-2026): vote event count matches (0)
  [32m✓[0m  WA HB 1339 (2025-2026): sponsorship count matches (31)
  [32m✓[0m  WA HB 1340 (2025-2026): title matches
  [32m✓[0m  WA HB 1340 (2025-2026): latest_action matches
  [32m✓[0m  WA HB 1340 (2025-2026): vote event count matches (0)
  [32m✓[0m  WA HB 1340 (2025-2026): sponsorship count matches (10)
  [32m✓[0m  WA HB 1342 (2025-2026): title matches
  [32m✓[0m  WA HB 1342 (2025-2026): latest_action matches
  [32m✓[0m  WA HB 1342 (2025-2026): vote event count matches (0)
  [32m✓[0m  WA HB 1342 (2025-2026): sponsorship count matches (2)
  [32m✓[0m  WA HB 1345 (2025-2026): title matches
  [32m✓[0m  WA HB 1345 (2025-2026): latest_action matches
  [32m✓[0m  WA HB 1345 (2025-2026): vote event count matches (2)
  [32m✓[0m  WA HB 1345 (2025-2026): vote tally matches on 2026-01-22 ({'yes': 86, 'no': 5, 'other': 7})
  [32m✓[0m  WA HB 1345 (2025-2026): vote tally matches on 2026-03-03 ({'yes': 33, 'no': 15, 'other': 1})
  [32m✓[0m  WA HB 1345 (2025-2026): sponsorship count matches (10)
  [32m✓[0m  WA HB 1348 (2025-2026): title matches
  [32m✓[0m  WA HB 1348 (2025-2026): latest_action matches
  [32m✓[0m  WA HB 1348 (2025-2026): vote event count matches (0)
  [32m✓[0m  WA HB 1348 (2025-2026): sponsorship count matches (9)
  [32m✓[0m  WA HB 1352 (2025-2026): title matches
  [32m✓[0m  WA HB 1352 (2025-2026): latest_action matches
  [32m✓[0m  WA HB 1352 (2025-2026): vote event count matches (0)
  [32m✓[0m  WA HB 1352 (2025-2026): sponsorship count matches (4)
  [32m✓[0m  WA HB 1356 (2025-2026): title matches
  [32m✓[0m  WA HB 1356 (2025-2026): latest_action matches
  [32m✓[0m  WA HB 1356 (2025-2026): vote event count matches (0)
  [32m✓[0m  WA HB 1356 (2025-2026): sponsorship count matches (16)
  [32m✓[0m  WA HB 1357 (2025-2026): title matches
  [32m✓[0m  WA HB 1357 (2025-2026): latest_action matches
  [32m✓[0m  WA HB 1357 (2025-2026): vote event count matches (0)
  [32m✓[0m  WA HB 1357 (2025-2026): sponsorship count matches (12)
    ...50/500
  [32m✓[0m  WA HB 1368 (2025-2026): title matches
  [32m✓[0m  WA HB 1368 (2025-2026): latest_action matches
  [32m✓[0m  WA HB 1368 (2025-2026): vote event count matches (0)
  [32m✓[0m  WA HB 1368 (2025-2026): sponsorship count matches (3)
  [32m✓[0m  WA HB 1383 (2025-2026): title matches
  [32m✓[0m  WA HB 1383 (2025-2026): latest_action matches
  [32m✓[0m  WA HB 1383 (2025-2026): vote event count matches (0)
  [32m✓[0m  WA HB 1383 (2025-2026): sponsorship count matches (27)
  [32m✓[0m  WA HB 1384 (2025-2026): title matches
  [32m✓[0m  WA HB 1384 (2025-2026): latest_action matches
  [32m✓[0m  WA HB 1384 (2025-2026): vote event count matches (0)
  [32m✓[0m  WA HB 1384 (2025-2026): sponsorship count matches (3)
  [32m✓[0m  WA HB 1394 (2025-2026): title matches
  [32m✓[0m  WA HB 1394 (2025-2026): latest_action matches
  [32m✓[0m  WA HB 1394 (2025-2026): vote event count matches (1)
  [32m✓[0m  WA HB 1394 (2025-2026): vote tally matches on 2025-03-04 ({'yes': 94, 'no': 0, 'other': 4})
  [32m✓[0m  WA HB 1394 (2025-2026): sponsorship count matches (17)
  [32m✓[0m  WA HB 1396 (2025-2026): title matches
  [32m✓[0m  WA HB 1396 (2025-2026): latest_action matches
  [32m✓[0m  WA HB 1396 (2025-2026): vote event count matches (0)
  [32m✓[0m  WA HB 1396 (2025-2026): sponsorship count matches (9)
  [32m✓[0m  WA HB 1397 (2025-2026): title matches
  [32m✓[0m  WA HB 1397 (2025-2026): latest_action matches
  [32m✓[0m  WA HB 1397 (2025-2026): vote event count matches (0)
  [32m✓[0m  WA HB 1397 (2025-2026): sponsorship count matches (5)
  [32m✓[0m  WA HB 1403 (2025-2026): title matches
  [32m✓[0m  WA HB 1403 (2025-2026): latest_action matches
  [32m✓[0m  WA HB 1403 (2025-2026): vote event count matches (3)
  [32m✓[0m  WA HB 1403 (2025-2026): vote tally matches on 2025-03-11 ({'yes': 89, 'no': 7, 'other': 2})
  [32m✓[0m  WA HB 1403 (2025-2026): vote tally matches on 2025-04-08 ({'yes': 47, 'no': 1, 'other': 1})
  [32m✓[0m  WA HB 1403 (2025-2026): vote tally matches on 2025-04-17 ({'yes': 93, 'no': 2, 'other': 3})
  [32m✓[0m  WA HB 1403 (2025-2026): sponsorship count matches (32)
  [32m✓[0m  WA HB 1404 (2025-2026): title matches
  [32m✓[0m  WA HB 1404 (2025-2026): latest_action matches
  [32m✓[0m  WA HB 1404 (2025-2026): vote event count matches (0)
  [32m✓[0m  WA HB 1404 (2025-2026): sponsorship count matches (34)
  [32m✓[0m  WA HB 1410 (2025-2026): title matches
  [32m✓[0m  WA HB 1410 (2025-2026): latest_action matches
  [32m✓[0m  WA HB 1410 (2025-2026): vote event count matches (0)
  [32m✓[0m  WA HB 1410 (2025-2026): sponsorship count matches (1)
  [32m✓[0m  WA HB 1414 (2025-2026): title matches
  [32m✓[0m  WA HB 1414 (2025-2026): latest_action matches
  [32m✓[0m  WA HB 1414 (2025-2026): vote event count matches (2)
  [32m✓[0m  WA HB 1414 (2025-2026): vote tally matches on 2025-03-12 ({'yes': 97, 'no': 0, 'other': 1})
  [32m✓[0m  WA HB 1414 (2025-2026): vote tally matches on 2025-04-07 ({'yes': 48, 'no': 1, 'other': 0})
  [32m✓[0m  WA HB 1414 (2025-2026): sponsorship count matches (12)
  [32m✓[0m  WA HB 1418 (2025-2026): title matches
  [32m✓[0m  WA HB 1418 (2025-2026): latest_action matches
  [32m✓[0m  WA HB 1418 (2025-2026): vote event count matches (3)
  [32m✓[0m  WA HB 1418 (2025-2026): vote tally matches on 2025-03-05 ({'yes': 64, 'no': 33, 'other': 1})
  [32m✓[0m  WA HB 1418 (2025-2026): vote tally matches on 2025-04-16 ({'yes': 36, 'no': 12, 'other': 1})
  [32m✓[0m  WA HB 1418 (2025-2026): vote tally matches on 2025-04-19 ({'yes': 62, 'no': 33, 'other': 3})
  [32m✓[0m  WA HB 1418 (2025-2026): sponsorship count matches (10)
  [32m✓[0m  WA HB 1420 (2025-2026): title matches
  [32m✓[0m  WA HB 1420 (2025-2026): latest_action matches
  [32m✓[0m  WA HB 1420 (2025-2026): vote event count matches (0)
  [32m✓[0m  WA HB 1420 (2025-2026): sponsorship count matches (9)
  [32m✓[0m  WA HB 1426 (2025-2026): title matches
  [32m✓[0m  WA HB 1426 (2025-2026): latest_action matches
  [32m✓[0m  WA HB 1426 (2025-2026): vote event count matches (0)
  [32m✓[0m  WA HB 1426 (2025-2026): sponsorship count matches (13)
  [32m✓[0m  WA HB 1430 (2025-2026): title matches
  [32m✓[0m  WA HB 1430 (2025-2026): latest_action matches
  [32m✓[0m  WA HB 1430 (2025-2026): vote event count matches (1)
  [32m✓[0m  WA HB 1430 (2025-2026): vote tally matches on 2025-03-03 ({'yes': 60, 'no': 36, 'other': 2})
  [32m✓[0m  WA HB 1430 (2025-2026): sponsorship count matches (31)
  [32m✓[0m  WA HB 1432 (2025-2026): title matches
  [32m✓[0m  WA HB 1432 (2025-2026): latest_action matches
  [32m✓[0m  WA HB 1432 (2025-2026): vote event count matches (3)
  [32m✓[0m  WA HB 1432 (2025-2026): vote tally matches on 2025-03-11 ({'yes': 72, 'no': 23, 'other': 3})
  [32m✓[0m  WA HB 1432 (2025-2026): vote tally matches on 2025-04-14 ({'yes': 48, 'no': 1, 'other': 0})
  [32m✓[0m  WA HB 1432 (2025-2026): vote tally matches on 2025-04-22 ({'yes': 78, 'no': 19, 'other': 1})
  [32m✓[0m  WA HB 1432 (2025-2026): sponsorship count matches (12)
  [32m✓[0m  WA HB 1439 (2025-2026): title matches
  [32m✓[0m  WA HB 1439 (2025-2026): latest_action matches
  [32m✓[0m  WA HB 1439 (2025-2026): vote event count matches (2)
  [32m✓[0m  WA HB 1439 (2025-2026): vote tally matches on 2025-03-04 ({'yes': 95, 'no': 0, 'other': 3})
  [32m✓[0m  WA HB 1439 (2025-2026): vote tally matches on 2025-03-26 ({'yes': 49, 'no': 0, 'other': 0})
  [32m✓[0m  WA HB 1439 (2025-2026): sponsorship count matches (5)
  [32m✓[0m  WA HB 1443 (2025-2026): title matches
  [32m✓[0m  WA HB 1443 (2025-2026): latest_action matches
  [32m✓[0m  WA HB 1443 (2025-2026): vote event count matches (0)
  [32m✓[0m  WA HB 1443 (2025-2026): sponsorship count matches (12)
  [32m✓[0m  WA HB 1455 (2025-2026): title matches
  [32m✓[0m  WA HB 1455 (2025-2026): latest_action matches
  [32m✓[0m  WA HB 1455 (2025-2026): vote event count matches (0)
  [32m✓[0m  WA HB 1455 (2025-2026): sponsorship count matches (6)
  [31m✗[0m  WA HB 1456 (2025-2026): live API error  [429 Client Error: Too Many Requests for url: https://v3.openstates.org/bills?jurisdiction=wa&session=2025-2026&identifier=HB+1456&include=votes&include=sponsorships&include=actions&apikey=54a34b98-53ad-42f5-9487-e8dbe81cd68d]
  [31m✗[0m  WA HB 1459 (2025-2026): live API error  [429 Client Error: Too Many Requests for url: https://v3.openstates.org/bills?jurisdiction=wa&session=2025-2026&identifier=HB+1459&include=votes&include=sponsorships&include=actions&apikey=54a34b98-53ad-42f5-9487-e8dbe81cd68d]
  [32m✓[0m  WA HB 1467 (2025-2026): title matches
  [32m✓[0m  WA HB 1467 (2025-2026): latest_action matches
  [32m✓[0m  WA HB 1467 (2025-2026): vote event count matches (0)
  [32m✓[0m  WA HB 1467 (2025-2026): sponsorship count matches (3)
  [32m✓[0m  WA HB 1482 (2025-2026): title matches
  [32m✓[0m  WA HB 1482 (2025-2026): latest_action matches
  [32m✓[0m  WA HB 1482 (2025-2026): vote event count matches (0)
  [32m✓[0m  WA HB 1482 (2025-2026): sponsorship count matches (14)
  [32m✓[0m  WA HB 1483 (2025-2026): title matches
  [32m✓[0m  WA HB 1483 (2025-2026): latest_action matches
  [32m✓[0m  WA HB 1483 (2025-2026): vote event count matches (3)
  [32m✓[0m  WA HB 1483 (2025-2026): vote tally matches on 2025-03-04 ({'yes': 94, 'no': 1, 'other': 3})
  [32m✓[0m  WA HB 1483 (2025-2026): vote tally matches on 2025-04-10 ({'yes': 48, 'no': 1, 'other': 0})
  [32m✓[0m  WA HB 1483 (2025-2026): vote tally matches on 2025-04-17 ({'yes': 94, 'no': 1, 'other': 3})
  [32m✓[0m  WA HB 1483 (2025-2026): sponsorship count matches (16)
  [32m✓[0m  WA HB 1485 (2025-2026): title matches
  [32m✓[0m  WA HB 1485 (2025-2026): latest_action matches
  [32m✓[0m  WA HB 1485 (2025-2026): vote event count matches (0)
  [32m✓[0m  WA HB 1485 (2025-2026): sponsorship count matches (6)
  [32m✓[0m  WA HB 1487 (2025-2026): title matches
  [32m✓[0m  WA HB 1487 (2025-2026): latest_action matches
  [32m✓[0m  WA HB 1487 (2025-2026): vote event count matches (0)
  [32m✓[0m  WA HB 1487 (2025-2026): sponsorship count matches (8)
    ...75/500
  [32m✓[0m  WA HB 1495 (2025-2026): title matches
  [32m✓[0m  WA HB 1495 (2025-2026): latest_action matches
  [32m✓[0m  WA HB 1495 (2025-2026): vote event count matches (0)
  [32m✓[0m  WA HB 1495 (2025-2026): sponsorship count matches (10)
  [32m✓[0m  WA HB 1498 (2025-2026): title matches
  [32m✓[0m  WA HB 1498 (2025-2026): latest_action matches
  [32m✓[0m  WA HB 1498 (2025-2026): vote event count matches (3)
  [32m✓[0m  WA HB 1498 (2025-2026): vote tally matches on 2025-04-21 ({'yes': 67, 'no': 29, 'other': 2})
  [32m✓[0m  WA HB 1498 (2025-2026): vote tally matches on 2025-04-26 ({'yes': 70, 'no': 28, 'other': 0})
  [32m✓[0m  WA HB 1498 (2025-2026): vote tally matches on 2025-04-26 ({'yes': 38, 'no': 10, 'other': 0})
  [32m✓[0m  WA HB 1498 (2025-2026): sponsorship count matches (14)
  [32m✓[0m  WA HB 1504 (2025-2026): title matches
  [32m✓[0m  WA HB 1504 (2025-2026): latest_action matches
  [32m✓[0m  WA HB 1504 (2025-2026): vote event count matches (0)
  [32m✓[0m  WA HB 1504 (2025-2026): sponsorship count matches (8)
  [32m✓[0m  WA HB 1510 (2025-2026): title matches
  [32m✓[0m  WA HB 1510 (2025-2026): latest_action matches
  [32m✓[0m  WA HB 1510 (2025-2026): vote event count matches (0)
  [32m✓[0m  WA HB 1510 (2025-2026): sponsorship count matches (10)
  [32m✓[0m  WA HB 1513 (2025-2026): title matches
  [32m✓[0m  WA HB 1513 (2025-2026): latest_action matches
  [32m✓[0m  WA HB 1513 (2025-2026): vote event count matches (0)
  [32m✓[0m  WA HB 1513 (2025-2026): sponsorship count matches (12)
  [32m✓[0m  WA HB 1534 (2025-2026): title matches
  [32m✓[0m  WA HB 1534 (2025-2026): latest_action matches
  [32m✓[0m  WA HB 1534 (2025-2026): vote event count matches (0)
  [32m✓[0m  WA HB 1534 (2025-2026): sponsorship count matches (30)
  [32m✓[0m  WA HB 1537 (2025-2026): title matches
  [32m✓[0m  WA HB 1537 (2025-2026): latest_action matches
  [32m✓[0m  WA HB 1537 (2025-2026): vote event count matches (1)
  [32m✓[0m  WA HB 1537 (2025-2026): vote tally matches on 2025-03-04 ({'yes': 97, 'no': 0, 'other': 1})
  [32m✓[0m  WA HB 1537 (2025-2026): sponsorship count matches (1)
  [32m✓[0m  WA HB 1538 (2025-2026): title matches
  [32m✓[0m  WA HB 1538 (2025-2026): latest_action matches
  [32m✓[0m  WA HB 1538 (2025-2026): vote event count matches (0)
  [32m✓[0m  WA HB 1538 (2025-2026): sponsorship count matches (5)
  [32m✓[0m  WA HB 1544 (2025-2026): title matches
  [32m✓[0m  WA HB 1544 (2025-2026): latest_action matches
  [32m✓[0m  WA HB 1544 (2025-2026): vote event count matches (0)
  [32m✓[0m  WA HB 1544 (2025-2026): sponsorship count matches (5)
  [32m✓[0m  WA HB 1547 (2025-2026): title matches
  [32m✓[0m  WA HB 1547 (2025-2026): latest_action matches
  [32m✓[0m  WA HB 1547 (2025-2026): vote event count matches (0)
  [32m✓[0m  WA HB 1547 (2025-2026): sponsorship count matches (15)
  [32m✓[0m  WA HB 1549 (2025-2026): title matches
  [32m✓[0m  WA HB 1549 (2025-2026): latest_action matches
  [32m✓[0m  WA HB 1549 (2025-2026): vote event count matches (2)
  [32m✓[0m  WA HB 1549 (2025-2026): vote tally matches on 2025-03-10 ({'yes': 95, 'no': 0, 'other': 3})
  [32m✓[0m  WA HB 1549 (2025-2026): vote tally matches on 2025-04-07 ({'yes': 48, 'no': 1, 'other': 0})
  [32m✓[0m  WA HB 1549 (2025-2026): sponsorship count matches (16)
  [32m✓[0m  WA HB 1552 (2025-2026): title matches
  [32m✓[0m  WA HB 1552 (2025-2026): latest_action matches
  [32m✓[0m  WA HB 1552 (2025-2026): vote event count matches (2)
  [32m✓[0m  WA HB 1552 (2025-2026): vote tally matches on 2025-04-19 ({'yes': 82, 'no': 13, 'other': 3})
  [32m✓[0m  WA HB 1552 (2025-2026): vote tally matches on 2025-04-26 ({'yes': 28, 'no': 18, 'other': 2})
  [32m✓[0m  WA HB 1552 (2025-2026): sponsorship count matches (5)
  [32m✓[0m  WA HB 1556 (2025-2026): title matches
  [32m✓[0m  WA HB 1556 (2025-2026): latest_action matches
  [32m✓[0m  WA HB 1556 (2025-2026): vote event count matches (2)
  [32m✓[0m  WA HB 1556 (2025-2026): vote tally matches on 2025-03-05 ({'yes': 97, 'no': 0, 'other': 1})
  [32m✓[0m  WA HB 1556 (2025-2026): vote tally matches on 2025-04-02 ({'yes': 49, 'no': 0, 'other': 0})
  [32m✓[0m  WA HB 1556 (2025-2026): sponsorship count matches (9)
  [32m✓[0m  WA HB 1559 (2025-2026): title matches
  [32m✓[0m  WA HB 1559 (2025-2026): latest_action matches
  [32m✓[0m  WA HB 1559 (2025-2026): vote event count matches (0)
  [32m✓[0m  WA HB 1559 (2025-2026): sponsorship count matches (9)
  [32m✓[0m  WA HB 1571 (2025-2026): title matches
  [32m✓[0m  WA HB 1571 (2025-2026): latest_action matches
  [32m✓[0m  WA HB 1571 (2025-2026): vote event count matches (0)
  [32m✓[0m  WA HB 1571 (2025-2026): sponsorship count matches (7)
  [32m✓[0m  WA HB 1575 (2025-2026): title matches
  [32m✓[0m  WA HB 1575 (2025-2026): latest_action matches
  [32m✓[0m  WA HB 1575 (2025-2026): vote event count matches (0)
  [32m✓[0m  WA HB 1575 (2025-2026): sponsorship count matches (2)
  [32m✓[0m  WA HB 1578 (2025-2026): title matches
  [32m✓[0m  WA HB 1578 (2025-2026): latest_action matches
  [32m✓[0m  WA HB 1578 (2025-2026): vote event count matches (0)
  [32m✓[0m  WA HB 1578 (2025-2026): sponsorship count matches (1)
  [32m✓[0m  WA HB 1588 (2025-2026): title matches
  [32m✓[0m  WA HB 1588 (2025-2026): latest_action matches
  [32m✓[0m  WA HB 1588 (2025-2026): vote event count matches (0)
  [32m✓[0m  WA HB 1588 (2025-2026): sponsorship count matches (7)
  [32m✓[0m  WA HB 1589 (2025-2026): title matches
  [32m✓[0m  WA HB 1589 (2025-2026): latest_action matches
  [32m✓[0m  WA HB 1589 (2025-2026): vote event count matches (1)
  [32m✓[0m  WA HB 1589 (2025-2026): vote tally matches on 2025-03-08 ({'yes': 73, 'no': 23, 'other': 2})
  [32m✓[0m  WA HB 1589 (2025-2026): sponsorship count matches (5)
  [32m✓[0m  WA HB 1591 (2025-2026): title matches
  [32m✓[0m  WA HB 1591 (2025-2026): latest_action matches
  [32m✓[0m  WA HB 1591 (2025-2026): vote event count matches (0)
  [32m✓[0m  WA HB 1591 (2025-2026): sponsorship count matches (10)
  [32m✓[0m  WA HB 1608 (2025-2026): title matches
  [32m✓[0m  WA HB 1608 (2025-2026): latest_action matches
  [32m✓[0m  WA HB 1608 (2025-2026): vote event count matches (0)
  [32m✓[0m  WA HB 1608 (2025-2026): sponsorship count matches (19)
  [32m✓[0m  WA HB 1611 (2025-2026): title matches
  [32m✓[0m  WA HB 1611 (2025-2026): latest_action matches
  [32m✓[0m  WA HB 1611 (2025-2026): vote event count matches (0)
  [32m✓[0m  WA HB 1611 (2025-2026): sponsorship count matches (3)
  [32m✓[0m  WA HB 1614 (2025-2026): title matches
  [32m✓[0m  WA HB 1614 (2025-2026): latest_action matches
  [32m✓[0m  WA HB 1614 (2025-2026): vote event count matches (0)
  [32m✓[0m  WA HB 1614 (2025-2026): sponsorship count matches (3)
  [32m✓[0m  WA HB 1617 (2025-2026): title matches
  [32m✓[0m  WA HB 1617 (2025-2026): latest_action matches
  [32m✓[0m  WA HB 1617 (2025-2026): vote event count matches (0)
  [32m✓[0m  WA HB 1617 (2025-2026): sponsorship count matches (7)
  [32m✓[0m  WA HB 1625 (2025-2026): title matches
  [32m✓[0m  WA HB 1625 (2025-2026): latest_action matches
  [32m✓[0m  WA HB 1625 (2025-2026): vote event count matches (0)
  [32m✓[0m  WA HB 1625 (2025-2026): sponsorship count matches (16)
    ...100/500
  [32m✓[0m  WA HB 1626 (2025-2026): title matches
  [32m✓[0m  WA HB 1626 (2025-2026): latest_action matches
  [32m✓[0m  WA HB 1626 (2025-2026): vote event count matches (0)
  [32m✓[0m  WA HB 1626 (2025-2026): sponsorship count matches (4)
  [32m✓[0m  WA HB 1629 (2025-2026): title matches
  [32m✓[0m  WA HB 1629 (2025-2026): latest_action matches
  [32m✓[0m  WA HB 1629 (2025-2026): vote event count matches (0)
  [32m✓[0m  WA HB 1629 (2025-2026): sponsorship count matches (1)
  [32m✓[0m  WA HB 1633 (2025-2026): title matches
  [32m✓[0m  WA HB 1633 (2025-2026): latest_action matches
  [32m✓[0m  WA HB 1633 (2025-2026): vote event count matches (3)
  [32m✓[0m  WA HB 1633 (2025-2026): vote tally matches on 2025-03-05 ({'yes': 97, 'no': 0, 'other': 1})
  [32m✓[0m  WA HB 1633 (2025-2026): vote tally matches on 2025-04-07 ({'yes': 49, 'no': 0, 'other': 0})
  [32m✓[0m  WA HB 1633 (2025-2026): vote tally matches on 2025-04-24 ({'yes': 91, 'no': 0, 'other': 7})
  [32m✓[0m  WA HB 1633 (2025-2026): sponsorship count matches (15)
  [32m✓[0m  WA HB 1668 (2025-2026): title matches
  [32m✓[0m  WA HB 1668 (2025-2026): latest_action matches
  [32m✓[0m  WA HB 1668 (2025-2026): vote event count matches (0)
  [32m✓[0m  WA HB 1668 (2025-2026): sponsorship count matches (4)
  [32m✓[0m  WA HB 1669 (2025-2026): title matches
  [32m✓[0m  WA HB 1669 (2025-2026): latest_action matches
  [32m✓[0m  WA HB 1669 (2025-2026): vote event count matches (2)
  [32m✓[0m  WA HB 1669 (2025-2026): vote tally matches on 2025-03-12 ({'yes': 80, 'no': 17, 'other': 1})
  [32m✓[0m  WA HB 1669 (2025-2026): vote tally matches on 2025-04-10 ({'yes': 41, 'no': 8, 'other': 0})
  [32m✓[0m  WA HB 1669 (2025-2026): sponsorship count matches (11)
  [32m✓[0m  WA HB 1673 (2025-2026): title matches
  [32m✓[0m  WA HB 1673 (2025-2026): latest_action matches
  [32m✓[0m  WA HB 1673 (2025-2026): vote event count matches (0)
  [32m✓[0m  WA HB 1673 (2025-2026): sponsorship count matches (6)
  [32m✓[0m  WA HB 1674 (2025-2026): title matches
  [32m✓[0m  WA HB 1674 (2025-2026): latest_action matches
  [32m✓[0m  WA HB 1674 (2025-2026): vote event count matches (0)
  [32m✓[0m  WA HB 1674 (2025-2026): sponsorship count matches (6)
  [32m✓[0m  WA HB 1679 (2025-2026): title matches
  [32m✓[0m  WA HB 1679 (2025-2026): latest_action matches
  [32m✓[0m  WA HB 1679 (2025-2026): vote event count matches (0)
  [32m✓[0m  WA HB 1679 (2025-2026): sponsorship count matches (3)
  [32m✓[0m  WA HB 1684 (2025-2026): title matches
  [32m✓[0m  WA HB 1684 (2025-2026): latest_action matches
  [32m✓[0m  WA HB 1684 (2025-2026): vote event count matches (0)
  [32m✓[0m  WA HB 1684 (2025-2026): sponsorship count matches (2)
  [32m✓[0m  WA HB 1689 (2025-2026): title matches
  [32m✓[0m  WA HB 1689 (2025-2026): latest_action matches
  [32m✓[0m  WA HB 1689 (2025-2026): vote event count matches (0)
  [32m✓[0m  WA HB 1689 (2025-2026): sponsorship count matches (6)
  [32m✓[0m  WA HB 1699 (2025-2026): title matches
  [32m✓[0m  WA HB 1699 (2025-2026): latest_action matches
  [32m✓[0m  WA HB 1699 (2025-2026): vote event count matches (0)
  [32m✓[0m  WA HB 1699 (2025-2026): sponsorship count matches (26)
  [32m✓[0m  WA HB 1703 (2025-2026): title matches
  [32m✓[0m  WA HB 1703 (2025-2026): latest_action matches
  [32m✓[0m  WA HB 1703 (2025-2026): vote event count matches (0)
  [32m✓[0m  WA HB 1703 (2025-2026): sponsorship count matches (3)
  [32m✓[0m  WA HB 1712 (2025-2026): title matches
  [32m✓[0m  WA HB 1712 (2025-2026): latest_action matches
  [32m✓[0m  WA HB 1712 (2025-2026): vote event count matches (0)
  [32m✓[0m  WA HB 1712 (2025-2026): sponsorship count matches (5)
  [32m✓[0m  WA HB 1716 (2025-2026): title matches
  [32m✓[0m  WA HB 1716 (2025-2026): latest_action matches
  [32m✓[0m  WA HB 1716 (2025-2026): vote event count matches (0)
  [32m✓[0m  WA HB 1716 (2025-2026): sponsorship count matches (4)
  [32m✓[0m  WA HB 1717 (2025-2026): title matches
  [32m✓[0m  WA HB 1717 (2025-2026): latest_action matches
  [32m✓[0m  WA HB 1717 (2025-2026): vote event count matches (1)
  [32m✓[0m  WA HB 1717 (2025-2026): vote tally matches on 2026-02-11 ({'yes': 95, 'no': 0, 'other': 3})
  [32m✓[0m  WA HB 1717 (2025-2026): sponsorship count matches (8)
  [32m✓[0m  WA HB 1718 (2025-2026): title matches
  [32m✓[0m  WA HB 1718 (2025-2026): latest_action matches
  [32m✓[0m  WA HB 1718 (2025-2026): vote event count matches (2)
  [32m✓[0m  WA HB 1718 (2025-2026): vote tally matches on 2025-03-08 ({'yes': 96, 'no': 0, 'other': 2})
  [32m✓[0m  WA HB 1718 (2025-2026): vote tally matches on 2025-04-08 ({'yes': 48, 'no': 0, 'other': 1})
  [32m✓[0m  WA HB 1718 (2025-2026): sponsorship count matches (5)
  [32m✓[0m  WA HB 1720 (2025-2026): title matches
  [32m✓[0m  WA HB 1720 (2025-2026): latest_action matches
  [32m✓[0m  WA HB 1720 (2025-2026): vote event count matches (2)
  [32m✓[0m  WA HB 1720 (2025-2026): vote tally matches on 2025-02-20 ({'yes': 97, 'no': 0, 'other': 1})
  [32m✓[0m  WA HB 1720 (2025-2026): vote tally matches on 2025-03-26 ({'yes': 49, 'no': 0, 'other': 0})
  [32m✓[0m  WA HB 1720 (2025-2026): sponsorship count matches (2)
  [32m✓[0m  WA HB 1731 (2025-2026): title matches
  [32m✓[0m  WA HB 1731 (2025-2026): latest_action matches
  [32m✓[0m  WA HB 1731 (2025-2026): vote event count matches (3)
  [32m✓[0m  WA HB 1731 (2025-2026): vote tally matches on 2025-03-05 ({'yes': 96, 'no': 0, 'other': 2})
  [32m✓[0m  WA HB 1731 (2025-2026): vote tally matches on 2025-04-15 ({'yes': 48, 'no': 0, 'other': 1})
  [32m✓[0m  WA HB 1731 (2025-2026): vote tally matches on 2025-04-22 ({'yes': 97, 'no': 0, 'other': 1})
  [32m✓[0m  WA HB 1731 (2025-2026): sponsorship count matches (1)
  [32m✓[0m  WA HB 1736 (2025-2026): title matches
  [32m✓[0m  WA HB 1736 (2025-2026): latest_action matches
  [32m✓[0m  WA HB 1736 (2025-2026): vote event count matches (0)
  [32m✓[0m  WA HB 1736 (2025-2026): sponsorship count matches (8)
  [32m✓[0m  WA HB 1737 (2025-2026): title matches
  [32m✓[0m  WA HB 1737 (2025-2026): latest_action matches
  [32m✓[0m  WA HB 1737 (2025-2026): vote event count matches (0)
  [32m✓[0m  WA HB 1737 (2025-2026): sponsorship count matches (14)
  [32m✓[0m  WA HB 1739 (2025-2026): title matches
  [32m✓[0m  WA HB 1739 (2025-2026): latest_action matches
  [32m✓[0m  WA HB 1739 (2025-2026): vote event count matches (0)
  [32m✓[0m  WA HB 1739 (2025-2026): sponsorship count matches (10)
  [32m✓[0m  WA HB 1749 (2025-2026): title matches
  [32m✓[0m  WA HB 1749 (2025-2026): latest_action matches
  [32m✓[0m  WA HB 1749 (2025-2026): vote event count matches (0)
  [32m✓[0m  WA HB 1749 (2025-2026): sponsorship count matches (4)
  [32m✓[0m  WA HB 1750 (2025-2026): title matches
  [32m✓[0m  WA HB 1750 (2025-2026): latest_action matches
  [32m✓[0m  WA HB 1750 (2025-2026): vote event count matches (3)
  [32m✓[0m  WA HB 1750 (2025-2026): vote tally matches on 2026-02-12 ({'yes': 57, 'no': 37, 'other': 4})
  [32m✓[0m  WA HB 1750 (2025-2026): vote tally matches on 2026-02-28 ({'yes': 30, 'no': 19, 'other': 0})
  [32m✓[0m  WA HB 1750 (2025-2026): vote tally matches on 2026-03-11 ({'yes': 58, 'no': 38, 'other': 2})
  [32m✓[0m  WA HB 1750 (2025-2026): sponsorship count matches (17)
  [32m✓[0m  WA HB 1759 (2025-2026): title matches
  [32m✓[0m  WA HB 1759 (2025-2026): latest_action matches
  [32m✓[0m  WA HB 1759 (2025-2026): vote event count matches (2)
  [32m✓[0m  WA HB 1759 (2025-2026): vote tally matches on 2025-02-17 ({'yes': 93, 'no': 3, 'other': 2})
  [32m✓[0m  WA HB 1759 (2025-2026): vote tally matches on 2026-02-11 ({'yes': 93, 'no': 2, 'other': 3})
  [32m✓[0m  WA HB 1759 (2025-2026): sponsorship count matches (21)
  [32m✓[0m  WA HB 1765 (2025-2026): title matches
  [32m✓[0m  WA HB 1765 (2025-2026): latest_action matches
  [32m✓[0m  WA HB 1765 (2025-2026): vote event count matches (0)
  [32m✓[0m  WA HB 1765 (2025-2026): sponsorship count matches (4)
    ...125/500
  [32m✓[0m  WA HB 1766 (2025-2026): title matches
  [32m✓[0m  WA HB 1766 (2025-2026): latest_action matches
  [32m✓[0m  WA HB 1766 (2025-2026): vote event count matches (0)
  [32m✓[0m  WA HB 1766 (2025-2026): sponsorship count matches (8)
  [32m✓[0m  WA HB 1777 (2025-2026): title matches
  [32m✓[0m  WA HB 1777 (2025-2026): latest_action matches
  [32m✓[0m  WA HB 1777 (2025-2026): vote event count matches (0)
  [32m✓[0m  WA HB 1777 (2025-2026): sponsorship count matches (34)
  [32m✓[0m  WA HB 1800 (2025-2026): title matches
  [32m✓[0m  WA HB 1800 (2025-2026): latest_action matches
  [32m✓[0m  WA HB 1800 (2025-2026): vote event count matches (0)
  [32m✓[0m  WA HB 1800 (2025-2026): sponsorship count matches (6)
  [32m✓[0m  WA HB 1802 (2025-2026): title matches
  [32m✓[0m  WA HB 1802 (2025-2026): latest_action matches
  [32m✓[0m  WA HB 1802 (2025-2026): vote event count matches (0)
  [32m✓[0m  WA HB 1802 (2025-2026): sponsorship count matches (9)
  [32m✓[0m  WA HB 1818 (2025-2026): title matches
  [32m✓[0m  WA HB 1818 (2025-2026): latest_action matches
  [32m✓[0m  WA HB 1818 (2025-2026): vote event count matches (0)
  [32m✓[0m  WA HB 1818 (2025-2026): sponsorship count matches (12)
  [32m✓[0m  WA HB 1819 (2025-2026): title matches
  [32m✓[0m  WA HB 1819 (2025-2026): latest_action matches
  [32m✓[0m  WA HB 1819 (2025-2026): vote event count matches (1)
  [32m✓[0m  WA HB 1819 (2025-2026): vote tally matches on 2025-03-12 ({'yes': 97, 'no': 0, 'other': 1})
  [32m✓[0m  WA HB 1819 (2025-2026): sponsorship count matches (5)
  [32m✓[0m  WA HB 1822 (2025-2026): title matches
  [32m✓[0m  WA HB 1822 (2025-2026): latest_action matches
  [32m✓[0m  WA HB 1822 (2025-2026): vote event count matches (1)
  [32m✓[0m  WA HB 1822 (2025-2026): vote tally matches on 2025-03-12 ({'yes': 94, 'no': 3, 'other': 1})
  [32m✓[0m  WA HB 1822 (2025-2026): sponsorship count matches (10)
  [32m✓[0m  WA HB 1823 (2025-2026): title matches
  [32m✓[0m  WA HB 1823 (2025-2026): latest_action matches
  [32m✓[0m  WA HB 1823 (2025-2026): vote event count matches (1)
  [32m✓[0m  WA HB 1823 (2025-2026): vote tally matches on 2026-02-13 ({'yes': 92, 'no': 0, 'other': 6})
  [32m✓[0m  WA HB 1823 (2025-2026): sponsorship count matches (1)
  [32m✓[0m  WA HB 1825 (2025-2026): title matches
  [32m✓[0m  WA HB 1825 (2025-2026): latest_action matches
  [32m✓[0m  WA HB 1825 (2025-2026): vote event count matches (0)
  [32m✓[0m  WA HB 1825 (2025-2026): sponsorship count matches (4)
  [32m✓[0m  WA HB 1828 (2025-2026): title matches
  [32m✓[0m  WA HB 1828 (2025-2026): latest_action matches
  [32m✓[0m  WA HB 1828 (2025-2026): vote event count matches (0)
  [32m✓[0m  WA HB 1828 (2025-2026): sponsorship count matches (5)
  [32m✓[0m  WA HB 1833 (2025-2026): title matches
  [32m✓[0m  WA HB 1833 (2025-2026): latest_action matches
  [32m✓[0m  WA HB 1833 (2025-2026): vote event count matches (2)
  [32m✓[0m  WA HB 1833 (2025-2026): vote tally matches on 2025-03-05 ({'yes': 92, 'no': 5, 'other': 1})
  [32m✓[0m  WA HB 1833 (2025-2026): vote tally matches on 2026-02-17 ({'yes': 96, 'no': 1, 'other': 1})
  [32m✓[0m  WA HB 1833 (2025-2026): sponsorship count matches (5)
  [32m✓[0m  WA HB 1834 (2025-2026): title matches
  [32m✓[0m  WA HB 1834 (2025-2026): latest_action matches
  [32m✓[0m  WA HB 1834 (2025-2026): vote event count matches (0)
  [32m✓[0m  WA HB 1834 (2025-2026): sponsorship count matches (22)
  [32m✓[0m  WA HB 1849 (2025-2026): title matches
  [32m✓[0m  WA HB 1849 (2025-2026): latest_action matches
  [32m✓[0m  WA HB 1849 (2025-2026): vote event count matches (0)
  [32m✓[0m  WA HB 1849 (2025-2026): sponsorship count matches (7)
  [32m✓[0m  WA HB 1859 (2025-2026): title matches
  [32m✓[0m  WA HB 1859 (2025-2026): latest_action matches
  [32m✓[0m  WA HB 1859 (2025-2026): vote event count matches (2)
  [32m✓[0m  WA HB 1859 (2025-2026): vote tally matches on 2026-02-11 ({'yes': 94, 'no': 1, 'other': 3})
  [32m✓[0m  WA HB 1859 (2025-2026): vote tally matches on 2026-02-28 ({'yes': 48, 'no': 1, 'other': 0})
  [32m✓[0m  WA HB 1859 (2025-2026): sponsorship count matches (16)
  [32m✓[0m  WA HB 1863 (2025-2026): title matches
  [32m✓[0m  WA HB 1863 (2025-2026): latest_action matches
  [32m✓[0m  WA HB 1863 (2025-2026): vote event count matches (0)
  [32m✓[0m  WA HB 1863 (2025-2026): sponsorship count matches (7)
  [32m✓[0m  WA HB 1865 (2025-2026): title matches
  [32m✓[0m  WA HB 1865 (2025-2026): latest_action matches
  [32m✓[0m  WA HB 1865 (2025-2026): vote event count matches (0)
  [32m✓[0m  WA HB 1865 (2025-2026): sponsorship count matches (9)
  [32m✓[0m  WA HB 1886 (2025-2026): title matches
  [32m✓[0m  WA HB 1886 (2025-2026): latest_action matches
  [32m✓[0m  WA HB 1886 (2025-2026): vote event count matches (0)
  [32m✓[0m  WA HB 1886 (2025-2026): sponsorship count matches (5)
  [32m✓[0m  WA HB 1888 (2025-2026): title matches
  [32m✓[0m  WA HB 1888 (2025-2026): latest_action matches
  [32m✓[0m  WA HB 1888 (2025-2026): vote event count matches (0)
  [32m✓[0m  WA HB 1888 (2025-2026): sponsorship count matches (13)
  [32m✓[0m  WA HB 1891 (2025-2026): title matches
  [32m✓[0m  WA HB 1891 (2025-2026): latest_action matches
  [32m✓[0m  WA HB 1891 (2025-2026): vote event count matches (0)
  [32m✓[0m  WA HB 1891 (2025-2026): sponsorship count matches (4)
  [32m✓[0m  WA HB 1899 (2025-2026): title matches
  [32m✓[0m  WA HB 1899 (2025-2026): latest_action matches
  [32m✓[0m  WA HB 1899 (2025-2026): vote event count matches (2)
  [32m✓[0m  WA HB 1899 (2025-2026): vote tally matches on 2025-03-04 ({'yes': 95, 'no': 0, 'other': 3})
  [32m✓[0m  WA HB 1899 (2025-2026): vote tally matches on 2025-04-16 ({'yes': 30, 'no': 19, 'other': 0})
  [32m✓[0m  WA HB 1899 (2025-2026): sponsorship count matches (8)
  [32m✓[0m  WA HB 1911 (2025-2026): title matches
  [32m✓[0m  WA HB 1911 (2025-2026): latest_action matches
  [32m✓[0m  WA HB 1911 (2025-2026): vote event count matches (0)
  [32m✓[0m  WA HB 1911 (2025-2026): sponsorship count matches (18)
  [32m✓[0m  WA HB 1921 (2025-2026): title matches
  [32m✓[0m  WA HB 1921 (2025-2026): latest_action matches
  [32m✓[0m  WA HB 1921 (2025-2026): vote event count matches (0)
  [32m✓[0m  WA HB 1921 (2025-2026): sponsorship count matches (7)
  [32m✓[0m  WA HB 1941 (2025-2026): title matches
  [32m✓[0m  WA HB 1941 (2025-2026): latest_action matches
  [32m✓[0m  WA HB 1941 (2025-2026): vote event count matches (3)
  [32m✓[0m  WA HB 1941 (2025-2026): vote tally matches on 2026-02-13 ({'yes': 66, 'no': 27, 'other': 5})
  [32m✓[0m  WA HB 1941 (2025-2026): vote tally matches on 2026-03-05 ({'yes': 30, 'no': 18, 'other': 1})
  [32m✓[0m  WA HB 1941 (2025-2026): vote tally matches on 2026-03-12 ({'yes': 69, 'no': 26, 'other': 3})
  [32m✓[0m  WA HB 1941 (2025-2026): sponsorship count matches (12)
  [32m✓[0m  WA HB 1945 (2025-2026): title matches
  [32m✓[0m  WA HB 1945 (2025-2026): latest_action matches
  [32m✓[0m  WA HB 1945 (2025-2026): vote event count matches (0)
  [32m✓[0m  WA HB 1945 (2025-2026): sponsorship count matches (7)
  [32m✓[0m  WA HB 1946 (2025-2026): title matches
  [32m✓[0m  WA HB 1946 (2025-2026): latest_action matches
  [32m✓[0m  WA HB 1946 (2025-2026): vote event count matches (3)
  [32m✓[0m  WA HB 1946 (2025-2026): vote tally matches on 2025-03-12 ({'yes': 61, 'no': 36, 'other': 1})
  [32m✓[0m  WA HB 1946 (2025-2026): vote tally matches on 2025-04-14 ({'yes': 40, 'no': 9, 'other': 0})
  [32m✓[0m  WA HB 1946 (2025-2026): vote tally matches on 2025-04-21 ({'yes': 59, 'no': 38, 'other': 1})
  [32m✓[0m  WA HB 1946 (2025-2026): sponsorship count matches (9)
    ...150/500
  [31m✗[0m  WA HB 1955 (2025-2026): live API error  [429 Client Error: Too Many Requests for url: https://v3.openstates.org/bills?jurisdiction=wa&session=2025-2026&identifier=HB+1955&include=votes&include=sponsorships&include=actions&apikey=54a34b98-53ad-42f5-9487-e8dbe81cd68d]
  [31m✗[0m  WA HB 1956 (2025-2026): live API error  [429 Client Error: Too Many Requests for url: https://v3.openstates.org/bills?jurisdiction=wa&session=2025-2026&identifier=HB+1956&include=votes&include=sponsorships&include=actions&apikey=54a34b98-53ad-42f5-9487-e8dbe81cd68d]
  [31m✗[0m  WA HB 1958 (2025-2026): live API error  [429 Client Error: Too Many Requests for url: https://v3.openstates.org/bills?jurisdiction=wa&session=2025-2026&identifier=HB+1958&include=votes&include=sponsorships&include=actions&apikey=54a34b98-53ad-42f5-9487-e8dbe81cd68d]
  [32m✓[0m  WA HB 1960 (2025-2026): title matches
  [32m✓[0m  WA HB 1960 (2025-2026): latest_action matches
  [32m✓[0m  WA HB 1960 (2025-2026): vote event count matches (3)
  [32m✓[0m  WA HB 1960 (2025-2026): vote tally matches on 2026-02-23 ({'yes': 74, 'no': 15, 'other': 9})
  [32m✓[0m  WA HB 1960 (2025-2026): vote tally matches on 2026-03-05 ({'yes': 42, 'no': 6, 'other': 1})
  [32m✓[0m  WA HB 1960 (2025-2026): vote tally matches on 2026-03-11 ({'yes': 86, 'no': 9, 'other': 3})
  [32m✓[0m  WA HB 1960 (2025-2026): sponsorship count matches (8)
  [32m✓[0m  WA HB 1978 (2025-2026): title matches
  [32m✓[0m  WA HB 1978 (2025-2026): latest_action matches
  [32m✓[0m  WA HB 1978 (2025-2026): vote event count matches (0)
  [32m✓[0m  WA HB 1978 (2025-2026): sponsorship count matches (6)
  [32m✓[0m  WA HB 1989 (2025-2026): title matches
  [32m✓[0m  WA HB 1989 (2025-2026): latest_action matches
  [32m✓[0m  WA HB 1989 (2025-2026): vote event count matches (0)
  [32m✓[0m  WA HB 1989 (2025-2026): sponsorship count matches (9)
  [32m✓[0m  WA HB 1998 (2025-2026): title matches
  [32m✓[0m  WA HB 1998 (2025-2026): latest_action matches
  [32m✓[0m  WA HB 1998 (2025-2026): vote event count matches (0)
  [32m✓[0m  WA HB 1998 (2025-2026): sponsorship count matches (2)
  [32m✓[0m  WA HB 2001 (2025-2026): title matches
  [32m✓[0m  WA HB 2001 (2025-2026): latest_action matches
  [32m✓[0m  WA HB 2001 (2025-2026): vote event count matches (0)
  [32m✓[0m  WA HB 2001 (2025-2026): sponsorship count matches (1)
  [32m✓[0m  WA HB 2008 (2025-2026): title matches
  [32m✓[0m  WA HB 2008 (2025-2026): latest_action matches
  [32m✓[0m  WA HB 2008 (2025-2026): vote event count matches (0)
  [32m✓[0m  WA HB 2008 (2025-2026): sponsorship count matches (6)
  [32m✓[0m  WA HB 2017 (2025-2026): title matches
  [32m✓[0m  WA HB 2017 (2025-2026): latest_action matches
  [32m✓[0m  WA HB 2017 (2025-2026): vote event count matches (0)
  [32m✓[0m  WA HB 2017 (2025-2026): sponsorship count matches (1)
  [32m✓[0m  WA HB 2019 (2025-2026): title matches
  [32m✓[0m  WA HB 2019 (2025-2026): latest_action matches
  [32m✓[0m  WA HB 2019 (2025-2026): vote event count matches (0)
  [32m✓[0m  WA HB 2019 (2025-2026): sponsorship count matches (7)
  [32m✓[0m  WA HB 2020 (2025-2026): title matches
  [32m✓[0m  WA HB 2020 (2025-2026): latest_action matches
  [32m✓[0m  WA HB 2020 (2025-2026): vote event count matches (3)
  [32m✓[0m  WA HB 2020 (2025-2026): vote tally matches on 2025-04-17 ({'yes': 91, 'no': 4, 'other': 3})
  [32m✓[0m  WA HB 2020 (2025-2026): vote tally matches on 2025-04-17 ({'yes': 92, 'no': 1, 'other': 5})
  [32m✓[0m  WA HB 2020 (2025-2026): vote tally matches on 2025-04-26 ({'yes': 47, 'no': 0, 'other': 1})
  [32m✓[0m  WA HB 2020 (2025-2026): sponsorship count matches (6)
  [32m✓[0m  WA HB 2026 (2025-2026): title matches
  [32m✓[0m  WA HB 2026 (2025-2026): latest_action matches
  [32m✓[0m  WA HB 2026 (2025-2026): vote event count matches (0)
  [32m✓[0m  WA HB 2026 (2025-2026): sponsorship count matches (4)
  [32m✓[0m  WA HB 2076 (2025-2026): title matches
  [32m✓[0m  WA HB 2076 (2025-2026): latest_action matches
  [32m✓[0m  WA HB 2076 (2025-2026): vote event count matches (0)
  [32m✓[0m  WA HB 2076 (2025-2026): sponsorship count matches (6)
  [32m✓[0m  WA HB 2094 (2025-2026): title matches
  [32m✓[0m  WA HB 2094 (2025-2026): latest_action matches
  [32m✓[0m  WA HB 2094 (2025-2026): vote event count matches (0)
  [32m✓[0m  WA HB 2094 (2025-2026): sponsorship count matches (10)
  [32m✓[0m  WA HB 2095 (2025-2026): title matches
  [32m✓[0m  WA HB 2095 (2025-2026): latest_action matches
  [32m✓[0m  WA HB 2095 (2025-2026): vote event count matches (1)
  [32m✓[0m  WA HB 2095 (2025-2026): vote tally matches on 2026-02-17 ({'yes': 53, 'no': 44, 'other': 1})
  [32m✓[0m  WA HB 2095 (2025-2026): sponsorship count matches (13)
  [32m✓[0m  WA HB 2107 (2025-2026): title matches
  [32m✓[0m  WA HB 2107 (2025-2026): latest_action matches
  [32m✓[0m  WA HB 2107 (2025-2026): vote event count matches (2)
  [32m✓[0m  WA HB 2107 (2025-2026): vote tally matches on 2026-02-12 ({'yes': 94, 'no': 0, 'other': 4})
  [32m✓[0m  WA HB 2107 (2025-2026): vote tally matches on 2026-02-28 ({'yes': 47, 'no': 0, 'other': 2})
  [32m✓[0m  WA HB 2107 (2025-2026): sponsorship count matches (23)
  [32m✓[0m  WA HB 2111 (2025-2026): title matches
  [32m✓[0m  WA HB 2111 (2025-2026): latest_action matches
  [32m✓[0m  WA HB 2111 (2025-2026): vote event count matches (1)
  [32m✓[0m  WA HB 2111 (2025-2026): vote tally matches on 2026-02-11 ({'yes': 95, 'no': 0, 'other': 3})
  [32m✓[0m  WA HB 2111 (2025-2026): sponsorship count matches (10)
  [32m✓[0m  WA HB 2112 (2025-2026): title matches
  [32m✓[0m  WA HB 2112 (2025-2026): latest_action matches
  [32m✓[0m  WA HB 2112 (2025-2026): vote event count matches (0)
  [32m✓[0m  WA HB 2112 (2025-2026): sponsorship count matches (20)
  [32m✓[0m  WA HB 2127 (2025-2026): title matches
  [32m✓[0m  WA HB 2127 (2025-2026): latest_action matches
  [32m✓[0m  WA HB 2127 (2025-2026): vote event count matches (0)
  [32m✓[0m  WA HB 2127 (2025-2026): sponsorship count matches (7)
  [32m✓[0m  WA HB 2143 (2025-2026): title matches
  [32m✓[0m  WA HB 2143 (2025-2026): latest_action matches
  [32m✓[0m  WA HB 2143 (2025-2026): vote event count matches (0)
  [32m✓[0m  WA HB 2143 (2025-2026): sponsorship count matches (2)
  [32m✓[0m  WA HB 2155 (2025-2026): title matches
  [32m✓[0m  WA HB 2155 (2025-2026): latest_action matches
  [32m✓[0m  WA HB 2155 (2025-2026): vote event count matches (2)
  [32m✓[0m  WA HB 2155 (2025-2026): vote tally matches on 2026-02-11 ({'yes': 87, 'no': 8, 'other': 3})
  [32m✓[0m  WA HB 2155 (2025-2026): vote tally matches on 2026-02-26 ({'yes': 46, 'no': 2, 'other': 1})
  [32m✓[0m  WA HB 2155 (2025-2026): sponsorship count matches (12)
  [32m✓[0m  WA HB 2164 (2025-2026): title matches
  [32m✓[0m  WA HB 2164 (2025-2026): latest_action matches
  [32m✓[0m  WA HB 2164 (2025-2026): vote event count matches (0)
  [32m✓[0m  WA HB 2164 (2025-2026): sponsorship count matches (18)
  [32m✓[0m  WA HB 2174 (2025-2026): title matches
  [32m✓[0m  WA HB 2174 (2025-2026): latest_action matches
  [32m✓[0m  WA HB 2174 (2025-2026): vote event count matches (0)
  [32m✓[0m  WA HB 2174 (2025-2026): sponsorship count matches (7)
  [31m✗[0m  WA HB 2180 (2025-2026): live API error  [HTTPSConnectionPool(host='v3.openstates.org', port=443): Read timed out. (read timeout=15)]
    ...175/500
  [31m✗[0m  WA HB 2185 (2025-2026): live API error  [HTTPSConnectionPool(host='v3.openstates.org', port=443): Read timed out. (read timeout=15)]
  [31m✗[0m  WA HB 2189 (2025-2026): live API error  [HTTPSConnectionPool(host='v3.openstates.org', port=443): Read timed out. (read timeout=15)]
  [32m✓[0m  WA HB 2193 (2025-2026): title matches
  [32m✓[0m  WA HB 2193 (2025-2026): latest_action matches
  [32m✓[0m  WA HB 2193 (2025-2026): vote event count matches (0)
  [32m✓[0m  WA HB 2193 (2025-2026): sponsorship count matches (9)
  [32m✓[0m  WA HB 2201 (2025-2026): title matches
  [32m✓[0m  WA HB 2201 (2025-2026): latest_action matches
  [32m✓[0m  WA HB 2201 (2025-2026): vote event count matches (0)
  [32m✓[0m  WA HB 2201 (2025-2026): sponsorship count matches (7)
  [32m✓[0m  WA HB 2208 (2025-2026): title matches
  [32m✓[0m  WA HB 2208 (2025-2026): latest_action matches
  [32m✓[0m  WA HB 2208 (2025-2026): vote event count matches (0)
  [32m✓[0m  WA HB 2208 (2025-2026): sponsorship count matches (7)
  [31m✗[0m  WA HB 2215 (2025-2026): live API error  [HTTPSConnectionPool(host='v3.openstates.org', port=443): Read timed out. (read timeout=15)]
  [31m✗[0m  WA HB 2219 (2025-2026): live API error  [HTTPSConnectionPool(host='v3.openstates.org', port=443): Read timed out. (read timeout=15)]
  [31m✗[0m  WA HB 2224 (2025-2026): live API error  [HTTPSConnectionPool(host='v3.openstates.org', port=443): Read timed out. (read timeout=15)]
  [32m✓[0m  WA HB 2225 (2025-2026): title matches
  [32m✓[0m  WA HB 2225 (2025-2026): latest_action matches
  [32m✓[0m  WA HB 2225 (2025-2026): vote event count matches (3)
  [32m✓[0m  WA HB 2225 (2025-2026): vote tally matches on 2026-02-17 ({'yes': 69, 'no': 28, 'other': 1})
  [32m✓[0m  WA HB 2225 (2025-2026): vote tally matches on 2026-03-06 ({'yes': 43, 'no': 5, 'other': 1})
  [32m✓[0m  WA HB 2225 (2025-2026): vote tally matches on 2026-03-11 ({'yes': 74, 'no': 21, 'other': 3})
  [32m✓[0m  WA HB 2225 (2025-2026): sponsorship count matches (31)
  [31m✗[0m  WA HB 2231 (2025-2026): live API error  [HTTPSConnectionPool(host='v3.openstates.org', port=443): Read timed out. (read timeout=15)]
  [31m✗[0m  WA HB 2235 (2025-2026): live API error  [HTTPSConnectionPool(host='v3.openstates.org', port=443): Read timed out. (read timeout=15)]
  [31m✗[0m  WA HB 2237 (2025-2026): live API error  [HTTPSConnectionPool(host='v3.openstates.org', port=443): Read timed out. (read timeout=15)]
  [32m✓[0m  WA HB 2250 (2025-2026): title matches
  [32m✓[0m  WA HB 2250 (2025-2026): latest_action matches
  [32m✓[0m  WA HB 2250 (2025-2026): vote event count matches (0)
  [32m✓[0m  WA HB 2250 (2025-2026): sponsorship count matches (5)
  [31m✗[0m  WA HB 2256 (2025-2026): live API error  [HTTPSConnectionPool(host='v3.openstates.org', port=443): Read timed out. (read timeout=15)]
  [31m✗[0m  WA HB 2257 (2025-2026): live API error  [HTTPSConnectionPool(host='v3.openstates.org', port=443): Read timed out. (read timeout=15)]
  [31m✗[0m  WA HB 2268 (2025-2026): live API error  [HTTPSConnectionPool(host='v3.openstates.org', port=443): Read timed out. (read timeout=15)]
  [31m✗[0m  WA HB 2270 (2025-2026): live API error  [HTTPSConnectionPool(host='v3.openstates.org', port=443): Read timed out. (read timeout=15)]
  [31m✗[0m  WA HB 2282 (2025-2026): live API error  [HTTPSConnectionPool(host='v3.openstates.org', port=443): Read timed out. (read timeout=15)]
  [31m✗[0m  WA HB 2294 (2025-2026): live API error  [HTTPSConnectionPool(host='v3.openstates.org', port=443): Read timed out. (read timeout=15)]
  [31m✗[0m  WA HB 2306 (2025-2026): live API error  [HTTPSConnectionPool(host='v3.openstates.org', port=443): Read timed out. (read timeout=15)]
  [31m✗[0m  WA HB 2314 (2025-2026): live API error  [HTTPSConnectionPool(host='v3.openstates.org', port=443): Read timed out. (read timeout=15)]
  [31m✗[0m  WA HB 2320 (2025-2026): live API error  [HTTPSConnectionPool(host='v3.openstates.org', port=443): Read timed out. (read timeout=15)]
  [32m✓[0m  WA HB 2321 (2025-2026): title matches
  [32m✓[0m  WA HB 2321 (2025-2026): latest_action matches
  [32m✓[0m  WA HB 2321 (2025-2026): vote event count matches (0)
  [32m✓[0m  WA HB 2321 (2025-2026): sponsorship count matches (26)
  [32m✓[0m  WA HB 2331 (2025-2026): title matches
  [32m✓[0m  WA HB 2331 (2025-2026): latest_action matches
  [32m✓[0m  WA HB 2331 (2025-2026): vote event count matches (0)
  [32m✓[0m  WA HB 2331 (2025-2026): sponsorship count matches (2)
  [32m✓[0m  WA HB 2337 (2025-2026): title matches
  [32m✓[0m  WA HB 2337 (2025-2026): latest_action matches
  [32m✓[0m  WA HB 2337 (2025-2026): vote event count matches (0)
  [32m✓[0m  WA HB 2337 (2025-2026): sponsorship count matches (1)
    ...200/500
  [32m✓[0m  WA HB 2340 (2025-2026): title matches
  [32m✓[0m  WA HB 2340 (2025-2026): latest_action matches
  [32m✓[0m  WA HB 2340 (2025-2026): vote event count matches (2)
  [32m✓[0m  WA HB 2340 (2025-2026): vote tally matches on 2026-02-10 ({'yes': 92, 'no': 3, 'other': 3})
  [32m✓[0m  WA HB 2340 (2025-2026): vote tally matches on 2026-03-04 ({'yes': 46, 'no': 2, 'other': 1})
  [32m✓[0m  WA HB 2340 (2025-2026): sponsorship count matches (1)
  [32m✓[0m  WA HB 2346 (2025-2026): title matches
  [32m✓[0m  WA HB 2346 (2025-2026): latest_action matches
  [32m✓[0m  WA HB 2346 (2025-2026): vote event count matches (0)
  [32m✓[0m  WA HB 2346 (2025-2026): sponsorship count matches (7)
  [32m✓[0m  WA HB 2352 (2025-2026): title matches
  [32m✓[0m  WA HB 2352 (2025-2026): latest_action matches
  [32m✓[0m  WA HB 2352 (2025-2026): vote event count matches (0)
  [32m✓[0m  WA HB 2352 (2025-2026): sponsorship count matches (10)
  [32m✓[0m  WA HB 2358 (2025-2026): title matches
  [32m✓[0m  WA HB 2358 (2025-2026): latest_action matches
  [32m✓[0m  WA HB 2358 (2025-2026): vote event count matches (0)
  [32m✓[0m  WA HB 2358 (2025-2026): sponsorship count matches (3)
  [32m✓[0m  WA HB 2363 (2025-2026): title matches
  [32m✓[0m  WA HB 2363 (2025-2026): latest_action matches
  [32m✓[0m  WA HB 2363 (2025-2026): vote event count matches (2)
  [32m✓[0m  WA HB 2363 (2025-2026): vote tally matches on 2026-02-12 ({'yes': 94, 'no': 0, 'other': 4})
  [32m✓[0m  WA HB 2363 (2025-2026): vote tally matches on 2026-03-03 ({'yes': 48, 'no': 0, 'other': 1})
  [32m✓[0m  WA HB 2363 (2025-2026): sponsorship count matches (4)
  [32m✓[0m  WA HB 2364 (2025-2026): title matches
  [32m✓[0m  WA HB 2364 (2025-2026): latest_action matches
  [32m✓[0m  WA HB 2364 (2025-2026): vote event count matches (0)
  [32m✓[0m  WA HB 2364 (2025-2026): sponsorship count matches (8)
  [32m✓[0m  WA HB 2381 (2025-2026): title matches
  [32m✓[0m  WA HB 2381 (2025-2026): latest_action matches
  [32m✓[0m  WA HB 2381 (2025-2026): vote event count matches (0)
  [32m✓[0m  WA HB 2381 (2025-2026): sponsorship count matches (6)
  [31m✗[0m  WA HB 2386 (2025-2026): live API error  [HTTPSConnectionPool(host='v3.openstates.org', port=443): Read timed out. (read timeout=15)]
  [32m✓[0m  WA HB 2387 (2025-2026): title matches
  [32m✓[0m  WA HB 2387 (2025-2026): latest_action matches
  [32m✓[0m  WA HB 2387 (2025-2026): vote event count matches (0)
  [32m✓[0m  WA HB 2387 (2025-2026): sponsorship count matches (14)
  [32m✓[0m  WA HB 2389 (2025-2026): title matches
  [32m✓[0m  WA HB 2389 (2025-2026): latest_action matches
  [32m✓[0m  WA HB 2389 (2025-2026): vote event count matches (0)
  [32m✓[0m  WA HB 2389 (2025-2026): sponsorship count matches (19)
  [32m✓[0m  WA HB 2391 (2025-2026): title matches
  [32m✓[0m  WA HB 2391 (2025-2026): latest_action matches
  [32m✓[0m  WA HB 2391 (2025-2026): vote event count matches (0)
  [32m✓[0m  WA HB 2391 (2025-2026): sponsorship count matches (5)
  [32m✓[0m  WA HB 2399 (2025-2026): title matches
  [32m✓[0m  WA HB 2399 (2025-2026): latest_action matches
  [32m✓[0m  WA HB 2399 (2025-2026): vote event count matches (0)
  [32m✓[0m  WA HB 2399 (2025-2026): sponsorship count matches (4)
  [32m✓[0m  WA HB 2402 (2025-2026): title matches
  [32m✓[0m  WA HB 2402 (2025-2026): latest_action matches
  [32m✓[0m  WA HB 2402 (2025-2026): vote event count matches (0)
  [32m✓[0m  WA HB 2402 (2025-2026): sponsorship count matches (4)
  [32m✓[0m  WA HB 2405 (2025-2026): title matches
  [32m✓[0m  WA HB 2405 (2025-2026): latest_action matches
  [32m✓[0m  WA HB 2405 (2025-2026): vote event count matches (2)
  [32m✓[0m  WA HB 2405 (2025-2026): vote tally matches on 2026-02-16 ({'yes': 90, 'no': 1, 'other': 7})
  [32m✓[0m  WA HB 2405 (2025-2026): vote tally matches on 2026-03-05 ({'yes': 49, 'no': 0, 'other': 0})
  [32m✓[0m  WA HB 2405 (2025-2026): sponsorship count matches (7)
  [32m✓[0m  WA HB 2411 (2025-2026): title matches
  [32m✓[0m  WA HB 2411 (2025-2026): latest_action matches
  [32m✓[0m  WA HB 2411 (2025-2026): vote event count matches (2)
  [32m✓[0m  WA HB 2411 (2025-2026): vote tally matches on 2026-01-29 ({'yes': 60, 'no': 36, 'other': 2})
  [32m✓[0m  WA HB 2411 (2025-2026): vote tally matches on 2026-03-05 ({'yes': 30, 'no': 19, 'other': 0})
  [32m✓[0m  WA HB 2411 (2025-2026): sponsorship count matches (22)
  [32m✓[0m  WA HB 2425 (2025-2026): title matches
  [32m✓[0m  WA HB 2425 (2025-2026): latest_action matches
  [32m✓[0m  WA HB 2425 (2025-2026): vote event count matches (0)
  [32m✓[0m  WA HB 2425 (2025-2026): sponsorship count matches (6)
  [32m✓[0m  WA HB 2429 (2025-2026): title matches
  [32m✓[0m  WA HB 2429 (2025-2026): latest_action matches
  [32m✓[0m  WA HB 2429 (2025-2026): vote event count matches (3)
  [32m✓[0m  WA HB 2429 (2025-2026): vote tally matches on 2026-02-13 ({'yes': 94, 'no': 0, 'other': 4})
  [32m✓[0m  WA HB 2429 (2025-2026): vote tally matches on 2026-03-03 ({'yes': 49, 'no': 0, 'other': 0})
  [32m✓[0m  WA HB 2429 (2025-2026): vote tally matches on 2026-03-09 ({'yes': 95, 'no': 0, 'other': 3})
  [32m✓[0m  WA HB 2429 (2025-2026): sponsorship count matches (24)
  [32m✓[0m  WA HB 2439 (2025-2026): title matches
  [32m✓[0m  WA HB 2439 (2025-2026): latest_action matches
  [32m✓[0m  WA HB 2439 (2025-2026): vote event count matches (0)
  [32m✓[0m  WA HB 2439 (2025-2026): sponsorship count matches (4)
  [32m✓[0m  WA HB 2440 (2025-2026): title matches
  [32m✓[0m  WA HB 2440 (2025-2026): latest_action matches
  [32m✓[0m  WA HB 2440 (2025-2026): vote event count matches (0)
  [32m✓[0m  WA HB 2440 (2025-2026): sponsorship count matches (2)
  [32m✓[0m  WA HB 2441 (2025-2026): title matches
  [32m✓[0m  WA HB 2441 (2025-2026): latest_action matches
  [32m✓[0m  WA HB 2441 (2025-2026): vote event count matches (2)
  [32m✓[0m  WA HB 2441 (2025-2026): vote tally matches on 2026-02-12 ({'yes': 94, 'no': 0, 'other': 4})
  [32m✓[0m  WA HB 2441 (2025-2026): vote tally matches on 2026-03-04 ({'yes': 49, 'no': 0, 'other': 0})
  [32m✓[0m  WA HB 2441 (2025-2026): sponsorship count matches (4)
  [32m✓[0m  WA HB 2461 (2025-2026): title matches
  [32m✓[0m  WA HB 2461 (2025-2026): latest_action matches
  [32m✓[0m  WA HB 2461 (2025-2026): vote event count matches (0)
  [32m✓[0m  WA HB 2461 (2025-2026): sponsorship count matches (18)
  [32m✓[0m  WA HB 2477 (2025-2026): title matches
  [32m✓[0m  WA HB 2477 (2025-2026): latest_action matches
  [32m✓[0m  WA HB 2477 (2025-2026): vote event count matches (0)
  [32m✓[0m  WA HB 2477 (2025-2026): sponsorship count matches (3)
  [32m✓[0m  WA HB 2482 (2025-2026): title matches
  [32m✓[0m  WA HB 2482 (2025-2026): latest_action matches
  [32m✓[0m  WA HB 2482 (2025-2026): vote event count matches (0)
  [32m✓[0m  WA HB 2482 (2025-2026): sponsorship count matches (2)
  [32m✓[0m  WA HB 2492 (2025-2026): title matches
  [32m✓[0m  WA HB 2492 (2025-2026): latest_action matches
  [32m✓[0m  WA HB 2492 (2025-2026): vote event count matches (2)
  [32m✓[0m  WA HB 2492 (2025-2026): vote tally matches on 2026-02-10 ({'yes': 79, 'no': 16, 'other': 3})
  [32m✓[0m  WA HB 2492 (2025-2026): vote tally matches on 2026-02-26 ({'yes': 42, 'no': 6, 'other': 1})
  [32m✓[0m  WA HB 2492 (2025-2026): sponsorship count matches (23)
  [32m✓[0m  WA HB 2499 (2025-2026): title matches
  [32m✓[0m  WA HB 2499 (2025-2026): latest_action matches
  [32m✓[0m  WA HB 2499 (2025-2026): vote event count matches (0)
  [32m✓[0m  WA HB 2499 (2025-2026): sponsorship count matches (8)
    ...225/500
  [32m✓[0m  WA HB 2505 (2025-2026): title matches
  [32m✓[0m  WA HB 2505 (2025-2026): latest_action matches
  [32m✓[0m  WA HB 2505 (2025-2026): vote event count matches (2)
  [32m✓[0m  WA HB 2505 (2025-2026): vote tally matches on 2026-02-12 ({'yes': 96, 'no': 0, 'other': 2})
  [32m✓[0m  WA HB 2505 (2025-2026): vote tally matches on 2026-03-05 ({'yes': 48, 'no': 0, 'other': 1})
  [32m✓[0m  WA HB 2505 (2025-2026): sponsorship count matches (5)
  [32m✓[0m  WA HB 2520 (2025-2026): title matches
  [32m✓[0m  WA HB 2520 (2025-2026): latest_action matches
  [32m✓[0m  WA HB 2520 (2025-2026): vote event count matches (0)
  [32m✓[0m  WA HB 2520 (2025-2026): sponsorship count matches (7)
  [32m✓[0m  WA HB 2524 (2025-2026): title matches
  [32m✓[0m  WA HB 2524 (2025-2026): latest_action matches
  [32m✓[0m  WA HB 2524 (2025-2026): vote event count matches (0)
  [32m✓[0m  WA HB 2524 (2025-2026): sponsorship count matches (13)
  [32m✓[0m  WA HB 2527 (2025-2026): title matches
  [32m✓[0m  WA HB 2527 (2025-2026): latest_action matches
  [32m✓[0m  WA HB 2527 (2025-2026): vote event count matches (0)
  [32m✓[0m  WA HB 2527 (2025-2026): sponsorship count matches (15)
  [32m✓[0m  WA HB 2533 (2025-2026): title matches
  [32m✓[0m  WA HB 2533 (2025-2026): latest_action matches
  [32m✓[0m  WA HB 2533 (2025-2026): vote event count matches (0)
  [32m✓[0m  WA HB 2533 (2025-2026): sponsorship count matches (7)
  [32m✓[0m  WA HB 2535 (2025-2026): title matches
  [32m✓[0m  WA HB 2535 (2025-2026): latest_action matches
  [32m✓[0m  WA HB 2535 (2025-2026): vote event count matches (0)
  [32m✓[0m  WA HB 2535 (2025-2026): sponsorship count matches (6)
  [32m✓[0m  WA HB 2536 (2025-2026): title matches
  [32m✓[0m  WA HB 2536 (2025-2026): latest_action matches
  [32m✓[0m  WA HB 2536 (2025-2026): vote event count matches (0)
  [32m✓[0m  WA HB 2536 (2025-2026): sponsorship count matches (7)
  [32m✓[0m  WA HB 2545 (2025-2026): title matches
  [32m✓[0m  WA HB 2545 (2025-2026): latest_action matches
  [32m✓[0m  WA HB 2545 (2025-2026): vote event count matches (0)
  [32m✓[0m  WA HB 2545 (2025-2026): sponsorship count matches (5)
  [32m✓[0m  WA HB 2549 (2025-2026): title matches
  [32m✓[0m  WA HB 2549 (2025-2026): latest_action matches
  [32m✓[0m  WA HB 2549 (2025-2026): vote event count matches (0)
  [32m✓[0m  WA HB 2549 (2025-2026): sponsorship count matches (8)
  [32m✓[0m  WA HB 2561 (2025-2026): title matches
  [32m✓[0m  WA HB 2561 (2025-2026): latest_action matches
  [32m✓[0m  WA HB 2561 (2025-2026): vote event count matches (0)
  [32m✓[0m  WA HB 2561 (2025-2026): sponsorship count matches (7)
  [32m✓[0m  WA HB 2580 (2025-2026): title matches
  [32m✓[0m  WA HB 2580 (2025-2026): latest_action matches
  [32m✓[0m  WA HB 2580 (2025-2026): vote event count matches (0)
  [32m✓[0m  WA HB 2580 (2025-2026): sponsorship count matches (2)
  [32m✓[0m  WA HB 2585 (2025-2026): title matches
  [32m✓[0m  WA HB 2585 (2025-2026): latest_action matches
  [32m✓[0m  WA HB 2585 (2025-2026): vote event count matches (0)
  [32m✓[0m  WA HB 2585 (2025-2026): sponsorship count matches (2)
  [32m✓[0m  WA HB 2615 (2025-2026): title matches
  [32m✓[0m  WA HB 2615 (2025-2026): latest_action matches
  [32m✓[0m  WA HB 2615 (2025-2026): vote event count matches (0)
  [32m✓[0m  WA HB 2615 (2025-2026): sponsorship count matches (4)
  [32m✓[0m  WA HB 2616 (2025-2026): title matches
  [32m✓[0m  WA HB 2616 (2025-2026): latest_action matches
  [32m✓[0m  WA HB 2616 (2025-2026): vote event count matches (0)
  [32m✓[0m  WA HB 2616 (2025-2026): sponsorship count matches (3)
  [31m✗[0m  WA HB 2619 (2025-2026): live API error  [HTTPSConnectionPool(host='v3.openstates.org', port=443): Read timed out. (read timeout=15)]
  [32m✓[0m  WA HB 2626 (2025-2026): title matches
  [32m✓[0m  WA HB 2626 (2025-2026): latest_action matches
  [32m✓[0m  WA HB 2626 (2025-2026): vote event count matches (0)
  [32m✓[0m  WA HB 2626 (2025-2026): sponsorship count matches (3)
  [32m✓[0m  WA HB 2628 (2025-2026): title matches
  [32m✓[0m  WA HB 2628 (2025-2026): latest_action matches
  [32m✓[0m  WA HB 2628 (2025-2026): vote event count matches (0)
  [32m✓[0m  WA HB 2628 (2025-2026): sponsorship count matches (7)
  [32m✓[0m  WA HB 2634 (2025-2026): title matches
  [32m✓[0m  WA HB 2634 (2025-2026): latest_action matches
  [32m✓[0m  WA HB 2634 (2025-2026): vote event count matches (0)
  [32m✓[0m  WA HB 2634 (2025-2026): sponsorship count matches (10)
  [32m✓[0m  WA HB 2637 (2025-2026): title matches
  [32m✓[0m  WA HB 2637 (2025-2026): latest_action matches
  [32m✓[0m  WA HB 2637 (2025-2026): vote event count matches (1)
  [32m✓[0m  WA HB 2637 (2025-2026): vote tally matches on 2026-02-16 ({'yes': 52, 'no': 45, 'other': 1})
  [32m✓[0m  WA HB 2637 (2025-2026): sponsorship count matches (16)
  [32m✓[0m  WA HB 2646 (2025-2026): title matches
  [32m✓[0m  WA HB 2646 (2025-2026): latest_action matches
  [32m✓[0m  WA HB 2646 (2025-2026): vote event count matches (0)
  [32m✓[0m  WA HB 2646 (2025-2026): sponsorship count matches (3)
  [32m✓[0m  WA HB 2648 (2025-2026): title matches
  [32m✓[0m  WA HB 2648 (2025-2026): latest_action matches
  [32m✓[0m  WA HB 2648 (2025-2026): vote event count matches (0)
  [32m✓[0m  WA HB 2648 (2025-2026): sponsorship count matches (3)
  [32m✓[0m  WA HB 2675 (2025-2026): title matches
  [32m✓[0m  WA HB 2675 (2025-2026): latest_action matches
  [32m✓[0m  WA HB 2675 (2025-2026): vote event count matches (2)
  [32m✓[0m  WA HB 2675 (2025-2026): vote tally matches on 2026-02-23 ({'yes': 89, 'no': 0, 'other': 9})
  [32m✓[0m  WA HB 2675 (2025-2026): vote tally matches on 2026-03-09 ({'yes': 37, 'no': 12, 'other': 0})
  [32m✓[0m  WA HB 2675 (2025-2026): sponsorship count matches (2)
  [32m✓[0m  WA HB 2684 (2025-2026): title matches
  [32m✓[0m  WA HB 2684 (2025-2026): latest_action matches
  [32m✓[0m  WA HB 2684 (2025-2026): vote event count matches (0)
  [32m✓[0m  WA HB 2684 (2025-2026): sponsorship count matches (3)
  [32m✓[0m  WA HB 2688 (2025-2026): title matches
  [32m✓[0m  WA HB 2688 (2025-2026): latest_action matches
  [32m✓[0m  WA HB 2688 (2025-2026): vote event count matches (0)
  [32m✓[0m  WA HB 2688 (2025-2026): sponsorship count matches (3)
  [32m✓[0m  WA HB 2693 (2025-2026): title matches
  [32m✓[0m  WA HB 2693 (2025-2026): latest_action matches
  [32m✓[0m  WA HB 2693 (2025-2026): vote event count matches (0)
  [32m✓[0m  WA HB 2693 (2025-2026): sponsorship count matches (4)
    ...250/500
  [32m✓[0m  WA HB 2703 (2025-2026): title matches
  [32m✓[0m  WA HB 2703 (2025-2026): latest_action matches
  [32m✓[0m  WA HB 2703 (2025-2026): vote event count matches (0)
  [32m✓[0m  WA HB 2703 (2025-2026): sponsorship count matches (4)
  [32m✓[0m  WA HB 2707 (2025-2026): title matches
  [32m✓[0m  WA HB 2707 (2025-2026): latest_action matches
  [32m✓[0m  WA HB 2707 (2025-2026): vote event count matches (0)
  [32m✓[0m  WA HB 2707 (2025-2026): sponsorship count matches (5)
  [32m✓[0m  WA HB 2708 (2025-2026): title matches
  [32m✓[0m  WA HB 2708 (2025-2026): latest_action matches
  [32m✓[0m  WA HB 2708 (2025-2026): vote event count matches (0)
  [32m✓[0m  WA HB 2708 (2025-2026): sponsorship count matches (7)
  [32m✓[0m  WA HB 2721 (2025-2026): title matches
  [32m✓[0m  WA HB 2721 (2025-2026): latest_action matches
  [32m✓[0m  WA HB 2721 (2025-2026): vote event count matches (0)
  [32m✓[0m  WA HB 2721 (2025-2026): sponsorship count matches (2)
  [32m✓[0m  WA HCR 4404 (2025-2026): title matches
  [32m✓[0m  WA HCR 4404 (2025-2026): latest_action matches
  [32m✓[0m  WA HCR 4404 (2025-2026): vote event count matches (0)
  [32m✓[0m  WA HCR 4404 (2025-2026): sponsorship count matches (2)
  [32m✓[0m  WA HJM 4013 (2025-2026): title matches
  [32m✓[0m  WA HJM 4013 (2025-2026): latest_action matches
  [32m✓[0m  WA HJM 4013 (2025-2026): vote event count matches (0)
  [32m✓[0m  WA HJM 4013 (2025-2026): sponsorship count matches (24)
  [32m✓[0m  WA HJR 4207 (2025-2026): title matches
  [32m✓[0m  WA HJR 4207 (2025-2026): latest_action matches
  [32m✓[0m  WA HJR 4207 (2025-2026): vote event count matches (0)
  [32m✓[0m  WA HJR 4207 (2025-2026): sponsorship count matches (10)
  [32m✓[0m  WA HJR 4212 (2025-2026): title matches
  [32m✓[0m  WA HJR 4212 (2025-2026): latest_action matches
  [32m✓[0m  WA HJR 4212 (2025-2026): vote event count matches (0)
  [32m✓[0m  WA HJR 4212 (2025-2026): sponsorship count matches (4)
  [32m✓[0m  WA HR 4611 (2025-2026): title matches
  [32m✓[0m  WA HR 4611 (2025-2026): latest_action matches
  [32m✓[0m  WA HR 4611 (2025-2026): vote event count matches (0)
  [32m✓[0m  WA HR 4611 (2025-2026): sponsorship count matches (98)
  [32m✓[0m  WA HR 4614 (2025-2026): title matches
  [32m✓[0m  WA HR 4614 (2025-2026): latest_action matches
  [32m✓[0m  WA HR 4614 (2025-2026): vote event count matches (0)
  [32m✓[0m  WA HR 4614 (2025-2026): sponsorship count matches (14)
  [32m✓[0m  WA HR 4617 (2025-2026): title matches
  [32m✓[0m  WA HR 4617 (2025-2026): latest_action matches
  [32m✓[0m  WA HR 4617 (2025-2026): vote event count matches (0)
  [32m✓[0m  WA HR 4617 (2025-2026): sponsorship count matches (98)
  [32m✓[0m  WA HR 4626 (2025-2026): title matches
  [32m✓[0m  WA HR 4626 (2025-2026): latest_action matches
  [32m✓[0m  WA HR 4626 (2025-2026): vote event count matches (0)
  [32m✓[0m  WA HR 4626 (2025-2026): sponsorship count matches (31)
  [31m✗[0m  WA HR 4633 (2025-2026): live API error  [HTTPSConnectionPool(host='v3.openstates.org', port=443): Read timed out. (read timeout=15)]
  [31m✗[0m  WA HR 4638 (2025-2026): live API error  [HTTPSConnectionPool(host='v3.openstates.org', port=443): Read timed out. (read timeout=15)]
  [32m✓[0m  WA HR 4641 (2025-2026): title matches
  [32m✓[0m  WA HR 4641 (2025-2026): latest_action matches
  [32m✓[0m  WA HR 4641 (2025-2026): vote event count matches (0)
  [32m✓[0m  WA HR 4641 (2025-2026): sponsorship count matches (44)
  [32m✓[0m  WA HR 4643 (2025-2026): title matches
  [32m✓[0m  WA HR 4643 (2025-2026): latest_action matches
  [32m✓[0m  WA HR 4643 (2025-2026): vote event count matches (0)
  [32m✓[0m  WA HR 4643 (2025-2026): sponsorship count matches (8)
  [32m✓[0m  WA HR 4644 (2025-2026): title matches
  [32m✓[0m  WA HR 4644 (2025-2026): latest_action matches
  [32m✓[0m  WA HR 4644 (2025-2026): vote event count matches (0)
  [32m✓[0m  WA HR 4644 (2025-2026): sponsorship count matches (3)
  [32m✓[0m  WA HR 4647 (2025-2026): title matches
  [32m✓[0m  WA HR 4647 (2025-2026): latest_action matches
  [32m✓[0m  WA HR 4647 (2025-2026): vote event count matches (0)
  [32m✓[0m  WA HR 4647 (2025-2026): sponsorship count matches (58)
  [32m✓[0m  WA HR 4648 (2025-2026): title matches
  [32m✓[0m  WA HR 4648 (2025-2026): latest_action matches
  [32m✓[0m  WA HR 4648 (2025-2026): vote event count matches (0)
  [32m✓[0m  WA HR 4648 (2025-2026): sponsorship count matches (3)
  [32m✓[0m  WA HR 4653 (2025-2026): title matches
  [32m✓[0m  WA HR 4653 (2025-2026): latest_action matches
  [32m✓[0m  WA HR 4653 (2025-2026): vote event count matches (0)
  [32m✓[0m  WA HR 4653 (2025-2026): sponsorship count matches (16)
  [32m✓[0m  WA HR 4654 (2025-2026): title matches
  [32m✓[0m  WA HR 4654 (2025-2026): latest_action matches
  [32m✓[0m  WA HR 4654 (2025-2026): vote event count matches (0)
  [32m✓[0m  WA HR 4654 (2025-2026): sponsorship count matches (12)
  [32m✓[0m  WA HR 4665 (2025-2026): title matches
  [32m✓[0m  WA HR 4665 (2025-2026): latest_action matches
  [32m✓[0m  WA HR 4665 (2025-2026): vote event count matches (0)
  [32m✓[0m  WA HR 4665 (2025-2026): sponsorship count matches (2)
  [32m✓[0m  WA HR 4667 (2025-2026): title matches
  [32m✓[0m  WA HR 4667 (2025-2026): latest_action matches
  [32m✓[0m  WA HR 4667 (2025-2026): vote event count matches (0)
  [32m✓[0m  WA HR 4667 (2025-2026): sponsorship count matches (1)
  [32m✓[0m  WA HR 4669 (2025-2026): title matches
  [32m✓[0m  WA HR 4669 (2025-2026): latest_action matches
  [32m✓[0m  WA HR 4669 (2025-2026): vote event count matches (0)
  [32m✓[0m  WA HR 4669 (2025-2026): sponsorship count matches (41)
  [32m✓[0m  WA HR 4677 (2025-2026): title matches
  [32m✓[0m  WA HR 4677 (2025-2026): latest_action matches
  [32m✓[0m  WA HR 4677 (2025-2026): vote event count matches (0)
  [32m✓[0m  WA HR 4677 (2025-2026): sponsorship count matches (23)
    ...275/500
  [32m✓[0m  WA HR 4701 (2025-2026): title matches
  [32m✓[0m  WA HR 4701 (2025-2026): latest_action matches
  [32m✓[0m  WA HR 4701 (2025-2026): vote event count matches (0)
  [32m✓[0m  WA HR 4701 (2025-2026): sponsorship count matches (35)
  [32m✓[0m  WA HR 4711 (2025-2026): title matches
  [32m✓[0m  WA HR 4711 (2025-2026): latest_action matches
  [32m✓[0m  WA HR 4711 (2025-2026): vote event count matches (0)
  [32m✓[0m  WA HR 4711 (2025-2026): sponsorship count matches (25)
  [32m✓[0m  WA SB 5006 (2025-2026): title matches
  [32m✓[0m  WA SB 5006 (2025-2026): latest_action matches
  [32m✓[0m  WA SB 5006 (2025-2026): vote event count matches (2)
  [32m✓[0m  WA SB 5006 (2025-2026): vote tally matches on 2025-02-05 ({'yes': 49, 'no': 0, 'other': 0})
  [32m✓[0m  WA SB 5006 (2025-2026): vote tally matches on 2025-03-26 ({'yes': 92, 'no': 6, 'other': 0})
  [32m✓[0m  WA SB 5006 (2025-2026): sponsorship count matches (4)
  [32m✓[0m  WA SB 5016 (2025-2026): title matches
  [32m✓[0m  WA SB 5016 (2025-2026): latest_action matches
  [32m✓[0m  WA SB 5016 (2025-2026): vote event count matches (1)
  [32m✓[0m  WA SB 5016 (2025-2026): vote tally matches on 2025-02-05 ({'yes': 49, 'no': 0, 'other': 0})
  [32m✓[0m  WA SB 5016 (2025-2026): sponsorship count matches (1)
  [32m✓[0m  WA SB 5022 (2025-2026): title matches
  [32m✓[0m  WA SB 5022 (2025-2026): latest_action matches
  [32m✓[0m  WA SB 5022 (2025-2026): vote event count matches (0)
  [32m✓[0m  WA SB 5022 (2025-2026): sponsorship count matches (9)
  [32m✓[0m  WA SB 5031 (2025-2026): title matches
  [32m✓[0m  WA SB 5031 (2025-2026): latest_action matches
  [32m✓[0m  WA SB 5031 (2025-2026): vote event count matches (0)
  [32m✓[0m  WA SB 5031 (2025-2026): sponsorship count matches (7)
  [32m✓[0m  WA SB 5038 (2025-2026): title matches
  [32m✓[0m  WA SB 5038 (2025-2026): latest_action matches
  [32m✓[0m  WA SB 5038 (2025-2026): vote event count matches (0)
  [32m✓[0m  WA SB 5038 (2025-2026): sponsorship count matches (13)
  [32m✓[0m  WA SB 5045 (2025-2026): title matches
  [32m✓[0m  WA SB 5045 (2025-2026): latest_action matches
  [32m✓[0m  WA SB 5045 (2025-2026): vote event count matches (0)
  [32m✓[0m  WA SB 5045 (2025-2026): sponsorship count matches (10)
  [32m✓[0m  WA SB 5048 (2025-2026): title matches
  [32m✓[0m  WA SB 5048 (2025-2026): latest_action matches
  [32m✓[0m  WA SB 5048 (2025-2026): vote event count matches (0)
  [32m✓[0m  WA SB 5048 (2025-2026): sponsorship count matches (4)
  [32m✓[0m  WA SB 5049 (2025-2026): title matches
  [32m✓[0m  WA SB 5049 (2025-2026): latest_action matches
  [32m✓[0m  WA SB 5049 (2025-2026): vote event count matches (2)
  [32m✓[0m  WA SB 5049 (2025-2026): vote tally matches on 2025-02-25 ({'yes': 49, 'no': 0, 'other': 0})
  [32m✓[0m  WA SB 5049 (2025-2026): vote tally matches on 2025-04-11 ({'yes': 95, 'no': 0, 'other': 3})
  [32m✓[0m  WA SB 5049 (2025-2026): sponsorship count matches (3)
  [32m✓[0m  WA SB 5050 (2025-2026): title matches
  [32m✓[0m  WA SB 5050 (2025-2026): latest_action matches
  [32m✓[0m  WA SB 5050 (2025-2026): vote event count matches (0)
  [32m✓[0m  WA SB 5050 (2025-2026): sponsorship count matches (10)
  [32m✓[0m  WA SB 5056 (2025-2026): title matches
  [32m✓[0m  WA SB 5056 (2025-2026): latest_action matches
  [32m✓[0m  WA SB 5056 (2025-2026): vote event count matches (0)
  [32m✓[0m  WA SB 5056 (2025-2026): sponsorship count matches (4)
  [32m✓[0m  WA SB 5061 (2025-2026): title matches
  [32m✓[0m  WA SB 5061 (2025-2026): latest_action matches
  [32m✓[0m  WA SB 5061 (2025-2026): vote event count matches (2)
  [32m✓[0m  WA SB 5061 (2025-2026): vote tally matches on 2025-03-12 ({'yes': 35, 'no': 13, 'other': 1})
  [32m✓[0m  WA SB 5061 (2025-2026): vote tally matches on 2026-02-12 ({'yes': 30, 'no': 19, 'other': 0})
  [32m✓[0m  WA SB 5061 (2025-2026): sponsorship count matches (10)
  [32m✓[0m  WA SB 5076 (2025-2026): title matches
  [32m✓[0m  WA SB 5076 (2025-2026): latest_action matches
  [32m✓[0m  WA SB 5076 (2025-2026): vote event count matches (2)
  [32m✓[0m  WA SB 5076 (2025-2026): vote tally matches on 2025-02-19 ({'yes': 48, 'no': 0, 'other': 1})
  [32m✓[0m  WA SB 5076 (2025-2026): vote tally matches on 2025-04-09 ({'yes': 97, 'no': 0, 'other': 1})
  [32m✓[0m  WA SB 5076 (2025-2026): sponsorship count matches (7)
  [32m✓[0m  WA SB 5083 (2025-2026): title matches
  [32m✓[0m  WA SB 5083 (2025-2026): latest_action matches
  [32m✓[0m  WA SB 5083 (2025-2026): vote event count matches (3)
  [32m✓[0m  WA SB 5083 (2025-2026): vote tally matches on 2025-03-11 ({'yes': 30, 'no': 19, 'other': 0})
  [32m✓[0m  WA SB 5083 (2025-2026): vote tally matches on 2025-04-22 ({'yes': 57, 'no': 39, 'other': 2})
  [32m✓[0m  WA SB 5083 (2025-2026): vote tally matches on 2025-04-24 ({'yes': 29, 'no': 19, 'other': 0})
  [32m✓[0m  WA SB 5083 (2025-2026): sponsorship count matches (6)
  [32m✓[0m  WA SB 5088 (2025-2026): title matches
  [32m✓[0m  WA SB 5088 (2025-2026): latest_action matches
  [32m✓[0m  WA SB 5088 (2025-2026): vote event count matches (0)
  [32m✓[0m  WA SB 5088 (2025-2026): sponsorship count matches (3)
  [32m✓[0m  WA SB 5095 (2025-2026): title matches
  [32m✓[0m  WA SB 5095 (2025-2026): latest_action matches
  [32m✓[0m  WA SB 5095 (2025-2026): vote event count matches (0)
  [32m✓[0m  WA SB 5095 (2025-2026): sponsorship count matches (12)
  [32m✓[0m  WA SB 5099 (2025-2026): title matches
  [32m✓[0m  WA SB 5099 (2025-2026): latest_action matches
  [32m✓[0m  WA SB 5099 (2025-2026): vote event count matches (0)
  [32m✓[0m  WA SB 5099 (2025-2026): sponsorship count matches (14)
  [32m✓[0m  WA SB 5105 (2025-2026): title matches
  [32m✓[0m  WA SB 5105 (2025-2026): latest_action matches
  [32m✓[0m  WA SB 5105 (2025-2026): vote event count matches (3)
  [32m✓[0m  WA SB 5105 (2025-2026): vote tally matches on 2025-02-05 ({'yes': 49, 'no': 0, 'other': 0})
  [32m✓[0m  WA SB 5105 (2025-2026): vote tally matches on 2026-01-28 ({'yes': 49, 'no': 0, 'other': 0})
  [32m✓[0m  WA SB 5105 (2025-2026): vote tally matches on 2026-03-03 ({'yes': 93, 'no': 0, 'other': 5})
  [32m✓[0m  WA SB 5105 (2025-2026): sponsorship count matches (7)
  [32m✓[0m  WA SB 5109 (2025-2026): title matches
  [32m✓[0m  WA SB 5109 (2025-2026): latest_action matches
  [32m✓[0m  WA SB 5109 (2025-2026): vote event count matches (2)
  [32m✓[0m  WA SB 5109 (2025-2026): vote tally matches on 2025-03-03 ({'yes': 30, 'no': 19, 'other': 0})
  [32m✓[0m  WA SB 5109 (2025-2026): vote tally matches on 2026-01-21 ({'yes': 30, 'no': 19, 'other': 0})
  [32m✓[0m  WA SB 5109 (2025-2026): sponsorship count matches (4)
  [32m✓[0m  WA SB 5111 (2025-2026): title matches
  [32m✓[0m  WA SB 5111 (2025-2026): latest_action matches
  [32m✓[0m  WA SB 5111 (2025-2026): vote event count matches (0)
  [32m✓[0m  WA SB 5111 (2025-2026): sponsorship count matches (5)
  [32m✓[0m  WA SB 5113 (2025-2026): title matches
  [32m✓[0m  WA SB 5113 (2025-2026): latest_action matches
  [32m✓[0m  WA SB 5113 (2025-2026): vote event count matches (0)
  [32m✓[0m  WA SB 5113 (2025-2026): sponsorship count matches (11)
  [32m✓[0m  WA SB 5122 (2025-2026): title matches
  [32m✓[0m  WA SB 5122 (2025-2026): latest_action matches
  [32m✓[0m  WA SB 5122 (2025-2026): vote event count matches (2)
  [32m✓[0m  WA SB 5122 (2025-2026): vote tally matches on 2025-02-05 ({'yes': 30, 'no': 19, 'other': 0})
  [32m✓[0m  WA SB 5122 (2025-2026): vote tally matches on 2025-03-26 ({'yes': 59, 'no': 39, 'other': 0})
  [32m✓[0m  WA SB 5122 (2025-2026): sponsorship count matches (6)
  [32m✓[0m  WA SB 5140 (2025-2026): title matches
  [32m✓[0m  WA SB 5140 (2025-2026): latest_action matches
  [32m✓[0m  WA SB 5140 (2025-2026): vote event count matches (0)
  [32m✓[0m  WA SB 5140 (2025-2026): sponsorship count matches (7)
  [32m✓[0m  WA SB 5141 (2025-2026): title matches
  [32m✓[0m  WA SB 5141 (2025-2026): latest_action matches
  [32m✓[0m  WA SB 5141 (2025-2026): vote event count matches (2)
  [32m✓[0m  WA SB 5141 (2025-2026): vote tally matches on 2025-02-25 ({'yes': 49, 'no': 0, 'other': 0})
  [32m✓[0m  WA SB 5141 (2025-2026): vote tally matches on 2025-03-31 ({'yes': 97, 'no': 0, 'other': 1})
  [32m✓[0m  WA SB 5141 (2025-2026): sponsorship count matches (6)
    ...300/500
  [32m✓[0m  WA SB 5153 (2025-2026): title matches
  [32m✓[0m  WA SB 5153 (2025-2026): latest_action matches
  [32m✓[0m  WA SB 5153 (2025-2026): vote event count matches (0)
  [32m✓[0m  WA SB 5153 (2025-2026): sponsorship count matches (7)
  [32m✓[0m  WA SB 5195 (2025-2026): title matches
  [32m✓[0m  WA SB 5195 (2025-2026): latest_action matches
  [32m✓[0m  WA SB 5195 (2025-2026): vote event count matches (3)
  [32m✓[0m  WA SB 5195 (2025-2026): vote tally matches on 2025-04-05 ({'yes': 47, 'no': 0, 'other': 2})
  [32m✓[0m  WA SB 5195 (2025-2026): vote tally matches on 2025-04-27 ({'yes': 47, 'no': 0, 'other': 1})
  [32m✓[0m  WA SB 5195 (2025-2026): vote tally matches on 2025-04-27 ({'yes': 98, 'no': 0, 'other': 0})
  [32m✓[0m  WA SB 5195 (2025-2026): sponsorship count matches (5)
  [32m✓[0m  WA SB 5205 (2025-2026): title matches
  [32m✓[0m  WA SB 5205 (2025-2026): latest_action matches
  [32m✓[0m  WA SB 5205 (2025-2026): vote event count matches (0)
  [32m✓[0m  WA SB 5205 (2025-2026): sponsorship count matches (3)
  [32m✓[0m  WA SB 5215 (2025-2026): title matches
  [32m✓[0m  WA SB 5215 (2025-2026): latest_action matches
  [32m✓[0m  WA SB 5215 (2025-2026): vote event count matches (1)
  [32m✓[0m  WA SB 5215 (2025-2026): vote tally matches on 2025-03-11 ({'yes': 34, 'no': 14, 'other': 1})
  [32m✓[0m  WA SB 5215 (2025-2026): sponsorship count matches (15)
  [32m✓[0m  WA SB 5230 (2025-2026): title matches
  [32m✓[0m  WA SB 5230 (2025-2026): latest_action matches
  [32m✓[0m  WA SB 5230 (2025-2026): vote event count matches (0)
  [32m✓[0m  WA SB 5230 (2025-2026): sponsorship count matches (2)
  [32m✓[0m  WA SB 5233 (2025-2026): title matches
  [32m✓[0m  WA SB 5233 (2025-2026): latest_action matches
  [32m✓[0m  WA SB 5233 (2025-2026): vote event count matches (0)
  [32m✓[0m  WA SB 5233 (2025-2026): sponsorship count matches (11)
  [32m✓[0m  WA SB 5237 (2025-2026): title matches
  [32m✓[0m  WA SB 5237 (2025-2026): latest_action matches
  [32m✓[0m  WA SB 5237 (2025-2026): vote event count matches (0)
  [32m✓[0m  WA SB 5237 (2025-2026): sponsorship count matches (3)
  [32m✓[0m  WA SB 5256 (2025-2026): title matches
  [32m✓[0m  WA SB 5256 (2025-2026): latest_action matches
  [32m✓[0m  WA SB 5256 (2025-2026): vote event count matches (0)
  [32m✓[0m  WA SB 5256 (2025-2026): sponsorship count matches (3)
  [32m✓[0m  WA SB 5268 (2025-2026): title matches
  [32m✓[0m  WA SB 5268 (2025-2026): latest_action matches
  [32m✓[0m  WA SB 5268 (2025-2026): vote event count matches (2)
  [32m✓[0m  WA SB 5268 (2025-2026): vote tally matches on 2025-03-05 ({'yes': 49, 'no': 0, 'other': 0})
  [32m✓[0m  WA SB 5268 (2025-2026): vote tally matches on 2026-01-28 ({'yes': 49, 'no': 0, 'other': 0})
  [32m✓[0m  WA SB 5268 (2025-2026): sponsorship count matches (3)
  [32m✓[0m  WA SB 5269 (2025-2026): title matches
  [32m✓[0m  WA SB 5269 (2025-2026): latest_action matches
  [32m✓[0m  WA SB 5269 (2025-2026): vote event count matches (0)
  [32m✓[0m  WA SB 5269 (2025-2026): sponsorship count matches (9)
  [32m✓[0m  WA SB 5272 (2025-2026): title matches
  [32m✓[0m  WA SB 5272 (2025-2026): latest_action matches
  [32m✓[0m  WA SB 5272 (2025-2026): vote event count matches (3)
  [32m✓[0m  WA SB 5272 (2025-2026): vote tally matches on 2026-01-28 ({'yes': 46, 'no': 3, 'other': 0})
  [32m✓[0m  WA SB 5272 (2025-2026): vote tally matches on 2026-03-03 ({'yes': 92, 'no': 2, 'other': 4})
  [32m✓[0m  WA SB 5272 (2025-2026): vote tally matches on 2026-03-09 ({'yes': 47, 'no': 0, 'other': 2})
  [32m✓[0m  WA SB 5272 (2025-2026): sponsorship count matches (6)
  [32m✓[0m  WA SB 5274 (2025-2026): title matches
  [32m✓[0m  WA SB 5274 (2025-2026): latest_action matches
  [32m✓[0m  WA SB 5274 (2025-2026): vote event count matches (0)
  [32m✓[0m  WA SB 5274 (2025-2026): sponsorship count matches (5)
  [32m✓[0m  WA SB 5282 (2025-2026): title matches
  [32m✓[0m  WA SB 5282 (2025-2026): latest_action matches
  [32m✓[0m  WA SB 5282 (2025-2026): vote event count matches (1)
  [32m✓[0m  WA SB 5282 (2025-2026): vote tally matches on 2025-02-19 ({'yes': 47, 'no': 1, 'other': 1})
  [32m✓[0m  WA SB 5282 (2025-2026): sponsorship count matches (10)
  [32m✓[0m  WA SB 5286 (2025-2026): title matches
  [32m✓[0m  WA SB 5286 (2025-2026): latest_action matches
  [32m✓[0m  WA SB 5286 (2025-2026): vote event count matches (2)
  [32m✓[0m  WA SB 5286 (2025-2026): vote tally matches on 2025-02-12 ({'yes': 49, 'no': 0, 'other': 0})
  [32m✓[0m  WA SB 5286 (2025-2026): vote tally matches on 2026-02-04 ({'yes': 49, 'no': 0, 'other': 0})
  [32m✓[0m  WA SB 5286 (2025-2026): sponsorship count matches (14)
  [32m✓[0m  WA SB 5292 (2025-2026): title matches
  [32m✓[0m  WA SB 5292 (2025-2026): latest_action matches
  [32m✓[0m  WA SB 5292 (2025-2026): vote event count matches (3)
  [32m✓[0m  WA SB 5292 (2025-2026): vote tally matches on 2025-03-06 ({'yes': 45, 'no': 4, 'other': 0})
  [32m✓[0m  WA SB 5292 (2025-2026): vote tally matches on 2026-02-13 ({'yes': 43, 'no': 5, 'other': 1})
  [32m✓[0m  WA SB 5292 (2025-2026): vote tally matches on 2026-03-06 ({'yes': 95, 'no': 1, 'other': 2})
  [32m✓[0m  WA SB 5292 (2025-2026): sponsorship count matches (6)
  [32m✓[0m  WA SB 5294 (2025-2026): title matches
  [32m✓[0m  WA SB 5294 (2025-2026): latest_action matches
  [32m✓[0m  WA SB 5294 (2025-2026): vote event count matches (2)
  [32m✓[0m  WA SB 5294 (2025-2026): vote tally matches on 2025-03-03 ({'yes': 49, 'no': 0, 'other': 0})
  [32m✓[0m  WA SB 5294 (2025-2026): vote tally matches on 2025-04-15 ({'yes': 97, 'no': 0, 'other': 1})
  [32m✓[0m  WA SB 5294 (2025-2026): sponsorship count matches (4)
  [32m✓[0m  WA SB 5298 (2025-2026): title matches
  [32m✓[0m  WA SB 5298 (2025-2026): latest_action matches
  [32m✓[0m  WA SB 5298 (2025-2026): vote event count matches (3)
  [32m✓[0m  WA SB 5298 (2025-2026): vote tally matches on 2025-03-06 ({'yes': 49, 'no': 0, 'other': 0})
  [32m✓[0m  WA SB 5298 (2025-2026): vote tally matches on 2025-04-09 ({'yes': 98, 'no': 0, 'other': 0})
  [32m✓[0m  WA SB 5298 (2025-2026): vote tally matches on 2025-04-18 ({'yes': 48, 'no': 0, 'other': 1})
  [32m✓[0m  WA SB 5298 (2025-2026): sponsorship count matches (9)
  [32m✓[0m  WA SB 5315 (2025-2026): title matches
  [32m✓[0m  WA SB 5315 (2025-2026): latest_action matches
  [32m✓[0m  WA SB 5315 (2025-2026): vote event count matches (2)
  [32m✓[0m  WA SB 5315 (2025-2026): vote tally matches on 2025-02-12 ({'yes': 49, 'no': 0, 'other': 0})
  [32m✓[0m  WA SB 5315 (2025-2026): vote tally matches on 2025-04-16 ({'yes': 97, 'no': 0, 'other': 1})
  [32m✓[0m  WA SB 5315 (2025-2026): sponsorship count matches (3)
  [32m✓[0m  WA SB 5316 (2025-2026): title matches
  [32m✓[0m  WA SB 5316 (2025-2026): latest_action matches
  [32m✓[0m  WA SB 5316 (2025-2026): vote event count matches (2)
  [32m✓[0m  WA SB 5316 (2025-2026): vote tally matches on 2025-02-25 ({'yes': 49, 'no': 0, 'other': 0})
  [32m✓[0m  WA SB 5316 (2025-2026): vote tally matches on 2025-03-31 ({'yes': 90, 'no': 7, 'other': 1})
  [32m✓[0m  WA SB 5316 (2025-2026): sponsorship count matches (4)
  [32m✓[0m  WA SB 5334 (2025-2026): title matches
  [32m✓[0m  WA SB 5334 (2025-2026): latest_action matches
  [32m✓[0m  WA SB 5334 (2025-2026): vote event count matches (2)
  [32m✓[0m  WA SB 5334 (2025-2026): vote tally matches on 2025-03-03 ({'yes': 49, 'no': 0, 'other': 0})
  [32m✓[0m  WA SB 5334 (2025-2026): vote tally matches on 2025-04-15 ({'yes': 96, 'no': 1, 'other': 1})
  [32m✓[0m  WA SB 5334 (2025-2026): sponsorship count matches (4)
  [32m✓[0m  WA SB 5335 (2025-2026): title matches
  [32m✓[0m  WA SB 5335 (2025-2026): latest_action matches
  [32m✓[0m  WA SB 5335 (2025-2026): vote event count matches (0)
  [32m✓[0m  WA SB 5335 (2025-2026): sponsorship count matches (11)
  [32m✓[0m  WA SB 5336 (2025-2026): title matches
  [32m✓[0m  WA SB 5336 (2025-2026): latest_action matches
  [32m✓[0m  WA SB 5336 (2025-2026): vote event count matches (0)
  [32m✓[0m  WA SB 5336 (2025-2026): sponsorship count matches (10)
  [32m✓[0m  WA SB 5339 (2025-2026): title matches
  [32m✓[0m  WA SB 5339 (2025-2026): latest_action matches
  [32m✓[0m  WA SB 5339 (2025-2026): vote event count matches (0)
  [32m✓[0m  WA SB 5339 (2025-2026): sponsorship count matches (1)
  [32m✓[0m  WA SB 5357 (2025-2026): title matches
  [32m✓[0m  WA SB 5357 (2025-2026): latest_action matches
  [32m✓[0m  WA SB 5357 (2025-2026): vote event count matches (4)
  [32m✓[0m  WA SB 5357 (2025-2026): vote tally matches on 2025-03-12 ({'yes': 48, 'no': 0, 'other': 1})
  [32m✓[0m  WA SB 5357 (2025-2026): vote tally matches on 2025-04-23 ({'yes': 82, 'no': 14, 'other': 2})
  [32m✓[0m  WA SB 5357 (2025-2026): vote tally matches on 2025-04-23 ({'yes': 80, 'no': 17, 'other': 1})
  [32m✓[0m  WA SB 5357 (2025-2026): vote tally matches on 2025-04-24 ({'yes': 29, 'no': 19, 'other': 0})
  [32m✓[0m  WA SB 5357 (2025-2026): sponsorship count matches (2)
  [32m✓[0m  WA SB 5359 (2025-2026): title matches
  [32m✓[0m  WA SB 5359 (2025-2026): latest_action matches
  [32m✓[0m  WA SB 5359 (2025-2026): vote event count matches (0)
  [32m✓[0m  WA SB 5359 (2025-2026): sponsorship count matches (5)
    ...325/500
  [32m✓[0m  WA SB 5362 (2025-2026): title matches
  [32m✓[0m  WA SB 5362 (2025-2026): latest_action matches
  [32m✓[0m  WA SB 5362 (2025-2026): vote event count matches (0)
  [32m✓[0m  WA SB 5362 (2025-2026): sponsorship count matches (6)
  [32m✓[0m  WA SB 5369 (2025-2026): title matches
  [32m✓[0m  WA SB 5369 (2025-2026): latest_action matches
  [32m✓[0m  WA SB 5369 (2025-2026): vote event count matches (0)
  [32m✓[0m  WA SB 5369 (2025-2026): sponsorship count matches (7)
  [32m✓[0m  WA SB 5381 (2025-2026): title matches
  [32m✓[0m  WA SB 5381 (2025-2026): latest_action matches
  [32m✓[0m  WA SB 5381 (2025-2026): vote event count matches (0)
  [32m✓[0m  WA SB 5381 (2025-2026): sponsorship count matches (4)
  [32m✓[0m  WA SB 5390 (2025-2026): title matches
  [32m✓[0m  WA SB 5390 (2025-2026): latest_action matches
  [32m✓[0m  WA SB 5390 (2025-2026): vote event count matches (5)
  [32m✓[0m  WA SB 5390 (2025-2026): vote tally matches on 2025-03-11 ({'yes': 29, 'no': 20, 'other': 0})
  [32m✓[0m  WA SB 5390 (2025-2026): vote tally matches on 2025-04-22 ({'yes': 52, 'no': 46, 'other': 0})
  [32m✓[0m  WA SB 5390 (2025-2026): vote tally matches on 2025-04-22 ({'yes': 43, 'no': 54, 'other': 1})
  [32m✓[0m  WA SB 5390 (2025-2026): vote tally matches on 2025-04-22 ({'yes': 47, 'no': 51, 'other': 0})
  [32m✓[0m  WA SB 5390 (2025-2026): vote tally matches on 2025-04-24 ({'yes': 27, 'no': 21, 'other': 0})
  [32m✓[0m  WA SB 5390 (2025-2026): sponsorship count matches (2)
  [32m✓[0m  WA SB 5393 (2025-2026): title matches
  [32m✓[0m  WA SB 5393 (2025-2026): latest_action matches
  [32m✓[0m  WA SB 5393 (2025-2026): vote event count matches (3)
  [32m✓[0m  WA SB 5393 (2025-2026): vote tally matches on 2025-04-19 ({'yes': 26, 'no': 22, 'other': 1})
  [32m✓[0m  WA SB 5393 (2025-2026): vote tally matches on 2025-04-26 ({'yes': 76, 'no': 22, 'other': 0})
  [32m✓[0m  WA SB 5393 (2025-2026): vote tally matches on 2025-04-27 ({'yes': 33, 'no': 13, 'other': 2})
  [32m✓[0m  WA SB 5393 (2025-2026): sponsorship count matches (3)
  [32m✓[0m  WA SB 5394 (2025-2026): title matches
  [32m✓[0m  WA SB 5394 (2025-2026): latest_action matches
  [32m✓[0m  WA SB 5394 (2025-2026): vote event count matches (2)
  [32m✓[0m  WA SB 5394 (2025-2026): vote tally matches on 2025-03-12 ({'yes': 48, 'no': 0, 'other': 1})
  [32m✓[0m  WA SB 5394 (2025-2026): vote tally matches on 2025-04-22 ({'yes': 78, 'no': 18, 'other': 2})
  [32m✓[0m  WA SB 5394 (2025-2026): sponsorship count matches (2)
  [32m✓[0m  WA SB 5400 (2025-2026): title matches
  [32m✓[0m  WA SB 5400 (2025-2026): latest_action matches
  [32m✓[0m  WA SB 5400 (2025-2026): vote event count matches (0)
  [32m✓[0m  WA SB 5400 (2025-2026): sponsorship count matches (13)
  [32m✓[0m  WA SB 5402 (2025-2026): title matches
  [32m✓[0m  WA SB 5402 (2025-2026): latest_action matches
  [32m✓[0m  WA SB 5402 (2025-2026): vote event count matches (0)
  [32m✓[0m  WA SB 5402 (2025-2026): sponsorship count matches (14)
  [32m✓[0m  WA SB 5403 (2025-2026): title matches
  [32m✓[0m  WA SB 5403 (2025-2026): latest_action matches
  [32m✓[0m  WA SB 5403 (2025-2026): vote event count matches (3)
  [32m✓[0m  WA SB 5403 (2025-2026): vote tally matches on 2025-03-12 ({'yes': 41, 'no': 7, 'other': 1})
  [32m✓[0m  WA SB 5403 (2025-2026): vote tally matches on 2025-04-11 ({'yes': 57, 'no': 37, 'other': 4})
  [32m✓[0m  WA SB 5403 (2025-2026): vote tally matches on 2025-04-18 ({'yes': 39, 'no': 9, 'other': 1})
  [32m✓[0m  WA SB 5403 (2025-2026): sponsorship count matches (3)
  [32m✓[0m  WA SB 5410 (2025-2026): title matches
  [32m✓[0m  WA SB 5410 (2025-2026): latest_action matches
  [32m✓[0m  WA SB 5410 (2025-2026): vote event count matches (0)
  [32m✓[0m  WA SB 5410 (2025-2026): sponsorship count matches (12)
  [32m✓[0m  WA SB 5426 (2025-2026): title matches
  [32m✓[0m  WA SB 5426 (2025-2026): latest_action matches
  [32m✓[0m  WA SB 5426 (2025-2026): vote event count matches (0)
  [32m✓[0m  WA SB 5426 (2025-2026): sponsorship count matches (7)
  [32m✓[0m  WA SB 5436 (2025-2026): title matches
  [32m✓[0m  WA SB 5436 (2025-2026): latest_action matches
  [32m✓[0m  WA SB 5436 (2025-2026): vote event count matches (2)
  [32m✓[0m  WA SB 5436 (2025-2026): vote tally matches on 2025-03-03 ({'yes': 49, 'no': 0, 'other': 0})
  [32m✓[0m  WA SB 5436 (2025-2026): vote tally matches on 2026-01-21 ({'yes': 49, 'no': 0, 'other': 0})
  [32m✓[0m  WA SB 5436 (2025-2026): sponsorship count matches (11)
  [32m✓[0m  WA SB 5442 (2025-2026): title matches
  [32m✓[0m  WA SB 5442 (2025-2026): latest_action matches
  [32m✓[0m  WA SB 5442 (2025-2026): vote event count matches (0)
  [32m✓[0m  WA SB 5442 (2025-2026): sponsorship count matches (15)
  [32m✓[0m  WA SB 5459 (2025-2026): title matches
  [32m✓[0m  WA SB 5459 (2025-2026): latest_action matches
  [32m✓[0m  WA SB 5459 (2025-2026): vote event count matches (3)
  [32m✓[0m  WA SB 5459 (2025-2026): vote tally matches on 2025-03-03 ({'yes': 30, 'no': 19, 'other': 0})
  [32m✓[0m  WA SB 5459 (2025-2026): vote tally matches on 2025-04-10 ({'yes': 85, 'no': 10, 'other': 3})
  [32m✓[0m  WA SB 5459 (2025-2026): vote tally matches on 2025-04-10 ({'yes': 89, 'no': 6, 'other': 3})
  [32m✓[0m  WA SB 5459 (2025-2026): sponsorship count matches (7)
  [32m✓[0m  WA SB 5460 (2025-2026): title matches
  [32m✓[0m  WA SB 5460 (2025-2026): latest_action matches
  [32m✓[0m  WA SB 5460 (2025-2026): vote event count matches (0)
  [32m✓[0m  WA SB 5460 (2025-2026): sponsorship count matches (2)
  [32m✓[0m  WA SB 5472 (2025-2026): title matches
  [32m✓[0m  WA SB 5472 (2025-2026): latest_action matches
  [32m✓[0m  WA SB 5472 (2025-2026): vote event count matches (0)
  [32m✓[0m  WA SB 5472 (2025-2026): sponsorship count matches (2)
  [32m✓[0m  WA SB 5478 (2025-2026): title matches
  [32m✓[0m  WA SB 5478 (2025-2026): latest_action matches
  [32m✓[0m  WA SB 5478 (2025-2026): vote event count matches (2)
  [32m✓[0m  WA SB 5478 (2025-2026): vote tally matches on 2025-02-28 ({'yes': 48, 'no': 0, 'other': 1})
  [32m✓[0m  WA SB 5478 (2025-2026): vote tally matches on 2025-04-14 ({'yes': 95, 'no': 1, 'other': 2})
  [32m✓[0m  WA SB 5478 (2025-2026): sponsorship count matches (3)
  [32m✓[0m  WA SB 5479 (2025-2026): title matches
  [32m✓[0m  WA SB 5479 (2025-2026): latest_action matches
  [32m✓[0m  WA SB 5479 (2025-2026): vote event count matches (0)
  [32m✓[0m  WA SB 5479 (2025-2026): sponsorship count matches (3)
  [32m✓[0m  WA SB 5481 (2025-2026): title matches
  [32m✓[0m  WA SB 5481 (2025-2026): latest_action matches
  [32m✓[0m  WA SB 5481 (2025-2026): vote event count matches (0)
  [32m✓[0m  WA SB 5481 (2025-2026): sponsorship count matches (4)
  [32m✓[0m  WA SB 5487 (2025-2026): title matches
  [32m✓[0m  WA SB 5487 (2025-2026): latest_action matches
  [32m✓[0m  WA SB 5487 (2025-2026): vote event count matches (0)
  [32m✓[0m  WA SB 5487 (2025-2026): sponsorship count matches (9)
  [32m✓[0m  WA SB 5492 (2025-2026): title matches
  [32m✓[0m  WA SB 5492 (2025-2026): latest_action matches
  [32m✓[0m  WA SB 5492 (2025-2026): vote event count matches (2)
  [32m✓[0m  WA SB 5492 (2025-2026): vote tally matches on 2025-02-28 ({'yes': 48, 'no': 0, 'other': 1})
  [32m✓[0m  WA SB 5492 (2025-2026): vote tally matches on 2025-04-10 ({'yes': 95, 'no': 1, 'other': 2})
  [32m✓[0m  WA SB 5492 (2025-2026): sponsorship count matches (8)
  [32m✓[0m  WA SB 5495 (2025-2026): title matches
  [32m✓[0m  WA SB 5495 (2025-2026): latest_action matches
  [32m✓[0m  WA SB 5495 (2025-2026): vote event count matches (0)
  [32m✓[0m  WA SB 5495 (2025-2026): sponsorship count matches (4)
  [32m✓[0m  WA SB 5501 (2025-2026): title matches
  [32m✓[0m  WA SB 5501 (2025-2026): latest_action matches
  [32m✓[0m  WA SB 5501 (2025-2026): vote event count matches (2)
  [32m✓[0m  WA SB 5501 (2025-2026): vote tally matches on 2025-02-26 ({'yes': 33, 'no': 15, 'other': 1})
  [32m✓[0m  WA SB 5501 (2025-2026): vote tally matches on 2025-04-09 ({'yes': 61, 'no': 36, 'other': 1})
  [32m✓[0m  WA SB 5501 (2025-2026): sponsorship count matches (4)
  [32m✓[0m  WA SB 5505 (2025-2026): title matches
  [32m✓[0m  WA SB 5505 (2025-2026): latest_action matches
  [32m✓[0m  WA SB 5505 (2025-2026): vote event count matches (0)
  [32m✓[0m  WA SB 5505 (2025-2026): sponsorship count matches (3)
  [32m✓[0m  WA SB 5507 (2025-2026): title matches
  [32m✓[0m  WA SB 5507 (2025-2026): latest_action matches
  [32m✓[0m  WA SB 5507 (2025-2026): vote event count matches (0)
  [32m✓[0m  WA SB 5507 (2025-2026): sponsorship count matches (4)
    ...350/500
  [32m✓[0m  WA SB 5508 (2025-2026): title matches
  [32m✓[0m  WA SB 5508 (2025-2026): latest_action matches
  [32m✓[0m  WA SB 5508 (2025-2026): vote event count matches (0)
  [32m✓[0m  WA SB 5508 (2025-2026): sponsorship count matches (10)
  [32m✓[0m  WA SB 5522 (2025-2026): title matches
  [32m✓[0m  WA SB 5522 (2025-2026): latest_action matches
  [32m✓[0m  WA SB 5522 (2025-2026): vote event count matches (0)
  [32m✓[0m  WA SB 5522 (2025-2026): sponsorship count matches (12)
  [32m✓[0m  WA SB 5530 (2025-2026): title matches
  [32m✓[0m  WA SB 5530 (2025-2026): latest_action matches
  [32m✓[0m  WA SB 5530 (2025-2026): vote event count matches (0)
  [32m✓[0m  WA SB 5530 (2025-2026): sponsorship count matches (2)
  [32m✓[0m  WA SB 5538 (2025-2026): title matches
  [32m✓[0m  WA SB 5538 (2025-2026): latest_action matches
  [32m✓[0m  WA SB 5538 (2025-2026): vote event count matches (0)
  [32m✓[0m  WA SB 5538 (2025-2026): sponsorship count matches (1)
  [32m✓[0m  WA SB 5541 (2025-2026): title matches
  [32m✓[0m  WA SB 5541 (2025-2026): latest_action matches
  [32m✓[0m  WA SB 5541 (2025-2026): vote event count matches (0)
  [32m✓[0m  WA SB 5541 (2025-2026): sponsorship count matches (14)
  [32m✓[0m  WA SB 5548 (2025-2026): title matches
  [32m✓[0m  WA SB 5548 (2025-2026): latest_action matches
  [32m✓[0m  WA SB 5548 (2025-2026): vote event count matches (0)
  [32m✓[0m  WA SB 5548 (2025-2026): sponsorship count matches (1)
  [32m✓[0m  WA SB 5554 (2025-2026): title matches
  [32m✓[0m  WA SB 5554 (2025-2026): latest_action matches
  [32m✓[0m  WA SB 5554 (2025-2026): vote event count matches (0)
  [32m✓[0m  WA SB 5554 (2025-2026): sponsorship count matches (4)
  [32m✓[0m  WA SB 5556 (2025-2026): title matches
  [32m✓[0m  WA SB 5556 (2025-2026): latest_action matches
  [32m✓[0m  WA SB 5556 (2025-2026): vote event count matches (3)
  [32m✓[0m  WA SB 5556 (2025-2026): vote tally matches on 2025-02-25 ({'yes': 49, 'no': 0, 'other': 0})
  [32m✓[0m  WA SB 5556 (2025-2026): vote tally matches on 2025-04-11 ({'yes': 92, 'no': 3, 'other': 3})
  [32m✓[0m  WA SB 5556 (2025-2026): vote tally matches on 2025-04-22 ({'yes': 48, 'no': 0, 'other': 0})
  [32m✓[0m  WA SB 5556 (2025-2026): sponsorship count matches (9)
  [32m✓[0m  WA SB 5561 (2025-2026): title matches
  [32m✓[0m  WA SB 5561 (2025-2026): latest_action matches
  [32m✓[0m  WA SB 5561 (2025-2026): vote event count matches (0)
  [32m✓[0m  WA SB 5561 (2025-2026): sponsorship count matches (4)
  [32m✓[0m  WA SB 5565 (2025-2026): title matches
  [32m✓[0m  WA SB 5565 (2025-2026): latest_action matches
  [32m✓[0m  WA SB 5565 (2025-2026): vote event count matches (0)
  [32m✓[0m  WA SB 5565 (2025-2026): sponsorship count matches (8)
  [32m✓[0m  WA SB 5568 (2025-2026): title matches
  [32m✓[0m  WA SB 5568 (2025-2026): latest_action matches
  [32m✓[0m  WA SB 5568 (2025-2026): vote event count matches (3)
  [32m✓[0m  WA SB 5568 (2025-2026): vote tally matches on 2025-02-26 ({'yes': 37, 'no': 9, 'other': 3})
  [32m✓[0m  WA SB 5568 (2025-2026): vote tally matches on 2025-04-15 ({'yes': 59, 'no': 38, 'other': 1})
  [32m✓[0m  WA SB 5568 (2025-2026): vote tally matches on 2025-04-23 ({'yes': 34, 'no': 13, 'other': 1})
  [32m✓[0m  WA SB 5568 (2025-2026): sponsorship count matches (4)
  [32m✓[0m  WA SB 5575 (2025-2026): title matches
  [32m✓[0m  WA SB 5575 (2025-2026): latest_action matches
  [32m✓[0m  WA SB 5575 (2025-2026): vote event count matches (0)
  [32m✓[0m  WA SB 5575 (2025-2026): sponsorship count matches (3)
  [32m✓[0m  WA SB 5579 (2025-2026): title matches
  [32m✓[0m  WA SB 5579 (2025-2026): latest_action matches
  [32m✓[0m  WA SB 5579 (2025-2026): vote event count matches (3)
  [32m✓[0m  WA SB 5579 (2025-2026): vote tally matches on 2025-03-10 ({'yes': 48, 'no': 1, 'other': 0})
  [32m✓[0m  WA SB 5579 (2025-2026): vote tally matches on 2025-04-10 ({'yes': 95, 'no': 0, 'other': 3})
  [32m✓[0m  WA SB 5579 (2025-2026): vote tally matches on 2025-04-21 ({'yes': 47, 'no': 1, 'other': 0})
  [32m✓[0m  WA SB 5579 (2025-2026): sponsorship count matches (3)
  [32m✓[0m  WA SB 5583 (2025-2026): title matches
  [32m✓[0m  WA SB 5583 (2025-2026): latest_action matches
  [32m✓[0m  WA SB 5583 (2025-2026): vote event count matches (2)
  [32m✓[0m  WA SB 5583 (2025-2026): vote tally matches on 2025-03-26 ({'yes': 25, 'no': 24, 'other': 0})
  [32m✓[0m  WA SB 5583 (2025-2026): vote tally matches on 2025-04-23 ({'yes': 51, 'no': 46, 'other': 1})
  [32m✓[0m  WA SB 5583 (2025-2026): sponsorship count matches (3)
  [32m✓[0m  WA SB 5585 (2025-2026): title matches
  [32m✓[0m  WA SB 5585 (2025-2026): latest_action matches
  [32m✓[0m  WA SB 5585 (2025-2026): vote event count matches (0)
  [32m✓[0m  WA SB 5585 (2025-2026): sponsorship count matches (8)
  [32m✓[0m  WA SB 5595 (2025-2026): title matches
  [32m✓[0m  WA SB 5595 (2025-2026): latest_action matches
  [32m✓[0m  WA SB 5595 (2025-2026): vote event count matches (3)
  [32m✓[0m  WA SB 5595 (2025-2026): vote tally matches on 2025-02-25 ({'yes': 45, 'no': 4, 'other': 0})
  [32m✓[0m  WA SB 5595 (2025-2026): vote tally matches on 2025-04-11 ({'yes': 64, 'no': 32, 'other': 2})
  [32m✓[0m  WA SB 5595 (2025-2026): vote tally matches on 2025-04-17 ({'yes': 31, 'no': 18, 'other': 0})
  [32m✓[0m  WA SB 5595 (2025-2026): sponsorship count matches (14)
  [32m✓[0m  WA SB 5601 (2025-2026): title matches
  [32m✓[0m  WA SB 5601 (2025-2026): latest_action matches
  [32m✓[0m  WA SB 5601 (2025-2026): vote event count matches (0)
  [32m✓[0m  WA SB 5601 (2025-2026): sponsorship count matches (13)
  [32m✓[0m  WA SB 5610 (2025-2026): title matches
  [32m✓[0m  WA SB 5610 (2025-2026): latest_action matches
  [32m✓[0m  WA SB 5610 (2025-2026): vote event count matches (0)
  [32m✓[0m  WA SB 5610 (2025-2026): sponsorship count matches (3)
  [32m✓[0m  WA SB 5615 (2025-2026): title matches
  [32m✓[0m  WA SB 5615 (2025-2026): latest_action matches
  [32m✓[0m  WA SB 5615 (2025-2026): vote event count matches (0)
  [32m✓[0m  WA SB 5615 (2025-2026): sponsorship count matches (2)
  [32m✓[0m  WA SB 5619 (2025-2026): title matches
  [32m✓[0m  WA SB 5619 (2025-2026): latest_action matches
  [32m✓[0m  WA SB 5619 (2025-2026): vote event count matches (0)
  [32m✓[0m  WA SB 5619 (2025-2026): sponsorship count matches (3)
  [32m✓[0m  WA SB 5629 (2025-2026): title matches
  [32m✓[0m  WA SB 5629 (2025-2026): latest_action matches
  [32m✓[0m  WA SB 5629 (2025-2026): vote event count matches (1)
  [32m✓[0m  WA SB 5629 (2025-2026): vote tally matches on 2025-03-06 ({'yes': 43, 'no': 6, 'other': 0})
  [32m✓[0m  WA SB 5629 (2025-2026): sponsorship count matches (9)
  [32m✓[0m  WA SB 5636 (2025-2026): title matches
  [32m✓[0m  WA SB 5636 (2025-2026): latest_action matches
  [32m✓[0m  WA SB 5636 (2025-2026): vote event count matches (0)
  [32m✓[0m  WA SB 5636 (2025-2026): sponsorship count matches (4)
  [32m✓[0m  WA SB 5664 (2025-2026): title matches
  [32m✓[0m  WA SB 5664 (2025-2026): latest_action matches
  [32m✓[0m  WA SB 5664 (2025-2026): vote event count matches (0)
  [32m✓[0m  WA SB 5664 (2025-2026): sponsorship count matches (2)
  [32m✓[0m  WA SB 5666 (2025-2026): title matches
  [32m✓[0m  WA SB 5666 (2025-2026): latest_action matches
  [32m✓[0m  WA SB 5666 (2025-2026): vote event count matches (0)
  [32m✓[0m  WA SB 5666 (2025-2026): sponsorship count matches (4)
  [32m✓[0m  WA SB 5677 (2025-2026): title matches
  [32m✓[0m  WA SB 5677 (2025-2026): latest_action matches
  [32m✓[0m  WA SB 5677 (2025-2026): vote event count matches (3)
  [32m✓[0m  WA SB 5677 (2025-2026): vote tally matches on 2025-03-04 ({'yes': 46, 'no': 3, 'other': 0})
  [32m✓[0m  WA SB 5677 (2025-2026): vote tally matches on 2025-04-11 ({'yes': 95, 'no': 0, 'other': 3})
  [32m✓[0m  WA SB 5677 (2025-2026): vote tally matches on 2025-04-21 ({'yes': 38, 'no': 10, 'other': 0})
  [32m✓[0m  WA SB 5677 (2025-2026): sponsorship count matches (4)
    ...375/500
  [32m✓[0m  WA SB 5678 (2025-2026): title matches
  [32m✓[0m  WA SB 5678 (2025-2026): latest_action matches
  [32m✓[0m  WA SB 5678 (2025-2026): vote event count matches (0)
  [32m✓[0m  WA SB 5678 (2025-2026): sponsorship count matches (3)
  [32m✓[0m  WA SB 5680 (2025-2026): title matches
  [32m✓[0m  WA SB 5680 (2025-2026): latest_action matches
  [32m✓[0m  WA SB 5680 (2025-2026): vote event count matches (3)
  [32m✓[0m  WA SB 5680 (2025-2026): vote tally matches on 2025-03-11 ({'yes': 48, 'no': 0, 'other': 1})
  [32m✓[0m  WA SB 5680 (2025-2026): vote tally matches on 2025-04-11 ({'yes': 95, 'no': 0, 'other': 3})
  [32m✓[0m  WA SB 5680 (2025-2026): vote tally matches on 2025-04-22 ({'yes': 48, 'no': 0, 'other': 0})
  [32m✓[0m  WA SB 5680 (2025-2026): sponsorship count matches (7)
  [32m✓[0m  WA SB 5683 (2025-2026): title matches
  [32m✓[0m  WA SB 5683 (2025-2026): latest_action matches
  [32m✓[0m  WA SB 5683 (2025-2026): vote event count matches (0)
  [32m✓[0m  WA SB 5683 (2025-2026): sponsorship count matches (4)
  [32m✓[0m  WA SB 5691 (2025-2026): title matches
  [32m✓[0m  WA SB 5691 (2025-2026): latest_action matches
  [32m✓[0m  WA SB 5691 (2025-2026): vote event count matches (3)
  [32m✓[0m  WA SB 5691 (2025-2026): vote tally matches on 2025-03-03 ({'yes': 48, 'no': 0, 'other': 1})
  [32m✓[0m  WA SB 5691 (2025-2026): vote tally matches on 2025-04-11 ({'yes': 72, 'no': 23, 'other': 3})
  [32m✓[0m  WA SB 5691 (2025-2026): vote tally matches on 2025-04-22 ({'yes': 48, 'no': 0, 'other': 0})
  [32m✓[0m  WA SB 5691 (2025-2026): sponsorship count matches (2)
  [32m✓[0m  WA SB 5694 (2025-2026): title matches
  [32m✓[0m  WA SB 5694 (2025-2026): latest_action matches
  [32m✓[0m  WA SB 5694 (2025-2026): vote event count matches (1)
  [32m✓[0m  WA SB 5694 (2025-2026): vote tally matches on 2025-03-10 ({'yes': 49, 'no': 0, 'other': 0})
  [32m✓[0m  WA SB 5694 (2025-2026): sponsorship count matches (1)
  [32m✓[0m  WA SB 5698 (2025-2026): title matches
  [32m✓[0m  WA SB 5698 (2025-2026): latest_action matches
  [32m✓[0m  WA SB 5698 (2025-2026): vote event count matches (0)
  [32m✓[0m  WA SB 5698 (2025-2026): sponsorship count matches (2)
  [32m✓[0m  WA SB 5701 (2025-2026): title matches
  [32m✓[0m  WA SB 5701 (2025-2026): latest_action matches
  [32m✓[0m  WA SB 5701 (2025-2026): vote event count matches (1)
  [32m✓[0m  WA SB 5701 (2025-2026): vote tally matches on 2025-03-05 ({'yes': 30, 'no': 19, 'other': 0})
  [32m✓[0m  WA SB 5701 (2025-2026): sponsorship count matches (4)
  [32m✓[0m  WA SB 5708 (2025-2026): title matches
  [32m✓[0m  WA SB 5708 (2025-2026): latest_action matches
  [32m✓[0m  WA SB 5708 (2025-2026): vote event count matches (1)
  [32m✓[0m  WA SB 5708 (2025-2026): vote tally matches on 2025-03-12 ({'yes': 36, 'no': 12, 'other': 1})
  [32m✓[0m  WA SB 5708 (2025-2026): sponsorship count matches (8)
  [32m✓[0m  WA SB 5711 (2025-2026): title matches
  [32m✓[0m  WA SB 5711 (2025-2026): latest_action matches
  [32m✓[0m  WA SB 5711 (2025-2026): vote event count matches (0)
  [32m✓[0m  WA SB 5711 (2025-2026): sponsorship count matches (4)
  [32m✓[0m  WA SB 5719 (2025-2026): title matches
  [32m✓[0m  WA SB 5719 (2025-2026): latest_action matches
  [32m✓[0m  WA SB 5719 (2025-2026): vote event count matches (1)
  [32m✓[0m  WA SB 5719 (2025-2026): vote tally matches on 2025-03-11 ({'yes': 29, 'no': 19, 'other': 1})
  [32m✓[0m  WA SB 5719 (2025-2026): sponsorship count matches (2)
  [32m✓[0m  WA SB 5724 (2025-2026): title matches
  [32m✓[0m  WA SB 5724 (2025-2026): latest_action matches
  [32m✓[0m  WA SB 5724 (2025-2026): vote event count matches (0)
  [32m✓[0m  WA SB 5724 (2025-2026): sponsorship count matches (3)
  [32m✓[0m  WA SB 5727 (2025-2026): title matches
  [32m✓[0m  WA SB 5727 (2025-2026): latest_action matches
  [32m✓[0m  WA SB 5727 (2025-2026): vote event count matches (0)
  [32m✓[0m  WA SB 5727 (2025-2026): sponsorship count matches (3)
  [32m✓[0m  WA SB 5735 (2025-2026): title matches
  [32m✓[0m  WA SB 5735 (2025-2026): latest_action matches
  [32m✓[0m  WA SB 5735 (2025-2026): vote event count matches (0)
  [32m✓[0m  WA SB 5735 (2025-2026): sponsorship count matches (2)
  [32m✓[0m  WA SB 5738 (2025-2026): title matches
  [32m✓[0m  WA SB 5738 (2025-2026): latest_action matches
  [32m✓[0m  WA SB 5738 (2025-2026): vote event count matches (1)
  [32m✓[0m  WA SB 5738 (2025-2026): vote tally matches on 2025-03-12 ({'yes': 41, 'no': 7, 'other': 1})
  [32m✓[0m  WA SB 5738 (2025-2026): sponsorship count matches (9)
  [32m✓[0m  WA SB 5741 (2025-2026): title matches
  [32m✓[0m  WA SB 5741 (2025-2026): latest_action matches
  [32m✓[0m  WA SB 5741 (2025-2026): vote event count matches (0)
  [32m✓[0m  WA SB 5741 (2025-2026): sponsorship count matches (4)
  [32m✓[0m  WA SB 5743 (2025-2026): title matches
  [32m✓[0m  WA SB 5743 (2025-2026): latest_action matches
  [32m✓[0m  WA SB 5743 (2025-2026): vote event count matches (0)
  [32m✓[0m  WA SB 5743 (2025-2026): sponsorship count matches (3)
  [32m✓[0m  WA SB 5745 (2025-2026): title matches
  [32m✓[0m  WA SB 5745 (2025-2026): latest_action matches
  [32m✓[0m  WA SB 5745 (2025-2026): vote event count matches (2)
  [32m✓[0m  WA SB 5745 (2025-2026): vote tally matches on 2025-03-10 ({'yes': 49, 'no': 0, 'other': 0})
  [32m✓[0m  WA SB 5745 (2025-2026): vote tally matches on 2025-04-11 ({'yes': 59, 'no': 37, 'other': 2})
  [32m✓[0m  WA SB 5745 (2025-2026): sponsorship count matches (5)
  [32m✓[0m  WA SB 5750 (2025-2026): title matches
  [32m✓[0m  WA SB 5750 (2025-2026): latest_action matches
  [32m✓[0m  WA SB 5750 (2025-2026): vote event count matches (0)
  [32m✓[0m  WA SB 5750 (2025-2026): sponsorship count matches (11)
  [32m✓[0m  WA SB 5753 (2025-2026): title matches
  [32m✓[0m  WA SB 5753 (2025-2026): latest_action matches
  [32m✓[0m  WA SB 5753 (2025-2026): vote event count matches (0)
  [32m✓[0m  WA SB 5753 (2025-2026): sponsorship count matches (5)
  [32m✓[0m  WA SB 5754 (2025-2026): title matches
  [32m✓[0m  WA SB 5754 (2025-2026): latest_action matches
  [32m✓[0m  WA SB 5754 (2025-2026): vote event count matches (0)
  [32m✓[0m  WA SB 5754 (2025-2026): sponsorship count matches (8)
  [32m✓[0m  WA SB 5759 (2025-2026): title matches
  [32m✓[0m  WA SB 5759 (2025-2026): latest_action matches
  [32m✓[0m  WA SB 5759 (2025-2026): vote event count matches (0)
  [32m✓[0m  WA SB 5759 (2025-2026): sponsorship count matches (2)
  [32m✓[0m  WA SB 5761 (2025-2026): title matches
  [32m✓[0m  WA SB 5761 (2025-2026): latest_action matches
  [32m✓[0m  WA SB 5761 (2025-2026): vote event count matches (3)
  [32m✓[0m  WA SB 5761 (2025-2026): vote tally matches on 2025-03-26 ({'yes': 46, 'no': 3, 'other': 0})
  [32m✓[0m  WA SB 5761 (2025-2026): vote tally matches on 2025-04-22 ({'yes': 87, 'no': 9, 'other': 2})
  [32m✓[0m  WA SB 5761 (2025-2026): vote tally matches on 2025-04-24 ({'yes': 45, 'no': 3, 'other': 0})
  [32m✓[0m  WA SB 5761 (2025-2026): sponsorship count matches (2)
  [32m✓[0m  WA SB 5794 (2025-2026): title matches
  [32m✓[0m  WA SB 5794 (2025-2026): latest_action matches
  [32m✓[0m  WA SB 5794 (2025-2026): vote event count matches (4)
  [32m✓[0m  WA SB 5794 (2025-2026): vote tally matches on 2025-04-19 ({'yes': 26, 'no': 22, 'other': 1})
  [32m✓[0m  WA SB 5794 (2025-2026): vote tally matches on 2025-04-19 ({'yes': 20, 'no': 28, 'other': 1})
  [32m✓[0m  WA SB 5794 (2025-2026): vote tally matches on 2025-04-23 ({'yes': 53, 'no': 45, 'other': 0})
  [32m✓[0m  WA SB 5794 (2025-2026): vote tally matches on 2025-04-24 ({'yes': 26, 'no': 22, 'other': 0})
  [32m✓[0m  WA SB 5794 (2025-2026): sponsorship count matches (12)
  [32m✓[0m  WA SB 5795 (2025-2026): title matches
  [32m✓[0m  WA SB 5795 (2025-2026): latest_action matches
  [32m✓[0m  WA SB 5795 (2025-2026): vote event count matches (0)
  [32m✓[0m  WA SB 5795 (2025-2026): sponsorship count matches (20)
  [32m✓[0m  WA SB 5796 (2025-2026): title matches
  [32m✓[0m  WA SB 5796 (2025-2026): latest_action matches
  [32m✓[0m  WA SB 5796 (2025-2026): vote event count matches (0)
  [32m✓[0m  WA SB 5796 (2025-2026): sponsorship count matches (11)
    ...400/500
  [32m✓[0m  WA SB 5825 (2025-2026): title matches
  [32m✓[0m  WA SB 5825 (2025-2026): latest_action matches
  [32m✓[0m  WA SB 5825 (2025-2026): vote event count matches (2)
  [32m✓[0m  WA SB 5825 (2025-2026): vote tally matches on 2026-02-04 ({'yes': 33, 'no': 16, 'other': 0})
  [32m✓[0m  WA SB 5825 (2025-2026): vote tally matches on 2026-03-03 ({'yes': 85, 'no': 8, 'other': 5})
  [32m✓[0m  WA SB 5825 (2025-2026): sponsorship count matches (9)
  [32m✓[0m  WA SB 5830 (2025-2026): title matches
  [32m✓[0m  WA SB 5830 (2025-2026): latest_action matches
  [32m✓[0m  WA SB 5830 (2025-2026): vote event count matches (0)
  [32m✓[0m  WA SB 5830 (2025-2026): sponsorship count matches (2)
  [32m✓[0m  WA SB 5832 (2025-2026): title matches
  [32m✓[0m  WA SB 5832 (2025-2026): latest_action matches
  [32m✓[0m  WA SB 5832 (2025-2026): vote event count matches (1)
  [32m✓[0m  WA SB 5832 (2025-2026): vote tally matches on 2026-02-16 ({'yes': 33, 'no': 16, 'other': 0})
  [32m✓[0m  WA SB 5832 (2025-2026): sponsorship count matches (3)
  [32m✓[0m  WA SB 5845 (2025-2026): title matches
  [32m✓[0m  WA SB 5845 (2025-2026): latest_action matches
  [32m✓[0m  WA SB 5845 (2025-2026): vote event count matches (3)
  [32m✓[0m  WA SB 5845 (2025-2026): vote tally matches on 2026-02-11 ({'yes': 48, 'no': 0, 'other': 1})
  [32m✓[0m  WA SB 5845 (2025-2026): vote tally matches on 2026-03-05 ({'yes': 95, 'no': 0, 'other': 3})
  [32m✓[0m  WA SB 5845 (2025-2026): vote tally matches on 2026-03-09 ({'yes': 49, 'no': 0, 'other': 0})
  [32m✓[0m  WA SB 5845 (2025-2026): sponsorship count matches (10)
  [32m✓[0m  WA SB 5860 (2025-2026): title matches
  [32m✓[0m  WA SB 5860 (2025-2026): latest_action matches
  [32m✓[0m  WA SB 5860 (2025-2026): vote event count matches (0)
  [32m✓[0m  WA SB 5860 (2025-2026): sponsorship count matches (8)
  [32m✓[0m  WA SB 5862 (2025-2026): title matches
  [32m✓[0m  WA SB 5862 (2025-2026): latest_action matches
  [32m✓[0m  WA SB 5862 (2025-2026): vote event count matches (2)
  [32m✓[0m  WA SB 5862 (2025-2026): vote tally matches on 2026-02-13 ({'yes': 48, 'no': 0, 'other': 1})
  [32m✓[0m  WA SB 5862 (2025-2026): vote tally matches on 2026-03-06 ({'yes': 96, 'no': 0, 'other': 2})
  [32m✓[0m  WA SB 5862 (2025-2026): sponsorship count matches (9)
  [32m✓[0m  WA SB 5865 (2025-2026): title matches
  [32m✓[0m  WA SB 5865 (2025-2026): latest_action matches
  [32m✓[0m  WA SB 5865 (2025-2026): vote event count matches (1)
  [32m✓[0m  WA SB 5865 (2025-2026): vote tally matches on 2026-01-28 ({'yes': 46, 'no': 3, 'other': 0})
  [32m✓[0m  WA SB 5865 (2025-2026): sponsorship count matches (8)
  [32m✓[0m  WA SB 5869 (2025-2026): title matches
  [32m✓[0m  WA SB 5869 (2025-2026): latest_action matches
  [32m✓[0m  WA SB 5869 (2025-2026): vote event count matches (0)
  [32m✓[0m  WA SB 5869 (2025-2026): sponsorship count matches (5)
  [32m✓[0m  WA SB 5871 (2025-2026): title matches
  [32m✓[0m  WA SB 5871 (2025-2026): latest_action matches
  [32m✓[0m  WA SB 5871 (2025-2026): vote event count matches (0)
  [32m✓[0m  WA SB 5871 (2025-2026): sponsorship count matches (4)
  [32m✓[0m  WA SB 5873 (2025-2026): title matches
  [32m✓[0m  WA SB 5873 (2025-2026): latest_action matches
  [32m✓[0m  WA SB 5873 (2025-2026): vote event count matches (1)
  [32m✓[0m  WA SB 5873 (2025-2026): vote tally matches on 2026-02-17 ({'yes': 31, 'no': 17, 'other': 1})
  [32m✓[0m  WA SB 5873 (2025-2026): sponsorship count matches (5)
  [32m✓[0m  WA SB 5895 (2025-2026): title matches
  [32m✓[0m  WA SB 5895 (2025-2026): latest_action matches
  [32m✓[0m  WA SB 5895 (2025-2026): vote event count matches (0)
  [32m✓[0m  WA SB 5895 (2025-2026): sponsorship count matches (4)
  [32m✓[0m  WA SB 5901 (2025-2026): title matches
  [32m✓[0m  WA SB 5901 (2025-2026): latest_action matches
  [32m✓[0m  WA SB 5901 (2025-2026): vote event count matches (1)
  [32m✓[0m  WA SB 5901 (2025-2026): vote tally matches on 2026-02-17 ({'yes': 49, 'no': 0, 'other': 0})
  [32m✓[0m  WA SB 5901 (2025-2026): sponsorship count matches (4)
  [32m✓[0m  WA SB 5906 (2025-2026): title matches
  [32m✓[0m  WA SB 5906 (2025-2026): latest_action matches
  [32m✓[0m  WA SB 5906 (2025-2026): vote event count matches (1)
  [32m✓[0m  WA SB 5906 (2025-2026): vote tally matches on 2026-02-12 ({'yes': 30, 'no': 19, 'other': 0})
  [32m✓[0m  WA SB 5906 (2025-2026): sponsorship count matches (13)
  [32m✓[0m  WA SB 5911 (2025-2026): title matches
  [32m✓[0m  WA SB 5911 (2025-2026): latest_action matches
  [32m✓[0m  WA SB 5911 (2025-2026): vote event count matches (3)
  [32m✓[0m  WA SB 5911 (2025-2026): vote tally matches on 2026-02-13 ({'yes': 48, 'no': 0, 'other': 1})
  [32m✓[0m  WA SB 5911 (2025-2026): vote tally matches on 2026-03-05 ({'yes': 93, 'no': 2, 'other': 3})
  [32m✓[0m  WA SB 5911 (2025-2026): vote tally matches on 2026-03-09 ({'yes': 49, 'no': 0, 'other': 0})
  [32m✓[0m  WA SB 5911 (2025-2026): sponsorship count matches (9)
  [32m✓[0m  WA SB 5930 (2025-2026): title matches
  [32m✓[0m  WA SB 5930 (2025-2026): latest_action matches
  [32m✓[0m  WA SB 5930 (2025-2026): vote event count matches (0)
  [32m✓[0m  WA SB 5930 (2025-2026): sponsorship count matches (2)
  [32m✓[0m  WA SB 5959 (2025-2026): title matches
  [32m✓[0m  WA SB 5959 (2025-2026): latest_action matches
  [32m✓[0m  WA SB 5959 (2025-2026): vote event count matches (0)
  [32m✓[0m  WA SB 5959 (2025-2026): sponsorship count matches (4)
  [32m✓[0m  WA SB 5966 (2025-2026): title matches
  [32m✓[0m  WA SB 5966 (2025-2026): latest_action matches
  [32m✓[0m  WA SB 5966 (2025-2026): vote event count matches (0)
  [32m✓[0m  WA SB 5966 (2025-2026): sponsorship count matches (6)
  [32m✓[0m  WA SB 5969 (2025-2026): title matches
  [32m✓[0m  WA SB 5969 (2025-2026): latest_action matches
  [32m✓[0m  WA SB 5969 (2025-2026): vote event count matches (3)
  [32m✓[0m  WA SB 5969 (2025-2026): vote tally matches on 2026-02-13 ({'yes': 38, 'no': 10, 'other': 1})
  [32m✓[0m  WA SB 5969 (2025-2026): vote tally matches on 2026-03-05 ({'yes': 96, 'no': 0, 'other': 2})
  [32m✓[0m  WA SB 5969 (2025-2026): vote tally matches on 2026-03-09 ({'yes': 48, 'no': 1, 'other': 0})
  [32m✓[0m  WA SB 5969 (2025-2026): sponsorship count matches (5)
  [32m✓[0m  WA SB 5972 (2025-2026): title matches
  [32m✓[0m  WA SB 5972 (2025-2026): latest_action matches
  [32m✓[0m  WA SB 5972 (2025-2026): vote event count matches (1)
  [32m✓[0m  WA SB 5972 (2025-2026): vote tally matches on 2026-02-04 ({'yes': 34, 'no': 15, 'other': 0})
  [32m✓[0m  WA SB 5972 (2025-2026): sponsorship count matches (3)
  [32m✓[0m  WA SB 5986 (2025-2026): title matches
  [32m✓[0m  WA SB 5986 (2025-2026): latest_action matches
  [32m✓[0m  WA SB 5986 (2025-2026): vote event count matches (0)
  [32m✓[0m  WA SB 5986 (2025-2026): sponsorship count matches (1)
  [32m✓[0m  WA SB 5989 (2025-2026): title matches
  [32m✓[0m  WA SB 5989 (2025-2026): latest_action matches
  [32m✓[0m  WA SB 5989 (2025-2026): vote event count matches (0)
  [32m✓[0m  WA SB 5989 (2025-2026): sponsorship count matches (2)
  [32m✓[0m  WA SB 5995 (2025-2026): title matches
  [32m✓[0m  WA SB 5995 (2025-2026): latest_action matches
  [32m✓[0m  WA SB 5995 (2025-2026): vote event count matches (2)
  [32m✓[0m  WA SB 5995 (2025-2026): vote tally matches on 2026-02-11 ({'yes': 31, 'no': 18, 'other': 0})
  [32m✓[0m  WA SB 5995 (2025-2026): vote tally matches on 2026-03-04 ({'yes': 77, 'no': 17, 'other': 4})
  [32m✓[0m  WA SB 5995 (2025-2026): sponsorship count matches (3)
  [32m✓[0m  WA SB 6006 (2025-2026): title matches
  [32m✓[0m  WA SB 6006 (2025-2026): latest_action matches
  [32m✓[0m  WA SB 6006 (2025-2026): vote event count matches (1)
  [32m✓[0m  WA SB 6006 (2025-2026): vote tally matches on 2026-03-03 ({'yes': 48, 'no': 0, 'other': 1})
  [32m✓[0m  WA SB 6006 (2025-2026): sponsorship count matches (7)
  [32m✓[0m  WA SB 6007 (2025-2026): title matches
  [32m✓[0m  WA SB 6007 (2025-2026): latest_action matches
  [32m✓[0m  WA SB 6007 (2025-2026): vote event count matches (1)
  [32m✓[0m  WA SB 6007 (2025-2026): vote tally matches on 2026-02-10 ({'yes': 48, 'no': 0, 'other': 1})
  [32m✓[0m  WA SB 6007 (2025-2026): sponsorship count matches (1)
  [32m✓[0m  WA SB 6009 (2025-2026): title matches
  [32m✓[0m  WA SB 6009 (2025-2026): latest_action matches
  [32m✓[0m  WA SB 6009 (2025-2026): vote event count matches (1)
  [32m✓[0m  WA SB 6009 (2025-2026): vote tally matches on 2026-02-11 ({'yes': 49, 'no': 0, 'other': 0})
  [32m✓[0m  WA SB 6009 (2025-2026): sponsorship count matches (3)
    ...425/500
  [32m✓[0m  WA SB 6011 (2025-2026): title matches
  [32m✓[0m  WA SB 6011 (2025-2026): latest_action matches
  [32m✓[0m  WA SB 6011 (2025-2026): vote event count matches (2)
  [32m✓[0m  WA SB 6011 (2025-2026): vote tally matches on 2026-02-10 ({'yes': 49, 'no': 0, 'other': 0})
  [32m✓[0m  WA SB 6011 (2025-2026): vote tally matches on 2026-03-04 ({'yes': 96, 'no': 0, 'other': 2})
  [32m✓[0m  WA SB 6011 (2025-2026): sponsorship count matches (7)
  [32m✓[0m  WA SB 6015 (2025-2026): title matches
  [32m✓[0m  WA SB 6015 (2025-2026): latest_action matches
  [32m✓[0m  WA SB 6015 (2025-2026): vote event count matches (0)
  [32m✓[0m  WA SB 6015 (2025-2026): sponsorship count matches (8)
  [32m✓[0m  WA SB 6024 (2025-2026): title matches
  [32m✓[0m  WA SB 6024 (2025-2026): latest_action matches
  [32m✓[0m  WA SB 6024 (2025-2026): vote event count matches (1)
  [32m✓[0m  WA SB 6024 (2025-2026): vote tally matches on 2026-02-10 ({'yes': 48, 'no': 0, 'other': 1})
  [32m✓[0m  WA SB 6024 (2025-2026): sponsorship count matches (12)
  [32m✓[0m  WA SB 6035 (2025-2026): title matches
  [32m✓[0m  WA SB 6035 (2025-2026): latest_action matches
  [32m✓[0m  WA SB 6035 (2025-2026): vote event count matches (3)
  [32m✓[0m  WA SB 6035 (2025-2026): vote tally matches on 2026-02-12 ({'yes': 30, 'no': 19, 'other': 0})
  [32m✓[0m  WA SB 6035 (2025-2026): vote tally matches on 2026-03-03 ({'yes': 57, 'no': 36, 'other': 5})
  [32m✓[0m  WA SB 6035 (2025-2026): vote tally matches on 2026-03-10 ({'yes': 29, 'no': 19, 'other': 1})
  [32m✓[0m  WA SB 6035 (2025-2026): sponsorship count matches (9)
  [32m✓[0m  WA SB 6046 (2025-2026): title matches
  [32m✓[0m  WA SB 6046 (2025-2026): latest_action matches
  [32m✓[0m  WA SB 6046 (2025-2026): vote event count matches (2)
  [32m✓[0m  WA SB 6046 (2025-2026): vote tally matches on 2026-02-10 ({'yes': 47, 'no': 0, 'other': 2})
  [32m✓[0m  WA SB 6046 (2025-2026): vote tally matches on 2026-03-03 ({'yes': 88, 'no': 4, 'other': 6})
  [32m✓[0m  WA SB 6046 (2025-2026): sponsorship count matches (5)
  [32m✓[0m  WA SB 6047 (2025-2026): title matches
  [32m✓[0m  WA SB 6047 (2025-2026): latest_action matches
  [32m✓[0m  WA SB 6047 (2025-2026): vote event count matches (0)
  [32m✓[0m  WA SB 6047 (2025-2026): sponsorship count matches (3)
  [32m✓[0m  WA SB 6050 (2025-2026): title matches
  [32m✓[0m  WA SB 6050 (2025-2026): latest_action matches
  [32m✓[0m  WA SB 6050 (2025-2026): vote event count matches (0)
  [32m✓[0m  WA SB 6050 (2025-2026): sponsorship count matches (6)
  [32m✓[0m  WA SB 6052 (2025-2026): title matches
  [32m✓[0m  WA SB 6052 (2025-2026): latest_action matches
  [32m✓[0m  WA SB 6052 (2025-2026): vote event count matches (0)
  [32m✓[0m  WA SB 6052 (2025-2026): sponsorship count matches (2)
  [32m✓[0m  WA SB 6067 (2025-2026): title matches
  [32m✓[0m  WA SB 6067 (2025-2026): latest_action matches
  [32m✓[0m  WA SB 6067 (2025-2026): vote event count matches (0)
  [32m✓[0m  WA SB 6067 (2025-2026): sponsorship count matches (9)
  [32m✓[0m  WA SB 6077 (2025-2026): title matches
  [32m✓[0m  WA SB 6077 (2025-2026): latest_action matches
  [32m✓[0m  WA SB 6077 (2025-2026): vote event count matches (0)
  [32m✓[0m  WA SB 6077 (2025-2026): sponsorship count matches (1)
  [32m✓[0m  WA SB 6082 (2025-2026): title matches
  [32m✓[0m  WA SB 6082 (2025-2026): latest_action matches
  [32m✓[0m  WA SB 6082 (2025-2026): vote event count matches (0)
  [32m✓[0m  WA SB 6082 (2025-2026): sponsorship count matches (2)
  [32m✓[0m  WA SB 6090 (2025-2026): title matches
  [32m✓[0m  WA SB 6090 (2025-2026): latest_action matches
  [32m✓[0m  WA SB 6090 (2025-2026): vote event count matches (0)
  [32m✓[0m  WA SB 6090 (2025-2026): sponsorship count matches (6)
  [32m✓[0m  WA SB 6093 (2025-2026): title matches
  [32m✓[0m  WA SB 6093 (2025-2026): latest_action matches
  [32m✓[0m  WA SB 6093 (2025-2026): vote event count matches (0)
  [32m✓[0m  WA SB 6093 (2025-2026): sponsorship count matches (5)
  [32m✓[0m  WA SB 6116 (2025-2026): title matches
  [32m✓[0m  WA SB 6116 (2025-2026): latest_action matches
  [32m✓[0m  WA SB 6116 (2025-2026): vote event count matches (0)
  [32m✓[0m  WA SB 6116 (2025-2026): sponsorship count matches (7)
  [32m✓[0m  WA SB 6119 (2025-2026): title matches
  [32m✓[0m  WA SB 6119 (2025-2026): latest_action matches
  [32m✓[0m  WA SB 6119 (2025-2026): vote event count matches (0)
  [32m✓[0m  WA SB 6119 (2025-2026): sponsorship count matches (5)
  [32m✓[0m  WA SB 6129 (2025-2026): title matches
  [32m✓[0m  WA SB 6129 (2025-2026): latest_action matches
  [32m✓[0m  WA SB 6129 (2025-2026): vote event count matches (2)
  [32m✓[0m  WA SB 6129 (2025-2026): vote tally matches on 2026-02-28 ({'yes': 26, 'no': 22, 'other': 1})
  [32m✓[0m  WA SB 6129 (2025-2026): vote tally matches on 2026-02-28 ({'yes': 21, 'no': 28, 'other': 0})
  [32m✓[0m  WA SB 6129 (2025-2026): sponsorship count matches (6)
  [32m✓[0m  WA SB 6139 (2025-2026): title matches
  [32m✓[0m  WA SB 6139 (2025-2026): latest_action matches
  [32m✓[0m  WA SB 6139 (2025-2026): vote event count matches (0)
  [32m✓[0m  WA SB 6139 (2025-2026): sponsorship count matches (4)
  [32m✓[0m  WA SB 6147 (2025-2026): title matches
  [32m✓[0m  WA SB 6147 (2025-2026): latest_action matches
  [32m✓[0m  WA SB 6147 (2025-2026): vote event count matches (0)
  [32m✓[0m  WA SB 6147 (2025-2026): sponsorship count matches (8)
  [32m✓[0m  WA SB 6152 (2025-2026): title matches
  [32m✓[0m  WA SB 6152 (2025-2026): latest_action matches
  [32m✓[0m  WA SB 6152 (2025-2026): vote event count matches (0)
  [32m✓[0m  WA SB 6152 (2025-2026): sponsorship count matches (9)
  [32m✓[0m  WA SB 6158 (2025-2026): title matches
  [32m✓[0m  WA SB 6158 (2025-2026): latest_action matches
  [32m✓[0m  WA SB 6158 (2025-2026): vote event count matches (0)
  [32m✓[0m  WA SB 6158 (2025-2026): sponsorship count matches (7)
  [32m✓[0m  WA SB 6162 (2025-2026): title matches
  [32m✓[0m  WA SB 6162 (2025-2026): latest_action matches
  [32m✓[0m  WA SB 6162 (2025-2026): vote event count matches (3)
  [32m✓[0m  WA SB 6162 (2025-2026): vote tally matches on 2026-02-16 ({'yes': 41, 'no': 8, 'other': 0})
  [32m✓[0m  WA SB 6162 (2025-2026): vote tally matches on 2026-03-06 ({'yes': 93, 'no': 2, 'other': 3})
  [32m✓[0m  WA SB 6162 (2025-2026): vote tally matches on 2026-03-10 ({'yes': 41, 'no': 8, 'other': 0})
  [32m✓[0m  WA SB 6162 (2025-2026): sponsorship count matches (25)
  [32m✓[0m  WA SB 6169 (2025-2026): title matches
  [32m✓[0m  WA SB 6169 (2025-2026): latest_action matches
  [32m✓[0m  WA SB 6169 (2025-2026): vote event count matches (0)
  [32m✓[0m  WA SB 6169 (2025-2026): sponsorship count matches (7)
  [32m✓[0m  WA SB 6180 (2025-2026): title matches
  [32m✓[0m  WA SB 6180 (2025-2026): latest_action matches
  [32m✓[0m  WA SB 6180 (2025-2026): vote event count matches (0)
  [32m✓[0m  WA SB 6180 (2025-2026): sponsorship count matches (2)
  [32m✓[0m  WA SB 6191 (2025-2026): title matches
  [32m✓[0m  WA SB 6191 (2025-2026): latest_action matches
  [32m✓[0m  WA SB 6191 (2025-2026): vote event count matches (0)
  [32m✓[0m  WA SB 6191 (2025-2026): sponsorship count matches (3)
  [32m✓[0m  WA SB 6196 (2025-2026): title matches
  [32m✓[0m  WA SB 6196 (2025-2026): latest_action matches
  [32m✓[0m  WA SB 6196 (2025-2026): vote event count matches (0)
  [32m✓[0m  WA SB 6196 (2025-2026): sponsorship count matches (3)
    ...450/500
  [32m✓[0m  WA SB 6197 (2025-2026): title matches
  [32m✓[0m  WA SB 6197 (2025-2026): latest_action matches
  [32m✓[0m  WA SB 6197 (2025-2026): vote event count matches (2)
  [32m✓[0m  WA SB 6197 (2025-2026): vote tally matches on 2026-02-17 ({'yes': 49, 'no': 0, 'other': 0})
  [32m✓[0m  WA SB 6197 (2025-2026): vote tally matches on 2026-03-04 ({'yes': 96, 'no': 0, 'other': 2})
  [32m✓[0m  WA SB 6197 (2025-2026): sponsorship count matches (5)
  [32m✓[0m  WA SB 6204 (2025-2026): title matches
  [32m✓[0m  WA SB 6204 (2025-2026): latest_action matches
  [32m✓[0m  WA SB 6204 (2025-2026): vote event count matches (0)
  [32m✓[0m  WA SB 6204 (2025-2026): sponsorship count matches (3)
  [32m✓[0m  WA SB 6214 (2025-2026): title matches
  [32m✓[0m  WA SB 6214 (2025-2026): latest_action matches
  [32m✓[0m  WA SB 6214 (2025-2026): vote event count matches (0)
  [32m✓[0m  WA SB 6214 (2025-2026): sponsorship count matches (6)
  [32m✓[0m  WA SB 6216 (2025-2026): title matches
  [32m✓[0m  WA SB 6216 (2025-2026): latest_action matches
  [32m✓[0m  WA SB 6216 (2025-2026): vote event count matches (0)
  [32m✓[0m  WA SB 6216 (2025-2026): sponsorship count matches (4)
  [32m✓[0m  WA SB 6217 (2025-2026): title matches
  [32m✓[0m  WA SB 6217 (2025-2026): latest_action matches
  [32m✓[0m  WA SB 6217 (2025-2026): vote event count matches (0)
  [32m✓[0m  WA SB 6217 (2025-2026): sponsorship count matches (8)
  [32m✓[0m  WA SB 6224 (2025-2026): title matches
  [32m✓[0m  WA SB 6224 (2025-2026): latest_action matches
  [32m✓[0m  WA SB 6224 (2025-2026): vote event count matches (0)
  [32m✓[0m  WA SB 6224 (2025-2026): sponsorship count matches (9)
  [32m✓[0m  WA SB 6229 (2025-2026): title matches
  [32m✓[0m  WA SB 6229 (2025-2026): latest_action matches
  [32m✓[0m  WA SB 6229 (2025-2026): vote event count matches (0)
  [32m✓[0m  WA SB 6229 (2025-2026): sponsorship count matches (1)
  [32m✓[0m  WA SB 6230 (2025-2026): title matches
  [32m✓[0m  WA SB 6230 (2025-2026): latest_action matches
  [32m✓[0m  WA SB 6230 (2025-2026): vote event count matches (0)
  [32m✓[0m  WA SB 6230 (2025-2026): sponsorship count matches (2)
  [32m✓[0m  WA SB 6266 (2025-2026): title matches
  [32m✓[0m  WA SB 6266 (2025-2026): latest_action matches
  [32m✓[0m  WA SB 6266 (2025-2026): vote event count matches (0)
  [32m✓[0m  WA SB 6266 (2025-2026): sponsorship count matches (12)
  [32m✓[0m  WA SB 6271 (2025-2026): title matches
  [32m✓[0m  WA SB 6271 (2025-2026): latest_action matches
  [32m✓[0m  WA SB 6271 (2025-2026): vote event count matches (0)
  [32m✓[0m  WA SB 6271 (2025-2026): sponsorship count matches (5)
  [32m✓[0m  WA SB 6281 (2025-2026): title matches
  [32m✓[0m  WA SB 6281 (2025-2026): latest_action matches
  [32m✓[0m  WA SB 6281 (2025-2026): vote event count matches (0)
  [32m✓[0m  WA SB 6281 (2025-2026): sponsorship count matches (2)
  [32m✓[0m  WA SB 6284 (2025-2026): title matches
  [32m✓[0m  WA SB 6284 (2025-2026): latest_action matches
  [32m✓[0m  WA SB 6284 (2025-2026): vote event count matches (0)
  [32m✓[0m  WA SB 6284 (2025-2026): sponsorship count matches (9)
  [32m✓[0m  WA SB 6289 (2025-2026): title matches
  [32m✓[0m  WA SB 6289 (2025-2026): latest_action matches
  [32m✓[0m  WA SB 6289 (2025-2026): vote event count matches (1)
  [32m✓[0m  WA SB 6289 (2025-2026): vote tally matches on 2026-02-16 ({'yes': 30, 'no': 19, 'other': 0})
  [32m✓[0m  WA SB 6289 (2025-2026): sponsorship count matches (8)
  [32m✓[0m  WA SB 6292 (2025-2026): title matches
  [32m✓[0m  WA SB 6292 (2025-2026): latest_action matches
  [32m✓[0m  WA SB 6292 (2025-2026): vote event count matches (0)
  [32m✓[0m  WA SB 6292 (2025-2026): sponsorship count matches (4)
  [32m✓[0m  WA SB 6293 (2025-2026): title matches
  [32m✓[0m  WA SB 6293 (2025-2026): latest_action matches
  [32m✓[0m  WA SB 6293 (2025-2026): vote event count matches (0)
  [32m✓[0m  WA SB 6293 (2025-2026): sponsorship count matches (4)
  [32m✓[0m  WA SB 6296 (2025-2026): title matches
  [32m✓[0m  WA SB 6296 (2025-2026): latest_action matches
  [32m✓[0m  WA SB 6296 (2025-2026): vote event count matches (0)
  [32m✓[0m  WA SB 6296 (2025-2026): sponsorship count matches (2)
  [32m✓[0m  WA SB 6301 (2025-2026): title matches
  [32m✓[0m  WA SB 6301 (2025-2026): latest_action matches
  [32m✓[0m  WA SB 6301 (2025-2026): vote event count matches (0)
  [32m✓[0m  WA SB 6301 (2025-2026): sponsorship count matches (3)
  [32m✓[0m  WA SB 6304 (2025-2026): title matches
  [32m✓[0m  WA SB 6304 (2025-2026): latest_action matches
  [32m✓[0m  WA SB 6304 (2025-2026): vote event count matches (0)
  [32m✓[0m  WA SB 6304 (2025-2026): sponsorship count matches (11)
  [32m✓[0m  WA SB 6309 (2025-2026): title matches
  [32m✓[0m  WA SB 6309 (2025-2026): latest_action matches
  [32m✓[0m  WA SB 6309 (2025-2026): vote event count matches (3)
  [32m✓[0m  WA SB 6309 (2025-2026): vote tally matches on 2026-02-13 ({'yes': 31, 'no': 17, 'other': 1})
  [32m✓[0m  WA SB 6309 (2025-2026): vote tally matches on 2026-03-04 ({'yes': 56, 'no': 38, 'other': 4})
  [32m✓[0m  WA SB 6309 (2025-2026): vote tally matches on 2026-03-10 ({'yes': 30, 'no': 19, 'other': 0})
  [32m✓[0m  WA SB 6309 (2025-2026): sponsorship count matches (3)
  [32m✓[0m  WA SB 6323 (2025-2026): title matches
  [32m✓[0m  WA SB 6323 (2025-2026): latest_action matches
  [32m✓[0m  WA SB 6323 (2025-2026): vote event count matches (1)
  [32m✓[0m  WA SB 6323 (2025-2026): vote tally matches on 2026-02-12 ({'yes': 49, 'no': 0, 'other': 0})
  [32m✓[0m  WA SB 6323 (2025-2026): sponsorship count matches (5)
  [32m✓[0m  WA SB 6330 (2025-2026): title matches
  [32m✓[0m  WA SB 6330 (2025-2026): latest_action matches
  [32m✓[0m  WA SB 6330 (2025-2026): vote event count matches (0)
  [32m✓[0m  WA SB 6330 (2025-2026): sponsorship count matches (4)
  [32m✓[0m  WA SB 6340 (2025-2026): title matches
  [32m✓[0m  WA SB 6340 (2025-2026): latest_action matches
  [32m✓[0m  WA SB 6340 (2025-2026): vote event count matches (0)
  [32m✓[0m  WA SB 6340 (2025-2026): sponsorship count matches (4)
  [32m✓[0m  WA SB 6341 (2025-2026): title matches
  [32m✓[0m  WA SB 6341 (2025-2026): latest_action matches
  [32m✓[0m  WA SB 6341 (2025-2026): vote event count matches (0)
  [32m✓[0m  WA SB 6341 (2025-2026): sponsorship count matches (1)
  [32m✓[0m  WA SB 6346 (2025-2026): title matches
  [32m✓[0m  WA SB 6346 (2025-2026): latest_action matches
  [32m✓[0m  WA SB 6346 (2025-2026): vote event count matches (79)
  [32m✓[0m  WA SB 6346 (2025-2026): vote tally matches on 2026-02-16 ({'yes': 21, 'no': 28, 'other': 0})
  [32m✓[0m  WA SB 6346 (2025-2026): vote tally matches on 2026-02-16 ({'yes': 27, 'no': 22, 'other': 0})
  [32m✓[0m  WA SB 6346 (2025-2026): vote tally matches on 2026-02-16 ({'yes': 21, 'no': 28, 'other': 0})
  [32m✓[0m  WA SB 6346 (2025-2026): vote tally matches on 2026-02-16 ({'yes': 20, 'no': 29, 'other': 0})
  [32m✓[0m  WA SB 6346 (2025-2026): vote tally matches on 2026-03-09 ({'yes': 44, 'no': 52, 'other': 2})
  [32m✓[0m  WA SB 6346 (2025-2026): vote tally matches on 2026-03-09 ({'yes': 44, 'no': 51, 'other': 3})
  [32m✓[0m  WA SB 6346 (2025-2026): vote tally matches on 2026-03-09 ({'yes': 23, 'no': 72, 'other': 3})
  [32m✓[0m  WA SB 6346 (2025-2026): vote tally matches on 2026-03-09 ({'yes': 40, 'no': 56, 'other': 2})
  [32m✓[0m  WA SB 6346 (2025-2026): vote tally matches on 2026-03-09 ({'yes': 38, 'no': 56, 'other': 4})
  [32m✓[0m  WA SB 6346 (2025-2026): vote tally matches on 2026-03-09 ({'yes': 39, 'no': 58, 'other': 1})
  [32m✓[0m  WA SB 6346 (2025-2026): vote tally matches on 2026-03-09 ({'yes': 41, 'no': 53, 'other': 4})
  [32m✓[0m  WA SB 6346 (2025-2026): vote tally matches on 2026-03-09 ({'yes': 46, 'no': 49, 'other': 3})
  [32m✓[0m  WA SB 6346 (2025-2026): vote tally matches on 2026-03-09 ({'yes': 47, 'no': 49, 'other': 2})
  [32m✓[0m  WA SB 6346 (2025-2026): vote tally matches on 2026-03-09 ({'yes': 45, 'no': 51, 'other': 2})
  [32m✓[0m  WA SB 6346 (2025-2026): vote tally matches on 2026-03-09 ({'yes': 44, 'no': 52, 'other': 2})
  [32m✓[0m  WA SB 6346 (2025-2026): vote tally matches on 2026-03-09 ({'yes': 40, 'no': 56, 'other': 2})
  [32m✓[0m  WA SB 6346 (2025-2026): vote tally matches on 2026-03-09 ({'yes': 46, 'no': 49, 'other': 3})
  [32m✓[0m  WA SB 6346 (2025-2026): vote tally matches on 2026-03-09 ({'yes': 40, 'no': 55, 'other': 3})
  [32m✓[0m  WA SB 6346 (2025-2026): vote tally matches on 2026-03-09 ({'yes': 38, 'no': 58, 'other': 2})
  [32m✓[0m  WA SB 6346 (2025-2026): vote tally matches on 2026-03-09 ({'yes': 46, 'no': 49, 'other': 3})
  [32m✓[0m  WA SB 6346 (2025-2026): vote tally matches on 2026-03-09 ({'yes': 39, 'no': 58, 'other': 1})
  [32m✓[0m  WA SB 6346 (2025-2026): vote tally matches on 2026-03-09 ({'yes': 41, 'no': 54, 'other': 3})
  [32m✓[0m  WA SB 6346 (2025-2026): vote tally matches on 2026-03-09 ({'yes': 42, 'no': 54, 'other': 2})
  [32m✓[0m  WA SB 6346 (2025-2026): vote tally matches on 2026-03-09 ({'yes': 42, 'no': 52, 'other': 4})
  [32m✓[0m  WA SB 6346 (2025-2026): vote tally matches on 2026-03-09 ({'yes': 44, 'no': 51, 'other': 3})
  [32m✓[0m  WA SB 6346 (2025-2026): vote tally matches on 2026-03-09 ({'yes': 40, 'no': 56, 'other': 2})
  [32m✓[0m  WA SB 6346 (2025-2026): vote tally matches on 2026-03-09 ({'yes': 38, 'no': 57, 'other': 3})
  [32m✓[0m  WA SB 6346 (2025-2026): vote tally matches on 2026-03-09 ({'yes': 38, 'no': 59, 'other': 1})
  [32m✓[0m  WA SB 6346 (2025-2026): vote tally matches on 2026-03-09 ({'yes': 44, 'no': 52, 'other': 2})
  [32m✓[0m  WA SB 6346 (2025-2026): vote tally matches on 2026-03-09 ({'yes': 93, 'no': 0, 'other': 5})
  [32m✓[0m  WA SB 6346 (2025-2026): vote tally matches on 2026-03-09 ({'yes': 37, 'no': 56, 'other': 5})
  [32m✓[0m  WA SB 6346 (2025-2026): vote tally matches on 2026-03-09 ({'yes': 47, 'no': 49, 'other': 2})
  [32m✓[0m  WA SB 6346 (2025-2026): vote tally matches on 2026-03-09 ({'yes': 43, 'no': 50, 'other': 5})
  [32m✓[0m  WA SB 6346 (2025-2026): vote tally matches on 2026-03-09 ({'yes': 47, 'no': 49, 'other': 2})
  [32m✓[0m  WA SB 6346 (2025-2026): vote tally matches on 2026-03-09 ({'yes': 43, 'no': 53, 'other': 2})
  [32m✓[0m  WA SB 6346 (2025-2026): vote tally matches on 2026-03-09 ({'yes': 41, 'no': 56, 'other': 1})
  [32m✓[0m  WA SB 6346 (2025-2026): vote tally matches on 2026-03-09 ({'yes': 45, 'no': 50, 'other': 3})
  [32m✓[0m  WA SB 6346 (2025-2026): vote tally matches on 2026-03-09 ({'yes': 44, 'no': 52, 'other': 2})
  [32m✓[0m  WA SB 6346 (2025-2026): vote tally matches on 2026-03-09 ({'yes': 57, 'no': 36, 'other': 5})
  [32m✓[0m  WA SB 6346 (2025-2026): vote tally matches on 2026-03-09 ({'yes': 42, 'no': 54, 'other': 2})
  [32m✓[0m  WA SB 6346 (2025-2026): vote tally matches on 2026-03-09 ({'yes': 47, 'no': 49, 'other': 2})
  [32m✓[0m  WA SB 6346 (2025-2026): vote tally matches on 2026-03-09 ({'yes': 38, 'no': 56, 'other': 4})
  [32m✓[0m  WA SB 6346 (2025-2026): vote tally matches on 2026-03-09 ({'yes': 43, 'no': 50, 'other': 5})
  [32m✓[0m  WA SB 6346 (2025-2026): vote tally matches on 2026-03-09 ({'yes': 43, 'no': 51, 'other': 4})
  [32m✓[0m  WA SB 6346 (2025-2026): vote tally matches on 2026-03-09 ({'yes': 59, 'no': 37, 'other': 2})
  [32m✓[0m  WA SB 6346 (2025-2026): vote tally matches on 2026-03-09 ({'yes': 40, 'no': 53, 'other': 5})
  [32m✓[0m  WA SB 6346 (2025-2026): vote tally matches on 2026-03-09 ({'yes': 46, 'no': 49, 'other': 3})
  [32m✓[0m  WA SB 6346 (2025-2026): vote tally matches on 2026-03-09 ({'yes': 40, 'no': 55, 'other': 3})
  [32m✓[0m  WA SB 6346 (2025-2026): vote tally matches on 2026-03-09 ({'yes': 44, 'no': 52, 'other': 2})
  [32m✓[0m  WA SB 6346 (2025-2026): vote tally matches on 2026-03-09 ({'yes': 40, 'no': 54, 'other': 4})
  [32m✓[0m  WA SB 6346 (2025-2026): vote tally matches on 2026-03-09 ({'yes': 47, 'no': 49, 'other': 2})
  [32m✓[0m  WA SB 6346 (2025-2026): vote tally matches on 2026-03-09 ({'yes': 43, 'no': 50, 'other': 5})
  [32m✓[0m  WA SB 6346 (2025-2026): vote tally matches on 2026-03-09 ({'yes': 39, 'no': 55, 'other': 4})
  [32m✓[0m  WA SB 6346 (2025-2026): vote tally matches on 2026-03-09 ({'yes': 44, 'no': 52, 'other': 2})
  [32m✓[0m  WA SB 6346 (2025-2026): vote tally matches on 2026-03-09 ({'yes': 40, 'no': 54, 'other': 4})
  [32m✓[0m  WA SB 6346 (2025-2026): vote tally matches on 2026-03-09 ({'yes': 94, 'no': 1, 'other': 3})
  [32m✓[0m  WA SB 6346 (2025-2026): vote tally matches on 2026-03-09 ({'yes': 37, 'no': 57, 'other': 4})
  [32m✓[0m  WA SB 6346 (2025-2026): vote tally matches on 2026-03-09 ({'yes': 47, 'no': 49, 'other': 2})
  [32m✓[0m  WA SB 6346 (2025-2026): vote tally matches on 2026-03-09 ({'yes': 94, 'no': 0, 'other': 4})
  [32m✓[0m  WA SB 6346 (2025-2026): vote tally matches on 2026-03-09 ({'yes': 38, 'no': 58, 'other': 2})
  [32m✓[0m  WA SB 6346 (2025-2026): vote tally matches on 2026-03-09 ({'yes': 45, 'no': 51, 'other': 2})
  [32m✓[0m  WA SB 6346 (2025-2026): vote tally matches on 2026-03-09 ({'yes': 44, 'no': 52, 'other': 2})
  [32m✓[0m  WA SB 6346 (2025-2026): vote tally matches on 2026-03-09 ({'yes': 43, 'no': 54, 'other': 1})
  [32m✓[0m  WA SB 6346 (2025-2026): vote tally matches on 2026-03-09 ({'yes': 43, 'no': 52, 'other': 3})
  [32m✓[0m  WA SB 6346 (2025-2026): vote tally matches on 2026-03-09 ({'yes': 45, 'no': 50, 'other': 3})
  [32m✓[0m  WA SB 6346 (2025-2026): vote tally matches on 2026-03-09 ({'yes': 41, 'no': 55, 'other': 2})
  [32m✓[0m  WA SB 6346 (2025-2026): vote tally matches on 2026-03-09 ({'yes': 44, 'no': 49, 'other': 5})
  [32m✓[0m  WA SB 6346 (2025-2026): vote tally matches on 2026-03-09 ({'yes': 40, 'no': 53, 'other': 5})
  [32m✓[0m  WA SB 6346 (2025-2026): vote tally matches on 2026-03-09 ({'yes': 42, 'no': 53, 'other': 3})
  [32m✓[0m  WA SB 6346 (2025-2026): vote tally matches on 2026-03-09 ({'yes': 38, 'no': 57, 'other': 3})
  [32m✓[0m  WA SB 6346 (2025-2026): vote tally matches on 2026-03-09 ({'yes': 2, 'no': 94, 'other': 2})
  [32m✓[0m  WA SB 6346 (2025-2026): vote tally matches on 2026-03-09 ({'yes': 41, 'no': 53, 'other': 4})
  [32m✓[0m  WA SB 6346 (2025-2026): vote tally matches on 2026-03-09 ({'yes': 42, 'no': 54, 'other': 2})
  [32m✓[0m  WA SB 6346 (2025-2026): vote tally matches on 2026-03-09 ({'yes': 45, 'no': 51, 'other': 2})
  [32m✓[0m  WA SB 6346 (2025-2026): vote tally matches on 2026-03-09 ({'yes': 51, 'no': 46, 'other': 1})
  [32m✓[0m  WA SB 6346 (2025-2026): vote tally matches on 2026-03-09 ({'yes': 93, 'no': 1, 'other': 4})
  [32m✓[0m  WA SB 6346 (2025-2026): vote tally matches on 2026-03-09 ({'yes': 46, 'no': 50, 'other': 2})
  [32m✓[0m  WA SB 6346 (2025-2026): vote tally matches on 2026-03-11 ({'yes': 27, 'no': 21, 'other': 1})
  [32m✓[0m  WA SB 6346 (2025-2026): vote tally matches on 2026-03-11 ({'yes': 27, 'no': 21, 'other': 1})
  [32m✓[0m  WA SB 6346 (2025-2026): sponsorship count matches (26)
  [32m✓[0m  WA SB 6349 (2025-2026): title matches
  [32m✓[0m  WA SB 6349 (2025-2026): latest_action matches
  [32m✓[0m  WA SB 6349 (2025-2026): vote event count matches (0)
  [32m✓[0m  WA SB 6349 (2025-2026): sponsorship count matches (1)
    ...475/500
  [32m✓[0m  WA SB 6352 (2025-2026): title matches
  [32m✓[0m  WA SB 6352 (2025-2026): latest_action matches
  [32m✓[0m  WA SB 6352 (2025-2026): vote event count matches (0)
  [32m✓[0m  WA SB 6352 (2025-2026): sponsorship count matches (2)
  [32m✓[0m  WA SB 6362 (2025-2026): title matches
  [32m✓[0m  WA SB 6362 (2025-2026): latest_action matches
  [32m✓[0m  WA SB 6362 (2025-2026): vote event count matches (0)
  [32m✓[0m  WA SB 6362 (2025-2026): sponsorship count matches (1)
  [32m✓[0m  WA SCR 8401 (2025-2026): title matches
  [32m✓[0m  WA SCR 8401 (2025-2026): latest_action matches
  [32m✓[0m  WA SCR 8401 (2025-2026): vote event count matches (0)
  [32m✓[0m  WA SCR 8401 (2025-2026): sponsorship count matches (3)
  [32m✓[0m  WA SCR 8402 (2025-2026): title matches
  [32m✓[0m  WA SCR 8402 (2025-2026): latest_action matches
  [32m✓[0m  WA SCR 8402 (2025-2026): vote event count matches (0)
  [32m✓[0m  WA SCR 8402 (2025-2026): sponsorship count matches (3)
  [32m✓[0m  WA SCR 8406 (2025-2026): title matches
  [32m✓[0m  WA SCR 8406 (2025-2026): latest_action matches
  [32m✓[0m  WA SCR 8406 (2025-2026): vote event count matches (2)
  [32m✓[0m  WA SCR 8406 (2025-2026): vote tally matches on 2026-01-28 ({'yes': 49, 'no': 0, 'other': 0})
  [32m✓[0m  WA SCR 8406 (2025-2026): vote tally matches on 2026-03-03 ({'yes': 83, 'no': 10, 'other': 5})
  [32m✓[0m  WA SCR 8406 (2025-2026): sponsorship count matches (9)
  [32m✓[0m  WA SJM 8002 (2025-2026): title matches
  [32m✓[0m  WA SJM 8002 (2025-2026): latest_action matches
  [32m✓[0m  WA SJM 8002 (2025-2026): vote event count matches (3)
  [32m✓[0m  WA SJM 8002 (2025-2026): vote tally matches on 2025-03-10 ({'yes': 30, 'no': 19, 'other': 0})
  [32m✓[0m  WA SJM 8002 (2025-2026): vote tally matches on 2026-01-28 ({'yes': 49, 'no': 0, 'other': 0})
  [32m✓[0m  WA SJM 8002 (2025-2026): vote tally matches on 2026-03-05 ({'yes': 64, 'no': 32, 'other': 2})
  [32m✓[0m  WA SJM 8002 (2025-2026): sponsorship count matches (5)
  [32m✓[0m  WA SJM 8009 (2025-2026): title matches
  [32m✓[0m  WA SJM 8009 (2025-2026): latest_action matches
  [32m✓[0m  WA SJM 8009 (2025-2026): vote event count matches (0)
  [32m✓[0m  WA SJM 8009 (2025-2026): sponsorship count matches (1)
  [32m✓[0m  WA SJR 8202 (2025-2026): title matches
  [32m✓[0m  WA SJR 8202 (2025-2026): latest_action matches
  [32m✓[0m  WA SJR 8202 (2025-2026): vote event count matches (0)
  [32m✓[0m  WA SJR 8202 (2025-2026): sponsorship count matches (2)
  [32m✓[0m  WA SR 8601 (2025-2026): title matches
  [32m✓[0m  WA SR 8601 (2025-2026): latest_action matches
  [32m✓[0m  WA SR 8601 (2025-2026): vote event count matches (0)
  [32m✓[0m  WA SR 8601 (2025-2026): sponsorship count matches (2)
  [32m✓[0m  WA SR 8609 (2025-2026): title matches
  [32m✓[0m  WA SR 8609 (2025-2026): latest_action matches
  [32m✓[0m  WA SR 8609 (2025-2026): vote event count matches (0)
  [32m✓[0m  WA SR 8609 (2025-2026): sponsorship count matches (1)
  [32m✓[0m  WA SR 8613 (2025-2026): title matches
  [32m✓[0m  WA SR 8613 (2025-2026): latest_action matches
  [32m✓[0m  WA SR 8613 (2025-2026): vote event count matches (0)
  [32m✓[0m  WA SR 8613 (2025-2026): sponsorship count matches (1)
  [32m✓[0m  WA SR 8622 (2025-2026): title matches
  [32m✓[0m  WA SR 8622 (2025-2026): latest_action matches
  [32m✓[0m  WA SR 8622 (2025-2026): vote event count matches (0)
  [32m✓[0m  WA SR 8622 (2025-2026): sponsorship count matches (1)
  [32m✓[0m  WA SR 8625 (2025-2026): title matches
  [32m✓[0m  WA SR 8625 (2025-2026): latest_action matches
  [32m✓[0m  WA SR 8625 (2025-2026): vote event count matches (0)
  [32m✓[0m  WA SR 8625 (2025-2026): sponsorship count matches (12)
  [32m✓[0m  WA SR 8626 (2025-2026): title matches
  [32m✓[0m  WA SR 8626 (2025-2026): latest_action matches
  [32m✓[0m  WA SR 8626 (2025-2026): vote event count matches (0)
  [32m✓[0m  WA SR 8626 (2025-2026): sponsorship count matches (16)
  [32m✓[0m  WA SR 8628 (2025-2026): title matches
  [32m✓[0m  WA SR 8628 (2025-2026): latest_action matches
  [32m✓[0m  WA SR 8628 (2025-2026): vote event count matches (0)
  [32m✓[0m  WA SR 8628 (2025-2026): sponsorship count matches (2)
  [32m✓[0m  WA SR 8637 (2025-2026): title matches
  [32m✓[0m  WA SR 8637 (2025-2026): latest_action matches
  [32m✓[0m  WA SR 8637 (2025-2026): vote event count matches (0)
  [32m✓[0m  WA SR 8637 (2025-2026): sponsorship count matches (2)
  [32m✓[0m  WA SR 8638 (2025-2026): title matches
  [32m✓[0m  WA SR 8638 (2025-2026): latest_action matches
  [32m✓[0m  WA SR 8638 (2025-2026): vote event count matches (0)
  [32m✓[0m  WA SR 8638 (2025-2026): sponsorship count matches (1)
  [32m✓[0m  WA SR 8651 (2025-2026): title matches
  [32m✓[0m  WA SR 8651 (2025-2026): latest_action matches
  [32m✓[0m  WA SR 8651 (2025-2026): vote event count matches (0)
  [32m✓[0m  WA SR 8651 (2025-2026): sponsorship count matches (15)
  [32m✓[0m  WA SR 8658 (2025-2026): title matches
  [32m✓[0m  WA SR 8658 (2025-2026): latest_action matches
  [32m✓[0m  WA SR 8658 (2025-2026): vote event count matches (0)
  [32m✓[0m  WA SR 8658 (2025-2026): sponsorship count matches (1)
  [32m✓[0m  WA SR 8665 (2025-2026): title matches
  [32m✓[0m  WA SR 8665 (2025-2026): latest_action matches
  [32m✓[0m  WA SR 8665 (2025-2026): vote event count matches (0)
  [32m✓[0m  WA SR 8665 (2025-2026): sponsorship count matches (28)
  [32m✓[0m  WA SR 8667 (2025-2026): title matches
  [32m✓[0m  WA SR 8667 (2025-2026): latest_action matches
  [32m✓[0m  WA SR 8667 (2025-2026): vote event count matches (0)
  [32m✓[0m  WA SR 8667 (2025-2026): sponsorship count matches (28)
  [32m✓[0m  WA SR 8682 (2025-2026): title matches
  [32m✓[0m  WA SR 8682 (2025-2026): latest_action matches
  [32m✓[0m  WA SR 8682 (2025-2026): vote event count matches (0)
  [32m✓[0m  WA SR 8682 (2025-2026): sponsorship count matches (7)
  [32m✓[0m  WA SR 8691 (2025-2026): title matches
  [32m✓[0m  WA SR 8691 (2025-2026): latest_action matches
  [32m✓[0m  WA SR 8691 (2025-2026): vote event count matches (0)
  [32m✓[0m  WA SR 8691 (2025-2026): sponsorship count matches (2)
  [32m✓[0m  WA SR 8692 (2025-2026): title matches
  [32m✓[0m  WA SR 8692 (2025-2026): latest_action matches
  [32m✓[0m  WA SR 8692 (2025-2026): vote event count matches (0)
  [32m✓[0m  WA SR 8692 (2025-2026): sponsorship count matches (1)

────────────────────────────────────────────────────────────
  2261/2289 passed  |  0 warnings  |  28 failures  |  0 skipped
────────────────────────────────────────────────────────────

  (full output also written to logs/quality-check/wa_2025-2026.log)
=== 2026-08-12T02:09:04Z starting AZ 57th-2nd-regular (tier2=500 random) ===

════════════════════════════════════════════════════════════
  COVERAGE CHECK: AZ 57th-2nd-regular
════════════════════════════════════════════════════════════
  Fetching full identifier set from live API (paginated)...
    ...page 31 failed (ReadTimeout), retry 1/3 in 1s
    ...page 31 failed (ReadTimeout), retry 2/3 in 2s
    ...page 50/110, 1000 identifiers so far
    ...page 100/110, 2000 identifiers so far
  live=2190  local=2190  missing=0  extra=0  both=2190
  [32m✓[0m  AZ 57th-2nd-regular: Tier 1 coverage — no missing bills (2190 local == 2190 live)
  Running Tier 2 sub-record checks on 500 of 2190 bills present in both...
  [32m✓[0m  AZ HB 2004 (57th-2nd-regular): title matches
  [32m✓[0m  AZ HB 2004 (57th-2nd-regular): latest_action matches
  [32m✓[0m  AZ HB 2004 (57th-2nd-regular): vote event count matches (0)
  [32m✓[0m  AZ HB 2004 (57th-2nd-regular): sponsorship count matches (1)
    ...0/500
  [32m✓[0m  AZ HB 2010 (57th-2nd-regular): title matches
  [32m✓[0m  AZ HB 2010 (57th-2nd-regular): latest_action matches
  [32m✓[0m  AZ HB 2010 (57th-2nd-regular): vote event count matches (6)
  [32m✓[0m  AZ HB 2010 (57th-2nd-regular): vote tally matches on 2026-02-05 ({'yes': 0, 'no': 0, 'other': 0, 'absent': 0, 'excused': 0, 'not voting': 0})
  [32m✓[0m  AZ HB 2010 (57th-2nd-regular): vote tally matches on 2026-02-09 ({'yes': 59, 'no': 0, 'other': 0, 'absent': 0, 'excused': 0, 'not voting': 1})
  [32m✓[0m  AZ HB 2010 (57th-2nd-regular): vote tally matches on 2026-04-07 ({'yes': 29, 'no': 0, 'other': 0, 'absent': 0, 'excused': 0, 'not voting': 1})
  [32m✓[0m  AZ HB 2010 (57th-2nd-regular): vote tally matches on 2026-04-07 ({'yes': 0, 'no': 0, 'other': 0, 'absent': 0, 'excused': 0, 'not voting': 0})
  [32m✓[0m  AZ HB 2010 (57th-2nd-regular): vote tally matches on 2026-06-09 ({'yes': 16, 'no': 12, 'other': 0, 'absent': 0, 'excused': 0, 'not voting': 2})
  [32m✓[0m  AZ HB 2010 (57th-2nd-regular): vote tally matches on 2026-06-11 ({'yes': 38, 'no': 17, 'other': 0, 'absent': 0, 'excused': 0, 'not voting': 5})
  [32m✓[0m  AZ HB 2010 (57th-2nd-regular): sponsorship count matches (1)
  [32m✓[0m  AZ HB 2015 (57th-2nd-regular): title matches
  [32m✓[0m  AZ HB 2015 (57th-2nd-regular): latest_action matches
  [32m✓[0m  AZ HB 2015 (57th-2nd-regular): vote event count matches (4)
  [32m✓[0m  AZ HB 2015 (57th-2nd-regular): vote tally matches on 2026-02-24 ({'yes': 0, 'no': 0, 'other': 0, 'absent': 0, 'excused': 0, 'not voting': 0})
  [32m✓[0m  AZ HB 2015 (57th-2nd-regular): vote tally matches on 2026-02-25 ({'yes': 31, 'no': 22, 'other': 0, 'absent': 0, 'excused': 0, 'not voting': 7})
  [32m✓[0m  AZ HB 2015 (57th-2nd-regular): vote tally matches on 2026-04-13 ({'yes': 0, 'no': 0, 'other': 0, 'absent': 0, 'excused': 0, 'not voting': 0})
  [32m✓[0m  AZ HB 2015 (57th-2nd-regular): vote tally matches on 2026-06-09 ({'yes': 16, 'no': 12, 'other': 0, 'absent': 0, 'excused': 0, 'not voting': 2})
  [32m✓[0m  AZ HB 2015 (57th-2nd-regular): sponsorship count matches (1)
  [32m✓[0m  AZ HB 2018 (57th-2nd-regular): title matches
  [32m✓[0m  AZ HB 2018 (57th-2nd-regular): latest_action matches
  [32m✓[0m  AZ HB 2018 (57th-2nd-regular): vote event count matches (0)
  [32m✓[0m  AZ HB 2018 (57th-2nd-regular): sponsorship count matches (2)
  [32m✓[0m  AZ HB 2021 (57th-2nd-regular): title matches
  [32m✓[0m  AZ HB 2021 (57th-2nd-regular): latest_action matches
  [32m✓[0m  AZ HB 2021 (57th-2nd-regular): vote event count matches (0)
  [32m✓[0m  AZ HB 2021 (57th-2nd-regular): sponsorship count matches (1)
  [32m✓[0m  AZ HB 2023 (57th-2nd-regular): title matches
  [32m✓[0m  AZ HB 2023 (57th-2nd-regular): latest_action matches
  [32m✓[0m  AZ HB 2023 (57th-2nd-regular): vote event count matches (2)
  [32m✓[0m  AZ HB 2023 (57th-2nd-regular): vote tally matches on 2026-02-24 ({'yes': 0, 'no': 0, 'other': 0, 'absent': 0, 'excused': 0, 'not voting': 0})
  [32m✓[0m  AZ HB 2023 (57th-2nd-regular): vote tally matches on 2026-02-25 ({'yes': 31, 'no': 22, 'other': 0, 'absent': 0, 'excused': 0, 'not voting': 7})
  [32m✓[0m  AZ HB 2023 (57th-2nd-regular): sponsorship count matches (1)
  [32m✓[0m  AZ HB 2025 (57th-2nd-regular): title matches
  [32m✓[0m  AZ HB 2025 (57th-2nd-regular): latest_action matches
  [32m✓[0m  AZ HB 2025 (57th-2nd-regular): vote event count matches (0)
  [32m✓[0m  AZ HB 2025 (57th-2nd-regular): sponsorship count matches (1)
  [32m✓[0m  AZ HB 2027 (57th-2nd-regular): title matches
  [32m✓[0m  AZ HB 2027 (57th-2nd-regular): latest_action matches
  [32m✓[0m  AZ HB 2027 (57th-2nd-regular): vote event count matches (1)
  [32m✓[0m  AZ HB 2027 (57th-2nd-regular): vote tally matches on 2026-02-25 ({'yes': 0, 'no': 0, 'other': 0, 'absent': 0, 'excused': 0, 'not voting': 0})
  [32m✓[0m  AZ HB 2027 (57th-2nd-regular): sponsorship count matches (1)
  [32m✓[0m  AZ HB 2028 (57th-2nd-regular): title matches
  [32m✓[0m  AZ HB 2028 (57th-2nd-regular): latest_action matches
  [32m✓[0m  AZ HB 2028 (57th-2nd-regular): vote event count matches (6)
  [32m✓[0m  AZ HB 2028 (57th-2nd-regular): vote tally matches on 2026-02-23 ({'yes': 32, 'no': 25, 'other': 0, 'absent': 0, 'excused': 0, 'not voting': 3})
  [32m✓[0m  AZ HB 2028 (57th-2nd-regular): vote tally matches on 2026-04-13 ({'yes': 16, 'no': 10, 'other': 0, 'absent': 0, 'excused': 0, 'not voting': 4})
  [32m✓[0m  AZ HB 2028 (57th-2nd-regular): vote tally matches on 2026-04-13 ({'yes': 0, 'no': 0, 'other': 0, 'absent': 0, 'excused': 0, 'not voting': 0})
  [33m~[0m  AZ HB 2028 (57th-2nd-regular): vote tally differs on 2026-06-09  [local={'yes': 50, 'no': 5, 'other': 0, 'absent': 0, 'excused': 0, 'not voting': 5} live={'yes': 0, 'no': 0, 'other': 0, 'absent': 0, 'excused': 0, 'not voting': 0} | Aaron Márquez (yes): local only; Alexander Kolodin (yes): local only; Alma Hernandez (yes): local only; Anna Abeytia (no): local only; Betty J Villegas (no): local only; Beverly Pingerelli (yes): local only; Brian Garcia (yes): local only; Cesar Aguilar (yes): local only; Chris Lopez (yes): local only; Christopher Mathis (yes): local only; Cody Reim (yes): local only; Consuelo Hernandez (yes): local only; David Livingston (other): local only; Elda Luna-Nájera (yes): local only; Gail Griffin (yes): local only; James Taylor (yes): local only; Janeen Connolly (yes): local only; Jeff Weninger (yes): local only; John Gillette (yes): local only; Julie Willoughby (yes): local only; Junelle Cavero (yes): local only; Justin Olson (yes): local only; Justin Wilmeth (other): local only; Kevin Volk (yes): local only; Khyl Powell (yes): local only; Laurin Hendrix (yes): local only; Leo Biasiucci (yes): local only; Lisa Fink (yes): local only; Lorena Austin (yes): local only; Lupe Contreras (yes): local only; Lupe Diaz (yes): local only; Lydia Hernandez (yes): local only; Mae Peshlakai (yes): local only; Mariana Sandoval (no): local only; Matt Gress (yes): local only; Michael Carbone (yes): local only; Michael Way (yes): local only; Michele Peña (yes): local only; Myron Tsosie (yes): local only; Nancy Gutierrez (other): local only; Neal Carter (yes): local only; Nick Kupper (yes): local only; Oscar De Los Santos (yes): local only; Pamela Carter (yes): local only; Patty Contreras (yes): local only; Quang H Nguyen (yes): local only; Quantá Crews (yes): local only; Rachel Keshel (yes): local only; Ralph Heap (yes): local only; Sarah Liguori (yes): local only; Selina Bliss (yes): local only; Seth Blattman (other): local only; Stacey Travers (no): local only; Stephanie Simacek (other): local only; Stephanie Stahl Hamilton (no): local only; Steve Montenegro (yes): local only; Sylvia Allen (yes): local only; Teresa Martinez (yes): local only; Tony Rivero (yes): local only; Walt Blackman (yes): local only | 61 other local bill(s) share this signature on 2026-06-09]
  [33m~[0m  AZ HB 2028 (57th-2nd-regular): vote tally differs on 2026-06-09  [local={'yes': 0, 'no': 0, 'other': 0, 'absent': 0, 'excused': 0, 'not voting': 0} live={'yes': 50, 'no': 5, 'other': 0, 'absent': 0, 'excused': 0, 'not voting': 5} | Aaron Márquez (yes): live only; Alexander Kolodin (yes): live only; Alma Hernandez (yes): live only; Anna Abeytia (no): live only; Betty J Villegas (no): live only; Beverly Pingerelli (yes): live only; Brian Garcia (yes): live only; Cesar Aguilar (yes): live only; Chris Lopez (yes): live only; Christopher Mathis (yes): live only; Cody Reim (yes): live only; Consuelo Hernandez (yes): live only; David Livingston (other): live only; Elda Luna-Nájera (yes): live only; Gail Griffin (yes): live only; James Taylor (yes): live only; Janeen Connolly (yes): live only; Jeff Weninger (yes): live only; John Gillette (yes): live only; Julie Willoughby (yes): live only; Junelle Cavero (yes): live only; Justin Olson (yes): live only; Justin Wilmeth (other): live only; Kevin Volk (yes): live only; Khyl Powell (yes): live only; Laurin Hendrix (yes): live only; Leo Biasiucci (yes): live only; Lisa Fink (yes): live only; Lorena Austin (yes): live only; Lupe Contreras (yes): live only; Lupe Diaz (yes): live only; Lydia Hernandez (yes): live only; Mae Peshlakai (yes): live only; Mariana Sandoval (no): live only; Matt Gress (yes): live only; Michael Carbone (yes): live only; Michael Way (yes): live only; Michele Peña (yes): live only; Myron Tsosie (yes): live only; Nancy Gutierrez (other): live only; Neal Carter (yes): live only; Nick Kupper (yes): live only; Oscar De Los Santos (yes): live only; Pamela Carter (yes): live only; Patty Contreras (yes): live only; Quang H Nguyen (yes): live only; Quantá Crews (yes): live only; Rachel Keshel (yes): live only; Ralph Heap (yes): live only; Sarah Liguori (yes): live only; Selina Bliss (yes): live only; Seth Blattman (other): live only; Stacey Travers (no): live only; Stephanie Simacek (other): live only; Stephanie Stahl Hamilton (no): live only; Steve Montenegro (yes): live only; Sylvia Allen (yes): live only; Teresa Martinez (yes): live only; Tony Rivero (yes): live only; Walt Blackman (yes): live only | 61 other local bill(s) share this signature on 2026-06-09]
  [32m✓[0m  AZ HB 2028 (57th-2nd-regular): vote tally matches on 2026-06-09 ({'yes': 0, 'no': 0, 'other': 0, 'absent': 0, 'excused': 0, 'not voting': 0})
  [32m✓[0m  AZ HB 2028 (57th-2nd-regular): sponsorship count matches (1)
  [32m✓[0m  AZ HB 2030 (57th-2nd-regular): title matches
  [32m✓[0m  AZ HB 2030 (57th-2nd-regular): latest_action matches
  [32m✓[0m  AZ HB 2030 (57th-2nd-regular): vote event count matches (2)
  [32m✓[0m  AZ HB 2030 (57th-2nd-regular): vote tally matches on 2026-02-25 ({'yes': 0, 'no': 0, 'other': 0, 'absent': 0, 'excused': 0, 'not voting': 0})
  [32m✓[0m  AZ HB 2030 (57th-2nd-regular): vote tally matches on 2026-02-26 ({'yes': 29, 'no': 25, 'other': 0, 'absent': 0, 'excused': 0, 'not voting': 6})
  [32m✓[0m  AZ HB 2030 (57th-2nd-regular): sponsorship count matches (1)
  [32m✓[0m  AZ HB 2034 (57th-2nd-regular): title matches
  [32m✓[0m  AZ HB 2034 (57th-2nd-regular): latest_action matches
  [32m✓[0m  AZ HB 2034 (57th-2nd-regular): vote event count matches (0)
  [32m✓[0m  AZ HB 2034 (57th-2nd-regular): sponsorship count matches (1)
  [32m✓[0m  AZ HB 2035 (57th-2nd-regular): title matches
  [32m✓[0m  AZ HB 2035 (57th-2nd-regular): latest_action matches
  [32m✓[0m  AZ HB 2035 (57th-2nd-regular): vote event count matches (11)
  [32m✓[0m  AZ HB 2035 (57th-2nd-regular): vote tally matches on 2026-03-04 ({'yes': 0, 'no': 0, 'other': 0, 'absent': 0, 'excused': 0, 'not voting': 0})
  [32m✓[0m  AZ HB 2035 (57th-2nd-regular): vote tally matches on 2026-03-09 ({'yes': 37, 'no': 15, 'other': 0, 'absent': 0, 'excused': 0, 'not voting': 7})
  [32m✓[0m  AZ HB 2035 (57th-2nd-regular): vote tally matches on 2026-04-14 ({'yes': 0, 'no': 0, 'other': 0, 'absent': 0, 'excused': 0, 'not voting': 0})
  [32m✓[0m  AZ HB 2035 (57th-2nd-regular): vote tally matches on 2026-04-15 ({'yes': 17, 'no': 10, 'other': 0, 'absent': 0, 'excused': 0, 'not voting': 3})
  [32m✓[0m  AZ HB 2035 (57th-2nd-regular): vote tally matches on 2026-04-20 ({'yes': 0, 'no': 0, 'other': 0, 'absent': 0, 'excused': 0, 'not voting': 0})
  [32m✓[0m  AZ HB 2035 (57th-2nd-regular): vote tally matches on 2026-04-20 ({'yes': 0, 'no': 0, 'other': 0, 'absent': 0, 'excused': 0, 'not voting': 0})
  [32m✓[0m  AZ HB 2035 (57th-2nd-regular): vote tally matches on 2026-04-20 ({'yes': 0, 'no': 0, 'other': 0, 'absent': 0, 'excused': 0, 'not voting': 0})
  [32m✓[0m  AZ HB 2035 (57th-2nd-regular): vote tally matches on 2026-04-21 ({'yes': 0, 'no': 0, 'other': 0, 'absent': 0, 'excused': 0, 'not voting': 0})
  [32m✓[0m  AZ HB 2035 (57th-2nd-regular): vote tally matches on 2026-04-21 ({'yes': 26, 'no': 3, 'other': 0, 'absent': 0, 'excused': 0, 'not voting': 1})
  [33m~[0m  AZ HB 2035 (57th-2nd-regular): vote tally differs on 2026-06-01  [local={'yes': 0, 'no': 0, 'other': 0, 'absent': 0, 'excused': 0, 'not voting': 0} live={'yes': 55, 'no': 0, 'other': 0, 'absent': 0, 'excused': 0, 'not voting': 5} | Aaron Márquez (yes): live only; Alexander Kolodin (yes): live only; Alma Hernandez (other): live only; Anna Abeytia (yes): live only; Betty J Villegas (yes): live only; Beverly Pingerelli (yes): live only; Brian Garcia (yes): live only; Cesar Aguilar (yes): live only; Chris Lopez (yes): live only; Christopher Mathis (yes): live only; Cody Reim (yes): live only; Consuelo Hernandez (yes): live only; David Livingston (other): live only; Elda Luna-Nájera (yes): live only; Gail Griffin (yes): live only; James Taylor (yes): live only; Janeen Connolly (yes): live only; Jeff Weninger (yes): live only; John Gillette (yes): live only; Julie Willoughby (yes): live only; Junelle Cavero (yes): live only; Justin Olson (yes): live only; Justin Wilmeth (yes): live only; Kevin Volk (yes): live only; Khyl Powell (yes): live only; Laurin Hendrix (other): live only; Leo Biasiucci (yes): live only; Lisa Fink (yes): live only; Lorena Austin (yes): live only; Lupe Contreras (yes): live only; Lupe Diaz (yes): live only; Lydia Hernandez (yes): live only; Mae Peshlakai (yes): live only; Mariana Sandoval (yes): live only; Matt Gress (yes): live only; Michael Carbone (yes): live only; Michael Way (yes): live only; Michele Peña (yes): live only; Myron Tsosie (other): live only; Nancy Gutierrez (yes): live only; Neal Carter (yes): live only; Nick Kupper (yes): live only; Oscar De Los Santos (yes): live only; Pamela Carter (yes): live only; Patty Contreras (yes): live only; Quang H Nguyen (yes): live only; Quantá Crews (yes): live only; Rachel Keshel (yes): live only; Ralph Heap (yes): live only; Sarah Liguori (yes): live only; Selina Bliss (yes): live only; Seth Blattman (yes): live only; Stacey Travers (yes): live only; Stephanie Simacek (yes): live only; Stephanie Stahl Hamilton (yes): live only; Steve Montenegro (yes): live only; Sylvia Allen (yes): live only; Teresa Martinez (yes): live only; Tony Rivero (yes): live only; Walt Blackman (other): live only | 28 other local bill(s) share this signature on 2026-06-01]
  [33m~[0m  AZ HB 2035 (57th-2nd-regular): vote tally differs on 2026-06-01  [local={'yes': 55, 'no': 0, 'other': 0, 'absent': 0, 'excused': 0, 'not voting': 5} live={'yes': 0, 'no': 0, 'other': 0, 'absent': 0, 'excused': 0, 'not voting': 0} | Aaron Márquez (yes): local only; Alexander Kolodin (yes): local only; Alma Hernandez (other): local only; Anna Abeytia (yes): local only; Betty J Villegas (yes): local only; Beverly Pingerelli (yes): local only; Brian Garcia (yes): local only; Cesar Aguilar (yes): local only; Chris Lopez (yes): local only; Christopher Mathis (yes): local only; Cody Reim (yes): local only; Consuelo Hernandez (yes): local only; David Livingston (other): local only; Elda Luna-Nájera (yes): local only; Gail Griffin (yes): local only; James Taylor (yes): local only; Janeen Connolly (yes): local only; Jeff Weninger (yes): local only; John Gillette (yes): local only; Julie Willoughby (yes): local only; Junelle Cavero (yes): local only; Justin Olson (yes): local only; Justin Wilmeth (yes): local only; Kevin Volk (yes): local only; Khyl Powell (yes): local only; Laurin Hendrix (other): local only; Leo Biasiucci (yes): local only; Lisa Fink (yes): local only; Lorena Austin (yes): local only; Lupe Contreras (yes): local only; Lupe Diaz (yes): local only; Lydia Hernandez (yes): local only; Mae Peshlakai (yes): local only; Mariana Sandoval (yes): local only; Matt Gress (yes): local only; Michael Carbone (yes): local only; Michael Way (yes): local only; Michele Peña (yes): local only; Myron Tsosie (other): local only; Nancy Gutierrez (yes): local only; Neal Carter (yes): local only; Nick Kupper (yes): local only; Oscar De Los Santos (yes): local only; Pamela Carter (yes): local only; Patty Contreras (yes): local only; Quang H Nguyen (yes): local only; Quantá Crews (yes): local only; Rachel Keshel (yes): local only; Ralph Heap (yes): local only; Sarah Liguori (yes): local only; Selina Bliss (yes): local only; Seth Blattman (yes): local only; Stacey Travers (yes): local only; Stephanie Simacek (yes): local only; Stephanie Stahl Hamilton (yes): local only; Steve Montenegro (yes): local only; Sylvia Allen (yes): local only; Teresa Martinez (yes): local only; Tony Rivero (yes): local only; Walt Blackman (other): local only | 28 other local bill(s) share this signature on 2026-06-01]
  [32m✓[0m  AZ HB 2035 (57th-2nd-regular): sponsorship count matches (1)
  [32m✓[0m  AZ HB 2036 (57th-2nd-regular): title matches
  [32m✓[0m  AZ HB 2036 (57th-2nd-regular): latest_action matches
  [32m✓[0m  AZ HB 2036 (57th-2nd-regular): vote event count matches (0)
  [32m✓[0m  AZ HB 2036 (57th-2nd-regular): sponsorship count matches (1)
  [32m✓[0m  AZ HB 2037 (57th-2nd-regular): title matches
  [32m✓[0m  AZ HB 2037 (57th-2nd-regular): latest_action matches
  [32m✓[0m  AZ HB 2037 (57th-2nd-regular): vote event count matches (0)
  [32m✓[0m  AZ HB 2037 (57th-2nd-regular): sponsorship count matches (1)
  [32m✓[0m  AZ HB 2039 (57th-2nd-regular): title matches
  [32m✓[0m  AZ HB 2039 (57th-2nd-regular): latest_action matches
  [32m✓[0m  AZ HB 2039 (57th-2nd-regular): vote event count matches (0)
  [32m✓[0m  AZ HB 2039 (57th-2nd-regular): sponsorship count matches (1)
  [32m✓[0m  AZ HB 2044 (57th-2nd-regular): title matches
  [32m✓[0m  AZ HB 2044 (57th-2nd-regular): latest_action matches
  [32m✓[0m  AZ HB 2044 (57th-2nd-regular): vote event count matches (2)
  [32m✓[0m  AZ HB 2044 (57th-2nd-regular): vote tally matches on 2026-02-24 ({'yes': 0, 'no': 0, 'other': 0, 'absent': 0, 'excused': 0, 'not voting': 0})
  [32m✓[0m  AZ HB 2044 (57th-2nd-regular): vote tally matches on 2026-02-25 ({'yes': 31, 'no': 22, 'other': 0, 'absent': 0, 'excused': 0, 'not voting': 7})
  [32m✓[0m  AZ HB 2044 (57th-2nd-regular): sponsorship count matches (1)
  [32m✓[0m  AZ HB 2046 (57th-2nd-regular): title matches
  [32m✓[0m  AZ HB 2046 (57th-2nd-regular): latest_action matches
  [32m✓[0m  AZ HB 2046 (57th-2nd-regular): vote event count matches (3)
  [32m✓[0m  AZ HB 2046 (57th-2nd-regular): vote tally matches on 2026-01-29 ({'yes': 0, 'no': 0, 'other': 0, 'absent': 0, 'excused': 0, 'not voting': 0})
  [32m✓[0m  AZ HB 2046 (57th-2nd-regular): vote tally matches on 2026-02-02 ({'yes': 56, 'no': 0, 'other': 0, 'absent': 0, 'excused': 0, 'not voting': 4})
  [32m✓[0m  AZ HB 2046 (57th-2nd-regular): vote tally matches on 2026-04-07 ({'yes': 29, 'no': 0, 'other': 0, 'absent': 0, 'excused': 0, 'not voting': 1})
  [32m✓[0m  AZ HB 2046 (57th-2nd-regular): sponsorship count matches (1)
  [32m✓[0m  AZ HB 2048 (57th-2nd-regular): title matches
  [32m✓[0m  AZ HB 2048 (57th-2nd-regular): latest_action matches
  [32m✓[0m  AZ HB 2048 (57th-2nd-regular): vote event count matches (5)
  [32m✓[0m  AZ HB 2048 (57th-2nd-regular): vote tally matches on 2026-02-25 ({'yes': 0, 'no': 0, 'other': 0, 'absent': 0, 'excused': 0, 'not voting': 0})
  [32m✓[0m  AZ HB 2048 (57th-2nd-regular): vote tally matches on 2026-02-26 ({'yes': 34, 'no': 20, 'other': 0, 'absent': 0, 'excused': 0, 'not voting': 6})
  [32m✓[0m  AZ HB 2048 (57th-2nd-regular): vote tally matches on 2026-06-01 ({'yes': 0, 'no': 0, 'other': 0, 'absent': 0, 'excused': 0, 'not voting': 0})
  [32m✓[0m  AZ HB 2048 (57th-2nd-regular): vote tally matches on 2026-06-09 ({'yes': 18, 'no': 11, 'other': 0, 'absent': 0, 'excused': 0, 'not voting': 1})
  [32m✓[0m  AZ HB 2048 (57th-2nd-regular): vote tally matches on 2026-06-11 ({'yes': 0, 'no': 0, 'other': 0, 'absent': 0, 'excused': 0, 'not voting': 0})
  [32m✓[0m  AZ HB 2048 (57th-2nd-regular): sponsorship count matches (1)
  [32m✓[0m  AZ HB 2050 (57th-2nd-regular): title matches
  [32m✓[0m  AZ HB 2050 (57th-2nd-regular): latest_action matches
  [32m✓[0m  AZ HB 2050 (57th-2nd-regular): vote event count matches (6)
  [32m✓[0m  AZ HB 2050 (57th-2nd-regular): vote tally matches on 2026-02-24 ({'yes': 0, 'no': 0, 'other': 0, 'absent': 0, 'excused': 0, 'not voting': 0})
  [32m✓[0m  AZ HB 2050 (57th-2nd-regular): vote tally matches on 2026-02-25 ({'yes': 37, 'no': 16, 'other': 0, 'absent': 0, 'excused': 0, 'not voting': 7})
  [32m✓[0m  AZ HB 2050 (57th-2nd-regular): vote tally matches on 2026-04-02 ({'yes': 0, 'no': 0, 'other': 0, 'absent': 0, 'excused': 0, 'not voting': 0})
  [32m✓[0m  AZ HB 2050 (57th-2nd-regular): vote tally matches on 2026-04-07 ({'yes': 28, 'no': 1, 'other': 0, 'absent': 0, 'excused': 0, 'not voting': 1})
  [33m~[0m  AZ HB 2050 (57th-2nd-regular): vote tally differs on 2026-04-09  [local={'yes': 43, 'no': 10, 'other': 0, 'absent': 0, 'excused': 0, 'not voting': 7} live={'yes': 0, 'no': 0, 'other': 0, 'absent': 0, 'excused': 0, 'not voting': 0} | Aaron Márquez (other): local only; Alexander Kolodin (yes): local only; Alma Hernandez (yes): local only; Anna Abeytia (yes): local only; Betty J Villegas (yes): local only; Beverly Pingerelli (no): local only; Brian Garcia (yes): local only; Cesar Aguilar (yes): local only; Chris Lopez (yes): local only; Christopher Mathis (other): local only; Cody Reim (no): local only; Consuelo Hernandez (other): local only; David Livingston (yes): local only; David Marshall, Sr. (yes): local only; Elda Luna-Nájera (yes): local only; Gail Griffin (yes): local only; James Taylor (yes): local only; Janeen Connolly (other): local only; Jeff Weninger (yes): local only; John Gillette (yes): local only; Julie Willoughby (yes): local only; Junelle Cavero (yes): local only; Justin Olson (no): local only; Justin Wilmeth (yes): local only; Kevin Volk (yes): local only; Khyl Powell (no): local only; Laurin Hendrix (no): local only; Leo Biasiucci (yes): local only; Lisa Fink (no): local only; Lorena Austin (yes): local only; Lupe Contreras (yes): local only; Lupe Diaz (yes): local only; Lydia Hernandez (yes): local only; Mae Peshlakai (yes): local only; Mariana Sandoval (yes): local only; Matt Gress (yes): local only; Michael Carbone (yes): local only; Michael Way (no): local only; Michele Peña (other): local only; Myron Tsosie (yes): local only; Nancy Gutierrez (yes): local only; Neal Carter (no): local only; Nick Kupper (yes): local only; Oscar De Los Santos (yes): local only; Pamela Carter (yes): local only; Patty Contreras (yes): local only; Quang H Nguyen (yes): local only; Quantá Crews (yes): local only; Rachel Keshel (no): local only; Ralph Heap (no): local only; Sarah Liguori (yes): local only; Selina Bliss (yes): local only; Seth Blattman (other): local only; Stacey Travers (yes): local only; Stephanie Simacek (yes): local only; Stephanie Stahl Hamilton (yes): local only; Steve Montenegro (yes): local only; Teresa Martinez (other): local only; Tony Rivero (yes): local only; Walt Blackman (yes): local only | 4 other local bill(s) share this signature on 2026-04-09]
  [33m~[0m  AZ HB 2050 (57th-2nd-regular): vote tally differs on 2026-04-09  [local={'yes': 0, 'no': 0, 'other': 0, 'absent': 0, 'excused': 0, 'not voting': 0} live={'yes': 43, 'no': 10, 'other': 0, 'absent': 0, 'excused': 0, 'not voting': 7} | Aaron Márquez (other): live only; Alexander Kolodin (yes): live only; Alma Hernandez (yes): live only; Anna Abeytia (yes): live only; Betty J Villegas (yes): live only; Beverly Pingerelli (no): live only; Brian Garcia (yes): live only; Cesar Aguilar (yes): live only; Chris Lopez (yes): live only; Christopher Mathis (other): live only; Cody Reim (no): live only; Consuelo Hernandez (other): live only; David Livingston (yes): live only; David Marshall, Sr. (yes): live only; Elda Luna-Nájera (yes): live only; Gail Griffin (yes): live only; James Taylor (yes): live only; Janeen Connolly (other): live only; Jeff Weninger (yes): live only; John Gillette (yes): live only; Julie Willoughby (yes): live only; Junelle Cavero (yes): live only; Justin Olson (no): live only; Justin Wilmeth (yes): live only; Kevin Volk (yes): live only; Khyl Powell (no): live only; Laurin Hendrix (no): live only; Leo Biasiucci (yes): live only; Lisa Fink (no): live only; Lorena Austin (yes): live only; Lupe Contreras (yes): live only; Lupe Diaz (yes): live only; Lydia Hernandez (yes): live only; Mae Peshlakai (yes): live only; Mariana Sandoval (yes): live only; Matt Gress (yes): live only; Michael Carbone (yes): live only; Michael Way (no): live only; Michele Peña (other): live only; Myron Tsosie (yes): live only; Nancy Gutierrez (yes): live only; Neal Carter (no): live only; Nick Kupper (yes): live only; Oscar De Los Santos (yes): live only; Pamela Carter (yes): live only; Patty Contreras (yes): live only; Quang H Nguyen (yes): live only; Quantá Crews (yes): live only; Rachel Keshel (no): live only; Ralph Heap (no): live only; Sarah Liguori (yes): live only; Selina Bliss (yes): live only; Seth Blattman (other): live only; Stacey Travers (yes): live only; Stephanie Simacek (yes): live only; Stephanie Stahl Hamilton (yes): live only; Steve Montenegro (yes): live only; Teresa Martinez (other): live only; Tony Rivero (yes): live only; Walt Blackman (yes): live only | 4 other local bill(s) share this signature on 2026-04-09]
  [32m✓[0m  AZ HB 2050 (57th-2nd-regular): sponsorship count matches (1)
  [32m✓[0m  AZ HB 2051 (57th-2nd-regular): title matches
  [32m✓[0m  AZ HB 2051 (57th-2nd-regular): latest_action matches
  [32m✓[0m  AZ HB 2051 (57th-2nd-regular): vote event count matches (2)
  [32m✓[0m  AZ HB 2051 (57th-2nd-regular): vote tally matches on 2026-02-05 ({'yes': 0, 'no': 0, 'other': 0, 'absent': 0, 'excused': 0, 'not voting': 0})
  [32m✓[0m  AZ HB 2051 (57th-2nd-regular): vote tally matches on 2026-02-17 ({'yes': 48, 'no': 6, 'other': 0, 'absent': 0, 'excused': 0, 'not voting': 6})
  [32m✓[0m  AZ HB 2051 (57th-2nd-regular): sponsorship count matches (1)
  [32m✓[0m  AZ HB 2069 (57th-2nd-regular): title matches
  [32m✓[0m  AZ HB 2069 (57th-2nd-regular): latest_action matches
  [32m✓[0m  AZ HB 2069 (57th-2nd-regular): vote event count matches (0)
  [32m✓[0m  AZ HB 2069 (57th-2nd-regular): sponsorship count matches (1)
  [32m✓[0m  AZ HB 2071 (57th-2nd-regular): title matches
  [32m✓[0m  AZ HB 2071 (57th-2nd-regular): latest_action matches
  [32m✓[0m  AZ HB 2071 (57th-2nd-regular): vote event count matches (0)
  [32m✓[0m  AZ HB 2071 (57th-2nd-regular): sponsorship count matches (1)
  [32m✓[0m  AZ HB 2078 (57th-2nd-regular): title matches
  [32m✓[0m  AZ HB 2078 (57th-2nd-regular): latest_action matches
  [32m✓[0m  AZ HB 2078 (57th-2nd-regular): vote event count matches (2)
  [32m✓[0m  AZ HB 2078 (57th-2nd-regular): vote tally matches on 2026-02-23 ({'yes': 46, 'no': 11, 'other': 0, 'absent': 0, 'excused': 0, 'not voting': 3})
  [32m✓[0m  AZ HB 2078 (57th-2nd-regular): vote tally matches on 2026-05-26 ({'yes': 18, 'no': 7, 'other': 0, 'absent': 0, 'excused': 0, 'not voting': 5})
  [32m✓[0m  AZ HB 2078 (57th-2nd-regular): sponsorship count matches (1)
  [32m✓[0m  AZ HB 2083 (57th-2nd-regular): title matches
  [32m✓[0m  AZ HB 2083 (57th-2nd-regular): latest_action matches
  [32m✓[0m  AZ HB 2083 (57th-2nd-regular): vote event count matches (2)
  [32m✓[0m  AZ HB 2083 (57th-2nd-regular): vote tally matches on 2026-03-10 ({'yes': 0, 'no': 0, 'other': 0, 'absent': 0, 'excused': 0, 'not voting': 0})
  [32m✓[0m  AZ HB 2083 (57th-2nd-regular): vote tally matches on 2026-03-11 ({'yes': 36, 'no': 15, 'other': 0, 'absent': 0, 'excused': 0, 'not voting': 8})
  [32m✓[0m  AZ HB 2083 (57th-2nd-regular): sponsorship count matches (1)
  [32m✓[0m  AZ HB 2089 (57th-2nd-regular): title matches
  [32m✓[0m  AZ HB 2089 (57th-2nd-regular): latest_action matches
  [32m✓[0m  AZ HB 2089 (57th-2nd-regular): vote event count matches (3)
  [32m✓[0m  AZ HB 2089 (57th-2nd-regular): vote tally matches on 2026-02-18 ({'yes': 0, 'no': 0, 'other': 0, 'absent': 0, 'excused': 0, 'not voting': 0})
  [32m✓[0m  AZ HB 2089 (57th-2nd-regular): vote tally matches on 2026-02-19 ({'yes': 55, 'no': 0, 'other': 0, 'absent': 0, 'excused': 0, 'not voting': 5})
  [32m✓[0m  AZ HB 2089 (57th-2nd-regular): vote tally matches on 2026-04-07 ({'yes': 29, 'no': 0, 'other': 0, 'absent': 0, 'excused': 0, 'not voting': 1})
  [32m✓[0m  AZ HB 2089 (57th-2nd-regular): sponsorship count matches (1)
  [32m✓[0m  AZ HB 2092 (57th-2nd-regular): title matches
  [32m✓[0m  AZ HB 2092 (57th-2nd-regular): latest_action matches
  [32m✓[0m  AZ HB 2092 (57th-2nd-regular): vote event count matches (3)
  [32m✓[0m  AZ HB 2092 (57th-2nd-regular): vote tally matches on 2026-02-19 ({'yes': 0, 'no': 0, 'other': 0, 'absent': 0, 'excused': 0, 'not voting': 0})
  [32m✓[0m  AZ HB 2092 (57th-2nd-regular): vote tally matches on 2026-02-23 ({'yes': 55, 'no': 2, 'other': 0, 'absent': 0, 'excused': 0, 'not voting': 3})
  [32m✓[0m  AZ HB 2092 (57th-2nd-regular): vote tally matches on 2026-04-07 ({'yes': 29, 'no': 0, 'other': 0, 'absent': 0, 'excused': 0, 'not voting': 1})
  [32m✓[0m  AZ HB 2092 (57th-2nd-regular): sponsorship count matches (1)
    ...25/500
  [32m✓[0m  AZ HB 2097 (57th-2nd-regular): title matches
  [32m✓[0m  AZ HB 2097 (57th-2nd-regular): latest_action matches
  [32m✓[0m  AZ HB 2097 (57th-2nd-regular): vote event count matches (2)
  [32m✓[0m  AZ HB 2097 (57th-2nd-regular): vote tally matches on 2026-02-23 ({'yes': 0, 'no': 0, 'other': 0, 'absent': 0, 'excused': 0, 'not voting': 0})
  [32m✓[0m  AZ HB 2097 (57th-2nd-regular): vote tally matches on 2026-02-24 ({'yes': 32, 'no': 23, 'other': 0, 'absent': 0, 'excused': 0, 'not voting': 5})
  [32m✓[0m  AZ HB 2097 (57th-2nd-regular): sponsorship count matches (1)
  [32m✓[0m  AZ HB 2099 (57th-2nd-regular): title matches
  [32m✓[0m  AZ HB 2099 (57th-2nd-regular): latest_action matches
  [32m✓[0m  AZ HB 2099 (57th-2nd-regular): vote event count matches (1)
  [32m✓[0m  AZ HB 2099 (57th-2nd-regular): vote tally matches on 2026-03-04 ({'yes': 0, 'no': 0, 'other': 0, 'absent': 0, 'excused': 0, 'not voting': 0})
  [32m✓[0m  AZ HB 2099 (57th-2nd-regular): sponsorship count matches (1)
  [32m✓[0m  AZ HB 2103 (57th-2nd-regular): title matches
  [32m✓[0m  AZ HB 2103 (57th-2nd-regular): latest_action matches
  [32m✓[0m  AZ HB 2103 (57th-2nd-regular): vote event count matches (5)
  [32m✓[0m  AZ HB 2103 (57th-2nd-regular): vote tally matches on 2026-02-25 ({'yes': 0, 'no': 0, 'other': 0, 'absent': 0, 'excused': 0, 'not voting': 0})
  [32m✓[0m  AZ HB 2103 (57th-2nd-regular): vote tally matches on 2026-02-25 ({'yes': 0, 'no': 0, 'other': 0, 'absent': 0, 'excused': 0, 'not voting': 0})
  [32m✓[0m  AZ HB 2103 (57th-2nd-regular): vote tally matches on 2026-02-26 ({'yes': 31, 'no': 22, 'other': 0, 'absent': 0, 'excused': 0, 'not voting': 7})
  [32m✓[0m  AZ HB 2103 (57th-2nd-regular): vote tally matches on 2026-04-02 ({'yes': 0, 'no': 0, 'other': 0, 'absent': 0, 'excused': 0, 'not voting': 0})
  [32m✓[0m  AZ HB 2103 (57th-2nd-regular): vote tally matches on 2026-04-08 ({'yes': 16, 'no': 12, 'other': 0, 'absent': 0, 'excused': 0, 'not voting': 2})
  [32m✓[0m  AZ HB 2103 (57th-2nd-regular): sponsorship count matches (1)
  [32m✓[0m  AZ HB 2118 (57th-2nd-regular): title matches
  [32m✓[0m  AZ HB 2118 (57th-2nd-regular): latest_action matches
  [32m✓[0m  AZ HB 2118 (57th-2nd-regular): vote event count matches (6)
  [32m✓[0m  AZ HB 2118 (57th-2nd-regular): vote tally matches on 2026-02-23 ({'yes': 0, 'no': 0, 'other': 0, 'absent': 0, 'excused': 0, 'not voting': 0})
  [32m✓[0m  AZ HB 2118 (57th-2nd-regular): vote tally matches on 2026-02-24 ({'yes': 32, 'no': 24, 'other': 0, 'absent': 0, 'excused': 0, 'not voting': 4})
  [32m✓[0m  AZ HB 2118 (57th-2nd-regular): vote tally matches on 2026-04-14 ({'yes': 0, 'no': 0, 'other': 0, 'absent': 0, 'excused': 0, 'not voting': 0})
  [32m✓[0m  AZ HB 2118 (57th-2nd-regular): vote tally matches on 2026-04-20 ({'yes': 17, 'no': 12, 'other': 0, 'absent': 0, 'excused': 0, 'not voting': 1})
  [33m~[0m  AZ HB 2118 (57th-2nd-regular): vote tally differs on 2026-06-09  [local={'yes': 0, 'no': 0, 'other': 0, 'absent': 0, 'excused': 0, 'not voting': 0} live={'yes': 31, 'no': 24, 'other': 0, 'absent': 0, 'excused': 0, 'not voting': 5} | Aaron Márquez (no): live only; Alexander Kolodin (yes): live only; Alma Hernandez (no): live only; Anna Abeytia (no): live only; Betty J Villegas (no): live only; Beverly Pingerelli (yes): live only; Brian Garcia (no): live only; Cesar Aguilar (no): live only; Chris Lopez (yes): live only; Christopher Mathis (no): live only; Cody Reim (yes): live only; Consuelo Hernandez (no): live only; David Livingston (other): live only; Elda Luna-Nájera (no): live only; Gail Griffin (yes): live only; James Taylor (yes): live only; Janeen Connolly (no): live only; Jeff Weninger (yes): live only; John Gillette (yes): live only; Julie Willoughby (yes): live only; Junelle Cavero (no): live only; Justin Olson (yes): live only; Justin Wilmeth (other): live only; Kevin Volk (no): live only; Khyl Powell (yes): live only; Laurin Hendrix (yes): live only; Leo Biasiucci (yes): live only; Lisa Fink (yes): live only; Lorena Austin (no): live only; Lupe Contreras (no): live only; Lupe Diaz (yes): live only; Lydia Hernandez (no): live only; Mae Peshlakai (no): live only; Mariana Sandoval (no): live only; Matt Gress (yes): live only; Michael Carbone (yes): live only; Michael Way (yes): live only; Michele Peña (yes): live only; Myron Tsosie (no): live only; Nancy Gutierrez (other): live only; Neal Carter (yes): live only; Nick Kupper (yes): live only; Oscar De Los Santos (no): live only; Pamela Carter (yes): live only; Patty Contreras (no): live only; Quang H Nguyen (yes): live only; Quantá Crews (no): live only; Rachel Keshel (yes): live only; Ralph Heap (yes): live only; Sarah Liguori (no): live only; Selina Bliss (yes): live only; Seth Blattman (other): live only; Stacey Travers (no): live only; Stephanie Simacek (other): live only; Stephanie Stahl Hamilton (no): live only; Steve Montenegro (yes): live only; Sylvia Allen (yes): live only; Teresa Martinez (yes): live only; Tony Rivero (yes): live only; Walt Blackman (yes): live only | 61 other local bill(s) share this signature on 2026-06-09]
  [33m~[0m  AZ HB 2118 (57th-2nd-regular): vote tally differs on 2026-06-09  [local={'yes': 31, 'no': 24, 'other': 0, 'absent': 0, 'excused': 0, 'not voting': 5} live={'yes': 0, 'no': 0, 'other': 0, 'absent': 0, 'excused': 0, 'not voting': 0} | Aaron Márquez (no): local only; Alexander Kolodin (yes): local only; Alma Hernandez (no): local only; Anna Abeytia (no): local only; Betty J Villegas (no): local only; Beverly Pingerelli (yes): local only; Brian Garcia (no): local only; Cesar Aguilar (no): local only; Chris Lopez (yes): local only; Christopher Mathis (no): local only; Cody Reim (yes): local only; Consuelo Hernandez (no): local only; David Livingston (other): local only; Elda Luna-Nájera (no): local only; Gail Griffin (yes): local only; James Taylor (yes): local only; Janeen Connolly (no): local only; Jeff Weninger (yes): local only; John Gillette (yes): local only; Julie Willoughby (yes): local only; Junelle Cavero (no): local only; Justin Olson (yes): local only; Justin Wilmeth (other): local only; Kevin Volk (no): local only; Khyl Powell (yes): local only; Laurin Hendrix (yes): local only; Leo Biasiucci (yes): local only; Lisa Fink (yes): local only; Lorena Austin (no): local only; Lupe Contreras (no): local only; Lupe Diaz (yes): local only; Lydia Hernandez (no): local only; Mae Peshlakai (no): local only; Mariana Sandoval (no): local only; Matt Gress (yes): local only; Michael Carbone (yes): local only; Michael Way (yes): local only; Michele Peña (yes): local only; Myron Tsosie (no): local only; Nancy Gutierrez (other): local only; Neal Carter (yes): local only; Nick Kupper (yes): local only; Oscar De Los Santos (no): local only; Pamela Carter (yes): local only; Patty Contreras (no): local only; Quang H Nguyen (yes): local only; Quantá Crews (no): local only; Rachel Keshel (yes): local only; Ralph Heap (yes): local only; Sarah Liguori (no): local only; Selina Bliss (yes): local only; Seth Blattman (other): local only; Stacey Travers (no): local only; Stephanie Simacek (other): local only; Stephanie Stahl Hamilton (no): local only; Steve Montenegro (yes): local only; Sylvia Allen (yes): local only; Teresa Martinez (yes): local only; Tony Rivero (yes): local only; Walt Blackman (yes): local only | 61 other local bill(s) share this signature on 2026-06-09]
  [32m✓[0m  AZ HB 2118 (57th-2nd-regular): sponsorship count matches (1)
  [32m✓[0m  AZ HB 2123 (57th-2nd-regular): title matches
  [32m✓[0m  AZ HB 2123 (57th-2nd-regular): latest_action matches
  [32m✓[0m  AZ HB 2123 (57th-2nd-regular): vote event count matches (6)
  [32m✓[0m  AZ HB 2123 (57th-2nd-regular): vote tally matches on 2026-02-25 ({'yes': 0, 'no': 0, 'other': 0, 'absent': 0, 'excused': 0, 'not voting': 0})
  [32m✓[0m  AZ HB 2123 (57th-2nd-regular): vote tally matches on 2026-03-02 ({'yes': 0, 'no': 0, 'other': 0, 'absent': 0, 'excused': 0, 'not voting': 0})
  [32m✓[0m  AZ HB 2123 (57th-2nd-regular): vote tally matches on 2026-03-02 ({'yes': 0, 'no': 0, 'other': 0, 'absent': 0, 'excused': 0, 'not voting': 0})
  [32m✓[0m  AZ HB 2123 (57th-2nd-regular): vote tally matches on 2026-03-04 ({'yes': 0, 'no': 0, 'other': 0, 'absent': 0, 'excused': 0, 'not voting': 0})
  [32m✓[0m  AZ HB 2123 (57th-2nd-regular): vote tally matches on 2026-03-04 ({'yes': 24, 'no': 28, 'other': 0, 'absent': 0, 'excused': 0, 'not voting': 6})
  [32m✓[0m  AZ HB 2123 (57th-2nd-regular): vote tally matches on 2026-03-10 ({'yes': 26, 'no': 28, 'other': 0, 'absent': 0, 'excused': 0, 'not voting': 4})
  [32m✓[0m  AZ HB 2123 (57th-2nd-regular): sponsorship count matches (1)
  [32m✓[0m  AZ HB 2133 (57th-2nd-regular): title matches
  [32m✓[0m  AZ HB 2133 (57th-2nd-regular): latest_action matches
  [32m✓[0m  AZ HB 2133 (57th-2nd-regular): vote event count matches (6)
  [32m✓[0m  AZ HB 2133 (57th-2nd-regular): vote tally matches on 2026-02-10 ({'yes': 0, 'no': 0, 'other': 0, 'absent': 0, 'excused': 0, 'not voting': 0})
  [32m✓[0m  AZ HB 2133 (57th-2nd-regular): vote tally matches on 2026-02-23 ({'yes': 41, 'no': 16, 'other': 0, 'absent': 0, 'excused': 0, 'not voting': 3})
  [32m✓[0m  AZ HB 2133 (57th-2nd-regular): vote tally matches on 2026-04-08 ({'yes': 16, 'no': 12, 'other': 0, 'absent': 0, 'excused': 0, 'not voting': 2})
  [32m✓[0m  AZ HB 2133 (57th-2nd-regular): vote tally matches on 2026-04-08 ({'yes': 0, 'no': 0, 'other': 0, 'absent': 0, 'excused': 0, 'not voting': 0})
  [32m✓[0m  AZ HB 2133 (57th-2nd-regular): vote tally matches on 2026-06-09 ({'yes': 16, 'no': 12, 'other': 0, 'absent': 0, 'excused': 0, 'not voting': 2})
  [32m✓[0m  AZ HB 2133 (57th-2nd-regular): vote tally matches on 2026-06-11 ({'yes': 35, 'no': 20, 'other': 0, 'absent': 0, 'excused': 0, 'not voting': 5})
  [32m✓[0m  AZ HB 2133 (57th-2nd-regular): sponsorship count matches (1)
  [32m✓[0m  AZ HB 2138 (57th-2nd-regular): title matches
  [32m✓[0m  AZ HB 2138 (57th-2nd-regular): latest_action matches
  [32m✓[0m  AZ HB 2138 (57th-2nd-regular): vote event count matches (3)
  [32m✓[0m  AZ HB 2138 (57th-2nd-regular): vote tally matches on 2026-02-02 ({'yes': 0, 'no': 0, 'other': 0, 'absent': 0, 'excused': 0, 'not voting': 0})
  [32m✓[0m  AZ HB 2138 (57th-2nd-regular): vote tally matches on 2026-02-03 ({'yes': 54, 'no': 4, 'other': 0, 'absent': 0, 'excused': 0, 'not voting': 2})
  [32m✓[0m  AZ HB 2138 (57th-2nd-regular): vote tally matches on 2026-04-07 ({'yes': 28, 'no': 1, 'other': 0, 'absent': 0, 'excused': 0, 'not voting': 1})
  [32m✓[0m  AZ HB 2138 (57th-2nd-regular): sponsorship count matches (2)
  [32m✓[0m  AZ HB 2147 (57th-2nd-regular): title matches
  [32m✓[0m  AZ HB 2147 (57th-2nd-regular): latest_action matches
  [32m✓[0m  AZ HB 2147 (57th-2nd-regular): vote event count matches (2)
  [32m✓[0m  AZ HB 2147 (57th-2nd-regular): vote tally matches on 2026-02-24 ({'yes': 0, 'no': 0, 'other': 0, 'absent': 0, 'excused': 0, 'not voting': 0})
  [32m✓[0m  AZ HB 2147 (57th-2nd-regular): vote tally matches on 2026-02-25 ({'yes': 31, 'no': 22, 'other': 0, 'absent': 0, 'excused': 0, 'not voting': 7})
  [32m✓[0m  AZ HB 2147 (57th-2nd-regular): sponsorship count matches (1)
  [32m✓[0m  AZ HB 2148 (57th-2nd-regular): title matches
  [32m✓[0m  AZ HB 2148 (57th-2nd-regular): latest_action matches
  [32m✓[0m  AZ HB 2148 (57th-2nd-regular): vote event count matches (2)
  [32m✓[0m  AZ HB 2148 (57th-2nd-regular): vote tally matches on 2026-01-28 ({'yes': 0, 'no': 0, 'other': 0, 'absent': 0, 'excused': 0, 'not voting': 0})
  [32m✓[0m  AZ HB 2148 (57th-2nd-regular): vote tally matches on 2026-01-29 ({'yes': 33, 'no': 25, 'other': 0, 'absent': 0, 'excused': 0, 'not voting': 2})
  [32m✓[0m  AZ HB 2148 (57th-2nd-regular): sponsorship count matches (1)
  [32m✓[0m  AZ HB 2155 (57th-2nd-regular): title matches
  [32m✓[0m  AZ HB 2155 (57th-2nd-regular): latest_action matches
  [32m✓[0m  AZ HB 2155 (57th-2nd-regular): vote event count matches (2)
  [32m✓[0m  AZ HB 2155 (57th-2nd-regular): vote tally matches on 2026-02-05 ({'yes': 0, 'no': 0, 'other': 0, 'absent': 0, 'excused': 0, 'not voting': 0})
  [32m✓[0m  AZ HB 2155 (57th-2nd-regular): vote tally matches on 2026-02-09 ({'yes': 57, 'no': 2, 'other': 0, 'absent': 0, 'excused': 0, 'not voting': 1})
  [32m✓[0m  AZ HB 2155 (57th-2nd-regular): sponsorship count matches (1)
  [32m✓[0m  AZ HB 2156 (57th-2nd-regular): title matches
  [32m✓[0m  AZ HB 2156 (57th-2nd-regular): latest_action matches
  [32m✓[0m  AZ HB 2156 (57th-2nd-regular): vote event count matches (2)
  [32m✓[0m  AZ HB 2156 (57th-2nd-regular): vote tally matches on 2026-02-23 ({'yes': 0, 'no': 0, 'other': 0, 'absent': 0, 'excused': 0, 'not voting': 0})
  [32m✓[0m  AZ HB 2156 (57th-2nd-regular): vote tally matches on 2026-02-24 ({'yes': 31, 'no': 25, 'other': 0, 'absent': 0, 'excused': 0, 'not voting': 4})
  [32m✓[0m  AZ HB 2156 (57th-2nd-regular): sponsorship count matches (1)
  [32m✓[0m  AZ HB 2157 (57th-2nd-regular): title matches
  [32m✓[0m  AZ HB 2157 (57th-2nd-regular): latest_action matches
  [32m✓[0m  AZ HB 2157 (57th-2nd-regular): vote event count matches (0)
  [32m✓[0m  AZ HB 2157 (57th-2nd-regular): sponsorship count matches (1)
  [32m✓[0m  AZ HB 2171 (57th-2nd-regular): title matches
  [32m✓[0m  AZ HB 2171 (57th-2nd-regular): latest_action matches
  [32m✓[0m  AZ HB 2171 (57th-2nd-regular): vote event count matches (2)
  [32m✓[0m  AZ HB 2171 (57th-2nd-regular): vote tally matches on 2026-02-23 ({'yes': 0, 'no': 0, 'other': 0, 'absent': 0, 'excused': 0, 'not voting': 0})
  [32m✓[0m  AZ HB 2171 (57th-2nd-regular): vote tally matches on 2026-02-24 ({'yes': 32, 'no': 24, 'other': 0, 'absent': 0, 'excused': 0, 'not voting': 4})
  [32m✓[0m  AZ HB 2171 (57th-2nd-regular): sponsorship count matches (1)
  [32m✓[0m  AZ HB 2173 (57th-2nd-regular): title matches
  [32m✓[0m  AZ HB 2173 (57th-2nd-regular): latest_action matches
  [32m✓[0m  AZ HB 2173 (57th-2nd-regular): vote event count matches (3)
  [32m✓[0m  AZ HB 2173 (57th-2nd-regular): vote tally matches on 2026-02-09 ({'yes': 0, 'no': 0, 'other': 0, 'absent': 0, 'excused': 0, 'not voting': 0})
  [32m✓[0m  AZ HB 2173 (57th-2nd-regular): vote tally matches on 2026-02-18 ({'yes': 57, 'no': 0, 'other': 0, 'absent': 0, 'excused': 0, 'not voting': 3})
  [32m✓[0m  AZ HB 2173 (57th-2nd-regular): vote tally matches on 2026-04-07 ({'yes': 29, 'no': 0, 'other': 0, 'absent': 0, 'excused': 0, 'not voting': 1})
  [32m✓[0m  AZ HB 2173 (57th-2nd-regular): sponsorship count matches (1)
  [32m✓[0m  AZ HB 2174 (57th-2nd-regular): title matches
  [32m✓[0m  AZ HB 2174 (57th-2nd-regular): latest_action matches
  [32m✓[0m  AZ HB 2174 (57th-2nd-regular): vote event count matches (6)
  [32m✓[0m  AZ HB 2174 (57th-2nd-regular): vote tally matches on 2026-02-23 ({'yes': 0, 'no': 0, 'other': 0, 'absent': 0, 'excused': 0, 'not voting': 0})
  [32m✓[0m  AZ HB 2174 (57th-2nd-regular): vote tally matches on 2026-02-24 ({'yes': 34, 'no': 22, 'other': 0, 'absent': 0, 'excused': 0, 'not voting': 4})
  [32m✓[0m  AZ HB 2174 (57th-2nd-regular): vote tally matches on 2026-04-01 ({'yes': 18, 'no': 10, 'other': 0, 'absent': 0, 'excused': 0, 'not voting': 2})
  [32m✓[0m  AZ HB 2174 (57th-2nd-regular): vote tally matches on 2026-04-01 ({'yes': 0, 'no': 0, 'other': 0, 'absent': 0, 'excused': 0, 'not voting': 0})
  [33m~[0m  AZ HB 2174 (57th-2nd-regular): vote tally differs on 2026-06-11  [local={'yes': 50, 'no': 0, 'other': 0, 'absent': 0, 'excused': 0, 'not voting': 10} live={'yes': 0, 'no': 0, 'other': 0, 'absent': 0, 'excused': 0, 'not voting': 0} | Aaron Márquez (yes): local only; Alexander Kolodin (yes): local only; Alma Hernandez (other): local only; Anna Abeytia (other): local only; Betty J Villegas (yes): local only; Beverly Pingerelli (yes): local only; Brian Garcia (yes): local only; Cesar Aguilar (yes): local only; Chris Lopez (yes): local only; Christopher Mathis (other): local only; Cody Reim (other): local only; Consuelo Hernandez (other): local only; David Livingston (yes): local only; Elda Luna-Nájera (yes): local only; Gail Griffin (yes): local only; James Taylor (yes): local only; Janeen Connolly (yes): local only; Jeff Weninger (yes): local only; John Gillette (yes): local only; Julie Willoughby (yes): local only; Junelle Cavero (yes): local only; Justin Olson (yes): local only; Justin Wilmeth (yes): local only; Kevin Volk (yes): local only; Khyl Powell (yes): local only; Laurin Hendrix (other): local only; Leo Biasiucci (yes): local only; Lisa Fink (yes): local only; Lorena Austin (yes): local only; Lupe Contreras (yes): local only; Lupe Diaz (yes): local only; Lydia Hernandez (other): local only; Mae Peshlakai (yes): local only; Mariana Sandoval (yes): local only; Matt Gress (yes): local only; Michael Carbone (yes): local only; Michael Way (other): local only; Michele Peña (yes): local only; Myron Tsosie (yes): local only; Nancy Gutierrez (other): local only; Neal Carter (yes): local only; Nick Kupper (yes): local only; Oscar De Los Santos (yes): local only; Pamela Carter (yes): local only; Patty Contreras (yes): local only; Quang H Nguyen (yes): local only; Quantá Crews (yes): local only; Rachel Keshel (yes): local only; Ralph Heap (yes): local only; Sarah Liguori (yes): local only; Selina Bliss (yes): local only; Seth Blattman (other): local only; Stacey Travers (yes): local only; Stephanie Simacek (yes): local only; Stephanie Stahl Hamilton (yes): local only; Steve Montenegro (yes): local only; Sylvia Allen (yes): local only; Teresa Martinez (yes): local only; Tony Rivero (yes): local only; Walt Blackman (yes): local only | 87 other local bill(s) share this signature on 2026-06-11]
  [33m~[0m  AZ HB 2174 (57th-2nd-regular): vote tally differs on 2026-06-11  [local={'yes': 0, 'no': 0, 'other': 0, 'absent': 0, 'excused': 0, 'not voting': 0} live={'yes': 50, 'no': 0, 'other': 0, 'absent': 0, 'excused': 0, 'not voting': 10} | Aaron Márquez (yes): live only; Alexander Kolodin (yes): live only; Alma Hernandez (other): live only; Anna Abeytia (other): live only; Betty J Villegas (yes): live only; Beverly Pingerelli (yes): live only; Brian Garcia (yes): live only; Cesar Aguilar (yes): live only; Chris Lopez (yes): live only; Christopher Mathis (other): live only; Cody Reim (other): live only; Consuelo Hernandez (other): live only; David Livingston (yes): live only; Elda Luna-Nájera (yes): live only; Gail Griffin (yes): live only; James Taylor (yes): live only; Janeen Connolly (yes): live only; Jeff Weninger (yes): live only; John Gillette (yes): live only; Julie Willoughby (yes): live only; Junelle Cavero (yes): live only; Justin Olson (yes): live only; Justin Wilmeth (yes): live only; Kevin Volk (yes): live only; Khyl Powell (yes): live only; Laurin Hendrix (other): live only; Leo Biasiucci (yes): live only; Lisa Fink (yes): live only; Lorena Austin (yes): live only; Lupe Contreras (yes): live only; Lupe Diaz (yes): live only; Lydia Hernandez (other): live only; Mae Peshlakai (yes): live only; Mariana Sandoval (yes): live only; Matt Gress (yes): live only; Michael Carbone (yes): live only; Michael Way (other): live only; Michele Peña (yes): live only; Myron Tsosie (yes): live only; Nancy Gutierrez (other): live only; Neal Carter (yes): live only; Nick Kupper (yes): live only; Oscar De Los Santos (yes): live only; Pamela Carter (yes): live only; Patty Contreras (yes): live only; Quang H Nguyen (yes): live only; Quantá Crews (yes): live only; Rachel Keshel (yes): live only; Ralph Heap (yes): live only; Sarah Liguori (yes): live only; Selina Bliss (yes): live only; Seth Blattman (other): live only; Stacey Travers (yes): live only; Stephanie Simacek (yes): live only; Stephanie Stahl Hamilton (yes): live only; Steve Montenegro (yes): live only; Sylvia Allen (yes): live only; Teresa Martinez (yes): live only; Tony Rivero (yes): live only; Walt Blackman (yes): live only | 87 other local bill(s) share this signature on 2026-06-11]
  [32m✓[0m  AZ HB 2174 (57th-2nd-regular): sponsorship count matches (2)
  [32m✓[0m  AZ HB 2175 (57th-2nd-regular): title matches
  [32m✓[0m  AZ HB 2175 (57th-2nd-regular): latest_action matches
  [32m✓[0m  AZ HB 2175 (57th-2nd-regular): vote event count matches (6)
  [32m✓[0m  AZ HB 2175 (57th-2nd-regular): vote tally matches on 2026-02-23 ({'yes': 0, 'no': 0, 'other': 0, 'absent': 0, 'excused': 0, 'not voting': 0})
  [32m✓[0m  AZ HB 2175 (57th-2nd-regular): vote tally matches on 2026-02-25 ({'yes': 0, 'no': 0, 'other': 0, 'absent': 0, 'excused': 0, 'not voting': 0})
  [32m✓[0m  AZ HB 2175 (57th-2nd-regular): vote tally matches on 2026-03-02 ({'yes': 0, 'no': 0, 'other': 0, 'absent': 0, 'excused': 0, 'not voting': 0})
  [32m✓[0m  AZ HB 2175 (57th-2nd-regular): vote tally matches on 2026-03-02 ({'yes': 23, 'no': 30, 'other': 0, 'absent': 0, 'excused': 0, 'not voting': 6})
  [32m✓[0m  AZ HB 2175 (57th-2nd-regular): vote tally matches on 2026-03-03 ({'yes': 0, 'no': 0, 'other': 0, 'absent': 0, 'excused': 0, 'not voting': 0})
  [32m✓[0m  AZ HB 2175 (57th-2nd-regular): vote tally matches on 2026-03-03 ({'yes': 25, 'no': 31, 'other': 0, 'absent': 0, 'excused': 0, 'not voting': 3})
  [32m✓[0m  AZ HB 2175 (57th-2nd-regular): sponsorship count matches (1)
  [32m✓[0m  AZ HB 2178 (57th-2nd-regular): title matches
  [32m✓[0m  AZ HB 2178 (57th-2nd-regular): latest_action matches
  [32m✓[0m  AZ HB 2178 (57th-2nd-regular): vote event count matches (3)
  [32m✓[0m  AZ HB 2178 (57th-2nd-regular): vote tally matches on 2026-02-05 ({'yes': 0, 'no': 0, 'other': 0, 'absent': 0, 'excused': 0, 'not voting': 0})
  [32m✓[0m  AZ HB 2178 (57th-2nd-regular): vote tally matches on 2026-02-09 ({'yes': 50, 'no': 9, 'other': 0, 'absent': 0, 'excused': 0, 'not voting': 1})
  [32m✓[0m  AZ HB 2178 (57th-2nd-regular): vote tally matches on 2026-04-07 ({'yes': 28, 'no': 1, 'other': 0, 'absent': 0, 'excused': 0, 'not voting': 1})
  [32m✓[0m  AZ HB 2178 (57th-2nd-regular): sponsorship count matches (1)
  [32m✓[0m  AZ HB 2179 (57th-2nd-regular): title matches
  [32m✓[0m  AZ HB 2179 (57th-2nd-regular): latest_action matches
  [32m✓[0m  AZ HB 2179 (57th-2nd-regular): vote event count matches (3)
  [32m✓[0m  AZ HB 2179 (57th-2nd-regular): vote tally matches on 2026-02-19 ({'yes': 0, 'no': 0, 'other': 0, 'absent': 0, 'excused': 0, 'not voting': 0})
  [32m✓[0m  AZ HB 2179 (57th-2nd-regular): vote tally matches on 2026-02-23 ({'yes': 56, 'no': 1, 'other': 0, 'absent': 0, 'excused': 0, 'not voting': 3})
  [32m✓[0m  AZ HB 2179 (57th-2nd-regular): vote tally matches on 2026-04-07 ({'yes': 28, 'no': 1, 'other': 0, 'absent': 0, 'excused': 0, 'not voting': 1})
  [32m✓[0m  AZ HB 2179 (57th-2nd-regular): sponsorship count matches (1)
  [32m✓[0m  AZ HB 2185 (57th-2nd-regular): title matches
  [32m✓[0m  AZ HB 2185 (57th-2nd-regular): latest_action matches
  [32m✓[0m  AZ HB 2185 (57th-2nd-regular): vote event count matches (2)
  [32m✓[0m  AZ HB 2185 (57th-2nd-regular): vote tally matches on 2026-02-24 ({'yes': 0, 'no': 0, 'other': 0, 'absent': 0, 'excused': 0, 'not voting': 0})
  [32m✓[0m  AZ HB 2185 (57th-2nd-regular): vote tally matches on 2026-02-25 ({'yes': 52, 'no': 2, 'other': 0, 'absent': 0, 'excused': 0, 'not voting': 6})
  [32m✓[0m  AZ HB 2185 (57th-2nd-regular): sponsorship count matches (1)
  [32m✓[0m  AZ HB 2193 (57th-2nd-regular): title matches
  [32m✓[0m  AZ HB 2193 (57th-2nd-regular): latest_action matches
  [32m✓[0m  AZ HB 2193 (57th-2nd-regular): vote event count matches (1)
  [32m✓[0m  AZ HB 2193 (57th-2nd-regular): vote tally matches on 2026-02-23 ({'yes': 0, 'no': 0, 'other': 0, 'absent': 0, 'excused': 0, 'not voting': 0})
  [32m✓[0m  AZ HB 2193 (57th-2nd-regular): sponsorship count matches (1)
  [32m✓[0m  AZ HB 2194 (57th-2nd-regular): title matches
  [32m✓[0m  AZ HB 2194 (57th-2nd-regular): latest_action matches
  [32m✓[0m  AZ HB 2194 (57th-2nd-regular): vote event count matches (0)
  [32m✓[0m  AZ HB 2194 (57th-2nd-regular): sponsorship count matches (1)
  [32m✓[0m  AZ HB 2196 (57th-2nd-regular): title matches
  [32m✓[0m  AZ HB 2196 (57th-2nd-regular): latest_action matches
  [32m✓[0m  AZ HB 2196 (57th-2nd-regular): vote event count matches (0)
  [32m✓[0m  AZ HB 2196 (57th-2nd-regular): sponsorship count matches (1)
  [32m✓[0m  AZ HB 2197 (57th-2nd-regular): title matches
  [32m✓[0m  AZ HB 2197 (57th-2nd-regular): latest_action matches
  [32m✓[0m  AZ HB 2197 (57th-2nd-regular): vote event count matches (4)
  [32m✓[0m  AZ HB 2197 (57th-2nd-regular): vote tally matches on 2026-02-24 ({'yes': 0, 'no': 0, 'other': 0, 'absent': 0, 'excused': 0, 'not voting': 0})
  [32m✓[0m  AZ HB 2197 (57th-2nd-regular): vote tally matches on 2026-02-25 ({'yes': 26, 'no': 28, 'other': 0, 'absent': 0, 'excused': 0, 'not voting': 6})
  [32m✓[0m  AZ HB 2197 (57th-2nd-regular): vote tally matches on 2026-02-26 ({'yes': 0, 'no': 0, 'other': 0, 'absent': 0, 'excused': 0, 'not voting': 0})
  [32m✓[0m  AZ HB 2197 (57th-2nd-regular): vote tally matches on 2026-03-16 ({'yes': 15, 'no': 36, 'other': 0, 'absent': 0, 'excused': 0, 'not voting': 8})
  [32m✓[0m  AZ HB 2197 (57th-2nd-regular): sponsorship count matches (1)
  [32m✓[0m  AZ HB 2205 (57th-2nd-regular): title matches
  [32m✓[0m  AZ HB 2205 (57th-2nd-regular): latest_action matches
  [32m✓[0m  AZ HB 2205 (57th-2nd-regular): vote event count matches (2)
  [32m✓[0m  AZ HB 2205 (57th-2nd-regular): vote tally matches on 2026-02-23 ({'yes': 0, 'no': 0, 'other': 0, 'absent': 0, 'excused': 0, 'not voting': 0})
  [32m✓[0m  AZ HB 2205 (57th-2nd-regular): vote tally matches on 2026-02-24 ({'yes': 31, 'no': 25, 'other': 0, 'absent': 0, 'excused': 0, 'not voting': 4})
  [32m✓[0m  AZ HB 2205 (57th-2nd-regular): sponsorship count matches (1)
  [32m✓[0m  AZ HB 2206 (57th-2nd-regular): title matches
  [32m✓[0m  AZ HB 2206 (57th-2nd-regular): latest_action matches
  [32m✓[0m  AZ HB 2206 (57th-2nd-regular): vote event count matches (4)
  [32m✓[0m  AZ HB 2206 (57th-2nd-regular): vote tally matches on 2026-02-11 ({'yes': 0, 'no': 0, 'other': 0, 'absent': 0, 'excused': 0, 'not voting': 0})
  [32m✓[0m  AZ HB 2206 (57th-2nd-regular): vote tally matches on 2026-02-12 ({'yes': 33, 'no': 25, 'other': 0, 'absent': 0, 'excused': 0, 'not voting': 2})
  [33m~[0m  AZ HB 2206 (57th-2nd-regular): vote tally differs on 2026-02-16  [local={'yes': 0, 'no': 0, 'other': 0, 'absent': 0, 'excused': 0, 'not voting': 0} live={'yes': 17, 'no': 12, 'other': 0, 'absent': 0, 'excused': 0, 'not voting': 1} | Analise Ortiz (no): live only; Brian Fernandez (no): live only; Carine Werner (yes): live only; Catherine Miranda (no): live only; David C. Farnsworth (yes): live only; David Gowan (yes): live only; Denise “Mitzi” Epstein (no): live only; Eva Diaz (no): live only; Flavio Bravo (other): live only; Frank Carroll (yes): live only; Hildy Angius (yes): live only; J.D. Mesnard (yes): live only; Jake Hoffman (yes): live only; Janae Shamp (yes): live only; John Kavanagh (yes): live only; Kevin Payne (yes): live only; Kiana Sears (no): live only; Lauren Kuby (no): live only; Lela Alston (no): live only; Mark Finchem (yes): live only; Priya Sundareshan (no): live only; Rosanna Gabaldón (no): live only; Sally Ann Gonzales (no): live only; Shawnna Bolick (yes): live only; Theresa Hatathlie (no): live only; Thomas "T.J." Shope (yes): live only; Timothy "Tim" Dunn (yes): live only; Venden "Vince" Leach (yes): live only; Warren Petersen (yes): live only; Wendy Rogers (yes): live only | 8 other local bill(s) share this signature on 2026-02-16]
  [33m~[0m  AZ HB 2206 (57th-2nd-regular): vote tally differs on 2026-02-16  [local={'yes': 17, 'no': 12, 'other': 0, 'absent': 0, 'excused': 0, 'not voting': 1} live={'yes': 0, 'no': 0, 'other': 0, 'absent': 0, 'excused': 0, 'not voting': 0} | Analise Ortiz (no): local only; Brian Fernandez (no): local only; Carine Werner (yes): local only; Catherine Miranda (no): local only; David C. Farnsworth (yes): local only; David Gowan (yes): local only; Denise “Mitzi” Epstein (no): local only; Eva Diaz (no): local only; Flavio Bravo (other): local only; Frank Carroll (yes): local only; Hildy Angius (yes): local only; J.D. Mesnard (yes): local only; Jake Hoffman (yes): local only; Janae Shamp (yes): local only; John Kavanagh (yes): local only; Kevin Payne (yes): local only; Kiana Sears (no): local only; Lauren Kuby (no): local only; Lela Alston (no): local only; Mark Finchem (yes): local only; Priya Sundareshan (no): local only; Rosanna Gabaldón (no): local only; Sally Ann Gonzales (no): local only; Shawnna Bolick (yes): local only; Theresa Hatathlie (no): local only; Thomas "T.J." Shope (yes): local only; Timothy "Tim" Dunn (yes): local only; Venden "Vince" Leach (yes): local only; Warren Petersen (yes): local only; Wendy Rogers (yes): local only | 8 other local bill(s) share this signature on 2026-02-16]
  [32m✓[0m  AZ HB 2206 (57th-2nd-regular): sponsorship count matches (1)
    ...50/500
  [32m✓[0m  AZ HB 2215 (57th-2nd-regular): title matches
  [32m✓[0m  AZ HB 2215 (57th-2nd-regular): latest_action matches
  [32m✓[0m  AZ HB 2215 (57th-2nd-regular): vote event count matches (0)
  [32m✓[0m  AZ HB 2215 (57th-2nd-regular): sponsorship count matches (1)
  [32m✓[0m  AZ HB 2217 (57th-2nd-regular): title matches
  [32m✓[0m  AZ HB 2217 (57th-2nd-regular): latest_action matches
  [32m✓[0m  AZ HB 2217 (57th-2nd-regular): vote event count matches (0)
  [32m✓[0m  AZ HB 2217 (57th-2nd-regular): sponsorship count matches (4)
  [32m✓[0m  AZ HB 2218 (57th-2nd-regular): title matches
  [32m✓[0m  AZ HB 2218 (57th-2nd-regular): latest_action matches
  [32m✓[0m  AZ HB 2218 (57th-2nd-regular): vote event count matches (0)
  [32m✓[0m  AZ HB 2218 (57th-2nd-regular): sponsorship count matches (3)
  [32m✓[0m  AZ HB 2219 (57th-2nd-regular): title matches
  [32m✓[0m  AZ HB 2219 (57th-2nd-regular): latest_action matches
  [32m✓[0m  AZ HB 2219 (57th-2nd-regular): vote event count matches (0)
  [32m✓[0m  AZ HB 2219 (57th-2nd-regular): sponsorship count matches (3)
  [32m✓[0m  AZ HB 2229 (57th-2nd-regular): title matches
  [32m✓[0m  AZ HB 2229 (57th-2nd-regular): latest_action matches
  [32m✓[0m  AZ HB 2229 (57th-2nd-regular): vote event count matches (5)
  [32m✓[0m  AZ HB 2229 (57th-2nd-regular): vote tally matches on 2026-03-04 ({'yes': 0, 'no': 0, 'other': 0, 'absent': 0, 'excused': 0, 'not voting': 0})
  [32m✓[0m  AZ HB 2229 (57th-2nd-regular): vote tally matches on 2026-03-11 ({'yes': 0, 'no': 0, 'other': 0, 'absent': 0, 'excused': 0, 'not voting': 0})
  [32m✓[0m  AZ HB 2229 (57th-2nd-regular): vote tally matches on 2026-03-11 ({'yes': 0, 'no': 0, 'other': 0, 'absent': 0, 'excused': 0, 'not voting': 0})
  [32m✓[0m  AZ HB 2229 (57th-2nd-regular): vote tally matches on 2026-03-17 ({'yes': 0, 'no': 0, 'other': 0, 'absent': 0, 'excused': 0, 'not voting': 0})
  [32m✓[0m  AZ HB 2229 (57th-2nd-regular): vote tally matches on 2026-03-17 ({'yes': 26, 'no': 27, 'other': 0, 'absent': 0, 'excused': 0, 'not voting': 6})
  [32m✓[0m  AZ HB 2229 (57th-2nd-regular): sponsorship count matches (1)
  [32m✓[0m  AZ HB 2230 (57th-2nd-regular): title matches
  [32m✓[0m  AZ HB 2230 (57th-2nd-regular): latest_action matches
  [32m✓[0m  AZ HB 2230 (57th-2nd-regular): vote event count matches (0)
  [32m✓[0m  AZ HB 2230 (57th-2nd-regular): sponsorship count matches (1)
  [32m✓[0m  AZ HB 2232 (57th-2nd-regular): title matches
  [32m✓[0m  AZ HB 2232 (57th-2nd-regular): latest_action matches
  [32m✓[0m  AZ HB 2232 (57th-2nd-regular): vote event count matches (0)
  [32m✓[0m  AZ HB 2232 (57th-2nd-regular): sponsorship count matches (1)
  [32m✓[0m  AZ HB 2246 (57th-2nd-regular): title matches
  [32m✓[0m  AZ HB 2246 (57th-2nd-regular): latest_action matches
  [32m✓[0m  AZ HB 2246 (57th-2nd-regular): vote event count matches (0)
  [32m✓[0m  AZ HB 2246 (57th-2nd-regular): sponsorship count matches (1)
  [32m✓[0m  AZ HB 2247 (57th-2nd-regular): title matches
  [32m✓[0m  AZ HB 2247 (57th-2nd-regular): latest_action matches
  [32m✓[0m  AZ HB 2247 (57th-2nd-regular): vote event count matches (0)
  [32m✓[0m  AZ HB 2247 (57th-2nd-regular): sponsorship count matches (6)
  [32m✓[0m  AZ HB 2254 (57th-2nd-regular): title matches
  [32m✓[0m  AZ HB 2254 (57th-2nd-regular): latest_action matches
  [32m✓[0m  AZ HB 2254 (57th-2nd-regular): vote event count matches (0)
  [32m✓[0m  AZ HB 2254 (57th-2nd-regular): sponsorship count matches (1)
  [32m✓[0m  AZ HB 2256 (57th-2nd-regular): title matches
  [32m✓[0m  AZ HB 2256 (57th-2nd-regular): latest_action matches
  [32m✓[0m  AZ HB 2256 (57th-2nd-regular): vote event count matches (2)
  [32m✓[0m  AZ HB 2256 (57th-2nd-regular): vote tally matches on 2026-02-19 ({'yes': 0, 'no': 0, 'other': 0, 'absent': 0, 'excused': 0, 'not voting': 0})
  [32m✓[0m  AZ HB 2256 (57th-2nd-regular): vote tally matches on 2026-02-23 ({'yes': 57, 'no': 0, 'other': 0, 'absent': 0, 'excused': 0, 'not voting': 3})
  [32m✓[0m  AZ HB 2256 (57th-2nd-regular): sponsorship count matches (1)
  [32m✓[0m  AZ HB 2261 (57th-2nd-regular): title matches
  [32m✓[0m  AZ HB 2261 (57th-2nd-regular): latest_action matches
  [32m✓[0m  AZ HB 2261 (57th-2nd-regular): vote event count matches (4)
  [32m✓[0m  AZ HB 2261 (57th-2nd-regular): vote tally matches on 2026-02-24 ({'yes': 0, 'no': 0, 'other': 0, 'absent': 0, 'excused': 0, 'not voting': 0})
  [32m✓[0m  AZ HB 2261 (57th-2nd-regular): vote tally matches on 2026-02-25 ({'yes': 32, 'no': 22, 'other': 0, 'absent': 0, 'excused': 0, 'not voting': 6})
  [32m✓[0m  AZ HB 2261 (57th-2nd-regular): vote tally matches on 2026-04-07 ({'yes': 18, 'no': 11, 'other': 0, 'absent': 0, 'excused': 0, 'not voting': 1})
  [32m✓[0m  AZ HB 2261 (57th-2nd-regular): vote tally matches on 2026-04-07 ({'yes': 0, 'no': 0, 'other': 0, 'absent': 0, 'excused': 0, 'not voting': 0})
  [32m✓[0m  AZ HB 2261 (57th-2nd-regular): sponsorship count matches (2)
  [32m✓[0m  AZ HB 2263 (57th-2nd-regular): title matches
  [32m✓[0m  AZ HB 2263 (57th-2nd-regular): latest_action matches
  [32m✓[0m  AZ HB 2263 (57th-2nd-regular): vote event count matches (1)
  [32m✓[0m  AZ HB 2263 (57th-2nd-regular): vote tally matches on 2026-02-25 ({'yes': 0, 'no': 0, 'other': 0, 'absent': 0, 'excused': 0, 'not voting': 0})
  [32m✓[0m  AZ HB 2263 (57th-2nd-regular): sponsorship count matches (1)
  [32m✓[0m  AZ HB 2274 (57th-2nd-regular): title matches
  [32m✓[0m  AZ HB 2274 (57th-2nd-regular): latest_action matches
  [32m✓[0m  AZ HB 2274 (57th-2nd-regular): vote event count matches (0)
  [32m✓[0m  AZ HB 2274 (57th-2nd-regular): sponsorship count matches (1)
  [32m✓[0m  AZ HB 2281 (57th-2nd-regular): title matches
  [32m✓[0m  AZ HB 2281 (57th-2nd-regular): latest_action matches
  [32m✓[0m  AZ HB 2281 (57th-2nd-regular): vote event count matches (0)
  [32m✓[0m  AZ HB 2281 (57th-2nd-regular): sponsorship count matches (2)
  [32m✓[0m  AZ HB 2292 (57th-2nd-regular): title matches
  [32m✓[0m  AZ HB 2292 (57th-2nd-regular): latest_action matches
  [32m✓[0m  AZ HB 2292 (57th-2nd-regular): vote event count matches (0)
  [32m✓[0m  AZ HB 2292 (57th-2nd-regular): sponsorship count matches (1)
  [32m✓[0m  AZ HB 2297 (57th-2nd-regular): title matches
  [32m✓[0m  AZ HB 2297 (57th-2nd-regular): latest_action matches
  [32m✓[0m  AZ HB 2297 (57th-2nd-regular): vote event count matches (0)
  [32m✓[0m  AZ HB 2297 (57th-2nd-regular): sponsorship count matches (8)
  [32m✓[0m  AZ HB 2305 (57th-2nd-regular): title matches
  [32m✓[0m  AZ HB 2305 (57th-2nd-regular): latest_action matches
  [32m✓[0m  AZ HB 2305 (57th-2nd-regular): vote event count matches (9)
  [32m✓[0m  AZ HB 2305 (57th-2nd-regular): vote tally matches on 2026-02-23 ({'yes': 0, 'no': 0, 'other': 0, 'absent': 0, 'excused': 0, 'not voting': 0})
  [32m✓[0m  AZ HB 2305 (57th-2nd-regular): vote tally matches on 2026-02-25 ({'yes': 0, 'no': 0, 'other': 0, 'absent': 0, 'excused': 0, 'not voting': 0})
  [32m✓[0m  AZ HB 2305 (57th-2nd-regular): vote tally matches on 2026-02-26 ({'yes': 46, 'no': 6, 'other': 0, 'absent': 0, 'excused': 0, 'not voting': 8})
  [32m✓[0m  AZ HB 2305 (57th-2nd-regular): vote tally matches on 2026-06-11 ({'yes': 0, 'no': 0, 'other': 0, 'absent': 0, 'excused': 0, 'not voting': 0})
  [32m✓[0m  AZ HB 2305 (57th-2nd-regular): vote tally matches on 2026-06-12 ({'yes': 13, 'no': 14, 'other': 0, 'absent': 0, 'excused': 0, 'not voting': 3})
  [33m~[0m  AZ HB 2305 (57th-2nd-regular): vote tally differs on 2026-06-12  [local={'yes': 21, 'no': 8, 'other': 0, 'absent': 0, 'excused': 0, 'not voting': 1} live={'yes': 42, 'no': 12, 'other': 0, 'absent': 0, 'excused': 0, 'not voting': 6} | Analise Ortiz (yes): local only; Brian Fernandez (yes): local only; Carine Werner (yes): local only; Catherine Miranda (yes): local only; David C. Farnsworth (yes): local only; David Gowan (yes): local only; Denise “Mitzi” Epstein (no): local only; Eva Diaz (no): local only; Flavio Bravo (yes): local only; Frank Carroll (yes): local only; Hildy Angius (yes): local only; J.D. Mesnard (yes): local only; Jake Hoffman (no): local only; Janae Shamp (other): local only; John Kavanagh (yes): local only; Kevin Payne (yes): local only; Kiana Sears (yes): local only; Lauren Kuby (yes): local only; Lela Alston (yes): local only; Mark Finchem (yes): local only; Priya Sundareshan (yes): local only; Rosanna Gabaldón (no): local only; Sally Ann Gonzales (no): local only; Shawnna Bolick (no): local only; Theresa Hatathlie (no): local only; Thomas "T.J." Shope (yes): local only; Timothy "Tim" Dunn (yes): local only; Venden "Vince" Leach (no): local only; Warren Petersen (yes): local only; Wendy Rogers (yes): local only; Aaron Márquez (no): live only; Alexander Kolodin (no): live only; Alma Hernandez (yes): live only; Anna Abeytia (no): live only; Betty J Villegas (yes): live only; Beverly Pingerelli (yes): live only; Brian Garcia (yes): live only; Cesar Aguilar (yes): live only; Chris Lopez (yes): live only; Christopher Mathis (yes): live only; Cody Reim (yes): live only; Consuelo Hernandez (yes): live only; David Livingston (yes): live only; Elda Luna-Nájera (no): live only; Gail Griffin (no): live only; James Taylor (yes): live only; Janeen Connolly (yes): live only; Jeff Weninger (yes): live only; John Gillette (yes): live only; Julie Willoughby (other): live only; Junelle Cavero (yes): live only; Justin Olson (no): live only; Justin Wilmeth (yes): live only; Kevin Volk (yes): live only; Khyl Powell (yes): live only; Laurin Hendrix (no): live only; Leo Biasiucci (yes): live only; Lisa Fink (no): live only; Lorena Austin (yes): live only; Lupe Contreras (yes): live only; Lupe Diaz (yes): live only; Lydia Hernandez (no): live only; Mae Peshlakai (other): live only; Mariana Sandoval (yes): live only; Matt Gress (yes): live only; Michael Carbone (yes): live only; Michael Way (yes): live only; Michele Peña (yes): live only; Myron Tsosie (other): live only; Nancy Gutierrez (other): live only; Neal Carter (yes): live only; Nick Kupper (yes): live only; Oscar De Los Santos (yes): live only; Pamela Carter (yes): live only; Patty Contreras (yes): live only; Quang H Nguyen (yes): live only; Quantá Crews (yes): live only; Rachel Keshel (no): live only; Ralph Heap (no): live only; Sarah Liguori (yes): live only; Selina Bliss (yes): live only; Seth Blattman (other): live only; Stacey Travers (yes): live only; Stephanie Simacek (no): live only; Stephanie Stahl Hamilton (yes): live only; Steve Montenegro (yes): live only; Sylvia Allen (yes): live only; Teresa Martinez (yes): live only; Tony Rivero (yes): live only; Walt Blackman (other): live only | 60 other local bill(s) share this signature on 2026-06-12]
  [32m✓[0m  AZ HB 2305 (57th-2nd-regular): vote tally matches on 2026-06-12 ({'yes': 0, 'no': 0, 'other': 0, 'absent': 0, 'excused': 0, 'not voting': 0})
  [33m~[0m  AZ HB 2305 (57th-2nd-regular): vote tally differs on 2026-06-12  [local={'yes': 0, 'no': 0, 'other': 0, 'absent': 0, 'excused': 0, 'not voting': 0} live={'yes': 21, 'no': 8, 'other': 0, 'absent': 0, 'excused': 0, 'not voting': 1} | Analise Ortiz (yes): live only; Brian Fernandez (yes): live only; Carine Werner (yes): live only; Catherine Miranda (yes): live only; David C. Farnsworth (yes): live only; David Gowan (yes): live only; Denise “Mitzi” Epstein (no): live only; Eva Diaz (no): live only; Flavio Bravo (yes): live only; Frank Carroll (yes): live only; Hildy Angius (yes): live only; J.D. Mesnard (yes): live only; Jake Hoffman (no): live only; Janae Shamp (other): live only; John Kavanagh (yes): live only; Kevin Payne (yes): live only; Kiana Sears (yes): live only; Lauren Kuby (yes): live only; Lela Alston (yes): live only; Mark Finchem (yes): live only; Priya Sundareshan (yes): live only; Rosanna Gabaldón (no): live only; Sally Ann Gonzales (no): live only; Shawnna Bolick (no): live only; Theresa Hatathlie (no): live only; Thomas "T.J." Shope (yes): live only; Timothy "Tim" Dunn (yes): live only; Venden "Vince" Leach (no): live only; Warren Petersen (yes): live only; Wendy Rogers (yes): live only | 47 other local bill(s) share this signature on 2026-06-12]
  [33m~[0m  AZ HB 2305 (57th-2nd-regular): vote tally differs on 2026-06-12  [local={'yes': 42, 'no': 12, 'other': 0, 'absent': 0, 'excused': 0, 'not voting': 6} live={'yes': 0, 'no': 0, 'other': 0, 'absent': 0, 'excused': 0, 'not voting': 0} | Aaron Márquez (no): local only; Alexander Kolodin (no): local only; Alma Hernandez (yes): local only; Anna Abeytia (no): local only; Betty J Villegas (yes): local only; Beverly Pingerelli (yes): local only; Brian Garcia (yes): local only; Cesar Aguilar (yes): local only; Chris Lopez (yes): local only; Christopher Mathis (yes): local only; Cody Reim (yes): local only; Consuelo Hernandez (yes): local only; David Livingston (yes): local only; Elda Luna-Nájera (no): local only; Gail Griffin (no): local only; James Taylor (yes): local only; Janeen Connolly (yes): local only; Jeff Weninger (yes): local only; John Gillette (yes): local only; Julie Willoughby (other): local only; Junelle Cavero (yes): local only; Justin Olson (no): local only; Justin Wilmeth (yes): local only; Kevin Volk (yes): local only; Khyl Powell (yes): local only; Laurin Hendrix (no): local only; Leo Biasiucci (yes): local only; Lisa Fink (no): local only; Lorena Austin (yes): local only; Lupe Contreras (yes): local only; Lupe Diaz (yes): local only; Lydia Hernandez (no): local only; Mae Peshlakai (other): local only; Mariana Sandoval (yes): local only; Matt Gress (yes): local only; Michael Carbone (yes): local only; Michael Way (yes): local only; Michele Peña (yes): local only; Myron Tsosie (other): local only; Nancy Gutierrez (other): local only; Neal Carter (yes): local only; Nick Kupper (yes): local only; Oscar De Los Santos (yes): local only; Pamela Carter (yes): local only; Patty Contreras (yes): local only; Quang H Nguyen (yes): local only; Quantá Crews (yes): local only; Rachel Keshel (no): local only; Ralph Heap (no): local only; Sarah Liguori (yes): local only; Selina Bliss (yes): local only; Seth Blattman (other): local only; Stacey Travers (yes): local only; Stephanie Simacek (no): local only; Stephanie Stahl Hamilton (yes): local only; Steve Montenegro (yes): local only; Sylvia Allen (yes): local only; Teresa Martinez (yes): local only; Tony Rivero (yes): local only; Walt Blackman (other): local only | 21 other local bill(s) share this signature on 2026-06-12]
  [32m✓[0m  AZ HB 2305 (57th-2nd-regular): sponsorship count matches (1)
  [32m✓[0m  AZ HB 2314 (57th-2nd-regular): title matches
  [32m✓[0m  AZ HB 2314 (57th-2nd-regular): latest_action matches
  [32m✓[0m  AZ HB 2314 (57th-2nd-regular): vote event count matches (0)
  [32m✓[0m  AZ HB 2314 (57th-2nd-regular): sponsorship count matches (1)
  [32m✓[0m  AZ HB 2315 (57th-2nd-regular): title matches
  [32m✓[0m  AZ HB 2315 (57th-2nd-regular): latest_action matches
  [32m✓[0m  AZ HB 2315 (57th-2nd-regular): vote event count matches (0)
  [32m✓[0m  AZ HB 2315 (57th-2nd-regular): sponsorship count matches (1)
  [32m✓[0m  AZ HB 2317 (57th-2nd-regular): title matches
  [32m✓[0m  AZ HB 2317 (57th-2nd-regular): latest_action matches
  [32m✓[0m  AZ HB 2317 (57th-2nd-regular): vote event count matches (0)
  [32m✓[0m  AZ HB 2317 (57th-2nd-regular): sponsorship count matches (20)
  [32m✓[0m  AZ HB 2318 (57th-2nd-regular): title matches
  [32m✓[0m  AZ HB 2318 (57th-2nd-regular): latest_action matches
  [32m✓[0m  AZ HB 2318 (57th-2nd-regular): vote event count matches (2)
  [32m✓[0m  AZ HB 2318 (57th-2nd-regular): vote tally matches on 2026-02-23 ({'yes': 0, 'no': 0, 'other': 0, 'absent': 0, 'excused': 0, 'not voting': 0})
  [32m✓[0m  AZ HB 2318 (57th-2nd-regular): vote tally matches on 2026-02-24 ({'yes': 33, 'no': 23, 'other': 0, 'absent': 0, 'excused': 0, 'not voting': 4})
  [32m✓[0m  AZ HB 2318 (57th-2nd-regular): sponsorship count matches (7)
  [32m✓[0m  AZ HB 2327 (57th-2nd-regular): title matches
  [32m✓[0m  AZ HB 2327 (57th-2nd-regular): latest_action matches
  [32m✓[0m  AZ HB 2327 (57th-2nd-regular): vote event count matches (6)
  [32m✓[0m  AZ HB 2327 (57th-2nd-regular): vote tally matches on 2026-02-24 ({'yes': 0, 'no': 0, 'other': 0, 'absent': 0, 'excused': 0, 'not voting': 0})
  [32m✓[0m  AZ HB 2327 (57th-2nd-regular): vote tally matches on 2026-03-03 ({'yes': 54, 'no': 2, 'other': 0, 'absent': 0, 'excused': 0, 'not voting': 3})
  [32m✓[0m  AZ HB 2327 (57th-2nd-regular): vote tally matches on 2026-04-13 ({'yes': 26, 'no': 0, 'other': 0, 'absent': 0, 'excused': 0, 'not voting': 4})
  [32m✓[0m  AZ HB 2327 (57th-2nd-regular): vote tally matches on 2026-04-13 ({'yes': 0, 'no': 0, 'other': 0, 'absent': 0, 'excused': 0, 'not voting': 0})
  [32m✓[0m  AZ HB 2327 (57th-2nd-regular): vote tally matches on 2026-06-09 ({'yes': 53, 'no': 2, 'other': 0, 'absent': 0, 'excused': 0, 'not voting': 5})
  [32m✓[0m  AZ HB 2327 (57th-2nd-regular): vote tally matches on 2026-06-09 ({'yes': 0, 'no': 0, 'other': 0, 'absent': 0, 'excused': 0, 'not voting': 0})
  [32m✓[0m  AZ HB 2327 (57th-2nd-regular): sponsorship count matches (1)
  [32m✓[0m  AZ HB 2330 (57th-2nd-regular): title matches
  [32m✓[0m  AZ HB 2330 (57th-2nd-regular): latest_action matches
  [32m✓[0m  AZ HB 2330 (57th-2nd-regular): vote event count matches (2)
  [32m✓[0m  AZ HB 2330 (57th-2nd-regular): vote tally matches on 2026-02-25 ({'yes': 0, 'no': 0, 'other': 0, 'absent': 0, 'excused': 0, 'not voting': 0})
  [32m✓[0m  AZ HB 2330 (57th-2nd-regular): vote tally matches on 2026-02-26 ({'yes': 31, 'no': 22, 'other': 0, 'absent': 0, 'excused': 0, 'not voting': 7})
  [32m✓[0m  AZ HB 2330 (57th-2nd-regular): sponsorship count matches (2)
  [32m✓[0m  AZ HB 2338 (57th-2nd-regular): title matches
  [32m✓[0m  AZ HB 2338 (57th-2nd-regular): latest_action matches
  [32m✓[0m  AZ HB 2338 (57th-2nd-regular): vote event count matches (0)
  [32m✓[0m  AZ HB 2338 (57th-2nd-regular): sponsorship count matches (2)
    ...75/500
  [32m✓[0m  AZ HB 2342 (57th-2nd-regular): title matches
  [32m✓[0m  AZ HB 2342 (57th-2nd-regular): latest_action matches
  [32m✓[0m  AZ HB 2342 (57th-2nd-regular): vote event count matches (6)
  [32m✓[0m  AZ HB 2342 (57th-2nd-regular): vote tally matches on 2026-03-04 ({'yes': 0, 'no': 0, 'other': 0, 'absent': 0, 'excused': 0, 'not voting': 0})
  [32m✓[0m  AZ HB 2342 (57th-2nd-regular): vote tally matches on 2026-03-05 ({'yes': 45, 'no': 5, 'other': 0, 'absent': 0, 'excused': 0, 'not voting': 9})
  [32m✓[0m  AZ HB 2342 (57th-2nd-regular): vote tally matches on 2026-04-15 ({'yes': 0, 'no': 0, 'other': 0, 'absent': 0, 'excused': 0, 'not voting': 0})
  [32m✓[0m  AZ HB 2342 (57th-2nd-regular): vote tally matches on 2026-04-15 ({'yes': 28, 'no': 0, 'other': 0, 'absent': 0, 'excused': 0, 'not voting': 2})
  [33m~[0m  AZ HB 2342 (57th-2nd-regular): vote tally differs on 2026-06-01  [local={'yes': 0, 'no': 0, 'other': 0, 'absent': 0, 'excused': 0, 'not voting': 0} live={'yes': 52, 'no': 4, 'other': 0, 'absent': 0, 'excused': 0, 'not voting': 4} | Aaron Márquez (yes): live only; Alexander Kolodin (no): live only; Alma Hernandez (yes): live only; Anna Abeytia (yes): live only; Betty J Villegas (yes): live only; Beverly Pingerelli (yes): live only; Brian Garcia (yes): live only; Cesar Aguilar (yes): live only; Chris Lopez (yes): live only; Christopher Mathis (yes): live only; Cody Reim (yes): live only; Consuelo Hernandez (yes): live only; David Livingston (other): live only; Elda Luna-Nájera (yes): live only; Gail Griffin (yes): live only; James Taylor (yes): live only; Janeen Connolly (yes): live only; Jeff Weninger (yes): live only; John Gillette (no): live only; Julie Willoughby (yes): live only; Junelle Cavero (yes): live only; Justin Olson (yes): live only; Justin Wilmeth (yes): live only; Kevin Volk (yes): live only; Khyl Powell (yes): live only; Laurin Hendrix (other): live only; Leo Biasiucci (yes): live only; Lisa Fink (yes): live only; Lorena Austin (yes): live only; Lupe Contreras (yes): live only; Lupe Diaz (no): live only; Lydia Hernandez (yes): live only; Mae Peshlakai (yes): live only; Mariana Sandoval (yes): live only; Matt Gress (yes): live only; Michael Carbone (yes): live only; Michael Way (yes): live only; Michele Peña (yes): live only; Myron Tsosie (other): live only; Nancy Gutierrez (yes): live only; Neal Carter (yes): live only; Nick Kupper (yes): live only; Oscar De Los Santos (yes): live only; Pamela Carter (yes): live only; Patty Contreras (yes): live only; Quang H Nguyen (yes): live only; Quantá Crews (yes): live only; Rachel Keshel (yes): live only; Ralph Heap (yes): live only; Sarah Liguori (yes): live only; Selina Bliss (yes): live only; Seth Blattman (yes): live only; Stacey Travers (yes): live only; Stephanie Simacek (yes): live only; Stephanie Stahl Hamilton (yes): live only; Steve Montenegro (no): live only; Sylvia Allen (yes): live only; Teresa Martinez (yes): live only; Tony Rivero (yes): live only; Walt Blackman (other): live only | 28 other local bill(s) share this signature on 2026-06-01]
  [33m~[0m  AZ HB 2342 (57th-2nd-regular): vote tally differs on 2026-06-01  [local={'yes': 52, 'no': 4, 'other': 0, 'absent': 0, 'excused': 0, 'not voting': 4} live={'yes': 0, 'no': 0, 'other': 0, 'absent': 0, 'excused': 0, 'not voting': 0} | Aaron Márquez (yes): local only; Alexander Kolodin (no): local only; Alma Hernandez (yes): local only; Anna Abeytia (yes): local only; Betty J Villegas (yes): local only; Beverly Pingerelli (yes): local only; Brian Garcia (yes): local only; Cesar Aguilar (yes): local only; Chris Lopez (yes): local only; Christopher Mathis (yes): local only; Cody Reim (yes): local only; Consuelo Hernandez (yes): local only; David Livingston (other): local only; Elda Luna-Nájera (yes): local only; Gail Griffin (yes): local only; James Taylor (yes): local only; Janeen Connolly (yes): local only; Jeff Weninger (yes): local only; John Gillette (no): local only; Julie Willoughby (yes): local only; Junelle Cavero (yes): local only; Justin Olson (yes): local only; Justin Wilmeth (yes): local only; Kevin Volk (yes): local only; Khyl Powell (yes): local only; Laurin Hendrix (other): local only; Leo Biasiucci (yes): local only; Lisa Fink (yes): local only; Lorena Austin (yes): local only; Lupe Contreras (yes): local only; Lupe Diaz (no): local only; Lydia Hernandez (yes): local only; Mae Peshlakai (yes): local only; Mariana Sandoval (yes): local only; Matt Gress (yes): local only; Michael Carbone (yes): local only; Michael Way (yes): local only; Michele Peña (yes): local only; Myron Tsosie (other): local only; Nancy Gutierrez (yes): local only; Neal Carter (yes): local only; Nick Kupper (yes): local only; Oscar De Los Santos (yes): local only; Pamela Carter (yes): local only; Patty Contreras (yes): local only; Quang H Nguyen (yes): local only; Quantá Crews (yes): local only; Rachel Keshel (yes): local only; Ralph Heap (yes): local only; Sarah Liguori (yes): local only; Selina Bliss (yes): local only; Seth Blattman (yes): local only; Stacey Travers (yes): local only; Stephanie Simacek (yes): local only; Stephanie Stahl Hamilton (yes): local only; Steve Montenegro (no): local only; Sylvia Allen (yes): local only; Teresa Martinez (yes): local only; Tony Rivero (yes): local only; Walt Blackman (other): local only | 28 other local bill(s) share this signature on 2026-06-01]
  [32m✓[0m  AZ HB 2342 (57th-2nd-regular): sponsorship count matches (3)
  [32m✓[0m  AZ HB 2354 (57th-2nd-regular): title matches
  [32m✓[0m  AZ HB 2354 (57th-2nd-regular): latest_action matches
  [32m✓[0m  AZ HB 2354 (57th-2nd-regular): vote event count matches (0)
  [32m✓[0m  AZ HB 2354 (57th-2nd-regular): sponsorship count matches (6)
  [32m✓[0m  AZ HB 2355 (57th-2nd-regular): title matches
  [32m✓[0m  AZ HB 2355 (57th-2nd-regular): latest_action matches
  [32m✓[0m  AZ HB 2355 (57th-2nd-regular): vote event count matches (0)
  [32m✓[0m  AZ HB 2355 (57th-2nd-regular): sponsorship count matches (6)
  [32m✓[0m  AZ HB 2360 (57th-2nd-regular): title matches
  [32m✓[0m  AZ HB 2360 (57th-2nd-regular): latest_action matches
  [32m✓[0m  AZ HB 2360 (57th-2nd-regular): vote event count matches (0)
  [32m✓[0m  AZ HB 2360 (57th-2nd-regular): sponsorship count matches (7)
  [32m✓[0m  AZ HB 2370 (57th-2nd-regular): title matches
  [32m✓[0m  AZ HB 2370 (57th-2nd-regular): latest_action matches
  [32m✓[0m  AZ HB 2370 (57th-2nd-regular): vote event count matches (3)
  [32m✓[0m  AZ HB 2370 (57th-2nd-regular): vote tally matches on 2026-02-25 ({'yes': 0, 'no': 0, 'other': 0, 'absent': 0, 'excused': 0, 'not voting': 0})
  [32m✓[0m  AZ HB 2370 (57th-2nd-regular): vote tally matches on 2026-02-26 ({'yes': 37, 'no': 16, 'other': 0, 'absent': 0, 'excused': 0, 'not voting': 7})
  [32m✓[0m  AZ HB 2370 (57th-2nd-regular): vote tally matches on 2026-04-08 ({'yes': 21, 'no': 7, 'other': 0, 'absent': 0, 'excused': 0, 'not voting': 2})
  [32m✓[0m  AZ HB 2370 (57th-2nd-regular): sponsorship count matches (4)
  [32m✓[0m  AZ HB 2372 (57th-2nd-regular): title matches
  [32m✓[0m  AZ HB 2372 (57th-2nd-regular): latest_action matches
  [32m✓[0m  AZ HB 2372 (57th-2nd-regular): vote event count matches (0)
  [32m✓[0m  AZ HB 2372 (57th-2nd-regular): sponsorship count matches (7)
  [32m✓[0m  AZ HB 2377 (57th-2nd-regular): title matches
  [32m✓[0m  AZ HB 2377 (57th-2nd-regular): latest_action matches
  [32m✓[0m  AZ HB 2377 (57th-2nd-regular): vote event count matches (0)
  [32m✓[0m  AZ HB 2377 (57th-2nd-regular): sponsorship count matches (6)
  [32m✓[0m  AZ HB 2381 (57th-2nd-regular): title matches
  [32m✓[0m  AZ HB 2381 (57th-2nd-regular): latest_action matches
  [32m✓[0m  AZ HB 2381 (57th-2nd-regular): vote event count matches (1)
  [32m✓[0m  AZ HB 2381 (57th-2nd-regular): vote tally matches on 2026-02-23 ({'yes': 32, 'no': 25, 'other': 0, 'absent': 0, 'excused': 0, 'not voting': 3})
  [32m✓[0m  AZ HB 2381 (57th-2nd-regular): sponsorship count matches (2)
  [32m✓[0m  AZ HB 2384 (57th-2nd-regular): title matches
  [32m✓[0m  AZ HB 2384 (57th-2nd-regular): latest_action matches
  [32m✓[0m  AZ HB 2384 (57th-2nd-regular): vote event count matches (3)
  [32m✓[0m  AZ HB 2384 (57th-2nd-regular): vote tally matches on 2026-02-23 ({'yes': 0, 'no': 0, 'other': 0, 'absent': 0, 'excused': 0, 'not voting': 0})
  [32m✓[0m  AZ HB 2384 (57th-2nd-regular): vote tally matches on 2026-02-24 ({'yes': 0, 'no': 0, 'other': 0, 'absent': 0, 'excused': 0, 'not voting': 0})
  [32m✓[0m  AZ HB 2384 (57th-2nd-regular): vote tally matches on 2026-02-25 ({'yes': 31, 'no': 23, 'other': 0, 'absent': 0, 'excused': 0, 'not voting': 6})
  [32m✓[0m  AZ HB 2384 (57th-2nd-regular): sponsorship count matches (2)
  [32m✓[0m  AZ HB 2388 (57th-2nd-regular): title matches
  [32m✓[0m  AZ HB 2388 (57th-2nd-regular): latest_action matches
  [32m✓[0m  AZ HB 2388 (57th-2nd-regular): vote event count matches (3)
  [32m✓[0m  AZ HB 2388 (57th-2nd-regular): vote tally matches on 2026-02-24 ({'yes': 0, 'no': 0, 'other': 0, 'absent': 0, 'excused': 0, 'not voting': 0})
  [32m✓[0m  AZ HB 2388 (57th-2nd-regular): vote tally matches on 2026-03-10 ({'yes': 0, 'no': 0, 'other': 0, 'absent': 0, 'excused': 0, 'not voting': 0})
  [32m✓[0m  AZ HB 2388 (57th-2nd-regular): vote tally matches on 2026-03-11 ({'yes': 23, 'no': 29, 'other': 0, 'absent': 0, 'excused': 0, 'not voting': 7})
  [32m✓[0m  AZ HB 2388 (57th-2nd-regular): sponsorship count matches (1)
  [32m✓[0m  AZ HB 2390 (57th-2nd-regular): title matches
  [32m✓[0m  AZ HB 2390 (57th-2nd-regular): latest_action matches
  [32m✓[0m  AZ HB 2390 (57th-2nd-regular): vote event count matches (0)
  [32m✓[0m  AZ HB 2390 (57th-2nd-regular): sponsorship count matches (15)
  [32m✓[0m  AZ HB 2395 (57th-2nd-regular): title matches
  [32m✓[0m  AZ HB 2395 (57th-2nd-regular): latest_action matches
  [32m✓[0m  AZ HB 2395 (57th-2nd-regular): vote event count matches (3)
  [32m✓[0m  AZ HB 2395 (57th-2nd-regular): vote tally matches on 2026-02-05 ({'yes': 0, 'no': 0, 'other': 0, 'absent': 0, 'excused': 0, 'not voting': 0})
  [32m✓[0m  AZ HB 2395 (57th-2nd-regular): vote tally matches on 2026-02-09 ({'yes': 59, 'no': 0, 'other': 0, 'absent': 0, 'excused': 0, 'not voting': 1})
  [32m✓[0m  AZ HB 2395 (57th-2nd-regular): vote tally matches on 2026-04-07 ({'yes': 28, 'no': 1, 'other': 0, 'absent': 0, 'excused': 0, 'not voting': 1})
  [32m✓[0m  AZ HB 2395 (57th-2nd-regular): sponsorship count matches (4)
  [32m✓[0m  AZ HB 2397 (57th-2nd-regular): title matches
  [32m✓[0m  AZ HB 2397 (57th-2nd-regular): latest_action matches
  [32m✓[0m  AZ HB 2397 (57th-2nd-regular): vote event count matches (8)
  [32m✓[0m  AZ HB 2397 (57th-2nd-regular): vote tally matches on 2026-02-25 ({'yes': 0, 'no': 0, 'other': 0, 'absent': 0, 'excused': 0, 'not voting': 0})
  [32m✓[0m  AZ HB 2397 (57th-2nd-regular): vote tally matches on 2026-03-03 ({'yes': 52, 'no': 3, 'other': 0, 'absent': 0, 'excused': 0, 'not voting': 4})
  [32m✓[0m  AZ HB 2397 (57th-2nd-regular): vote tally matches on 2026-03-03 ({'yes': 0, 'no': 0, 'other': 0, 'absent': 0, 'excused': 0, 'not voting': 0})
  [32m✓[0m  AZ HB 2397 (57th-2nd-regular): vote tally matches on 2026-06-10 ({'yes': 0, 'no': 0, 'other': 0, 'absent': 0, 'excused': 0, 'not voting': 0})
  [32m✓[0m  AZ HB 2397 (57th-2nd-regular): vote tally matches on 2026-06-11 ({'yes': 0, 'no': 0, 'other': 0, 'absent': 0, 'excused': 0, 'not voting': 0})
  [33m~[0m  AZ HB 2397 (57th-2nd-regular): vote tally differs on 2026-06-12  [local={'yes': 29, 'no': 0, 'other': 0, 'absent': 0, 'excused': 0, 'not voting': 1} live={'yes': 0, 'no': 0, 'other': 0, 'absent': 0, 'excused': 0, 'not voting': 0} | Analise Ortiz (yes): local only; Brian Fernandez (yes): local only; Carine Werner (yes): local only; Catherine Miranda (yes): local only; David C. Farnsworth (yes): local only; David Gowan (yes): local only; Denise “Mitzi” Epstein (yes): local only; Eva Diaz (yes): local only; Flavio Bravo (yes): local only; Frank Carroll (yes): local only; Hildy Angius (yes): local only; J.D. Mesnard (yes): local only; Jake Hoffman (yes): local only; Janae Shamp (other): local only; John Kavanagh (yes): local only; Kevin Payne (yes): local only; Kiana Sears (yes): local only; Lauren Kuby (yes): local only; Lela Alston (yes): local only; Mark Finchem (yes): local only; Priya Sundareshan (yes): local only; Rosanna Gabaldón (yes): local only; Sally Ann Gonzales (yes): local only; Shawnna Bolick (yes): local only; Theresa Hatathlie (yes): local only; Thomas "T.J." Shope (yes): local only; Timothy "Tim" Dunn (yes): local only; Venden "Vince" Leach (yes): local only; Warren Petersen (yes): local only; Wendy Rogers (yes): local only | 47 other local bill(s) share this signature on 2026-06-12]
  [33m~[0m  AZ HB 2397 (57th-2nd-regular): vote tally differs on 2026-06-12  [local={'yes': 0, 'no': 0, 'other': 0, 'absent': 0, 'excused': 0, 'not voting': 0} live={'yes': 29, 'no': 0, 'other': 0, 'absent': 0, 'excused': 0, 'not voting': 1} | Analise Ortiz (yes): live only; Brian Fernandez (yes): live only; Carine Werner (yes): live only; Catherine Miranda (yes): live only; David C. Farnsworth (yes): live only; David Gowan (yes): live only; Denise “Mitzi” Epstein (yes): live only; Eva Diaz (yes): live only; Flavio Bravo (yes): live only; Frank Carroll (yes): live only; Hildy Angius (yes): live only; J.D. Mesnard (yes): live only; Jake Hoffman (yes): live only; Janae Shamp (other): live only; John Kavanagh (yes): live only; Kevin Payne (yes): live only; Kiana Sears (yes): live only; Lauren Kuby (yes): live only; Lela Alston (yes): live only; Mark Finchem (yes): live only; Priya Sundareshan (yes): live only; Rosanna Gabaldón (yes): live only; Sally Ann Gonzales (yes): live only; Shawnna Bolick (yes): live only; Theresa Hatathlie (yes): live only; Thomas "T.J." Shope (yes): live only; Timothy "Tim" Dunn (yes): live only; Venden "Vince" Leach (yes): live only; Warren Petersen (yes): live only; Wendy Rogers (yes): live only | 47 other local bill(s) share this signature on 2026-06-12]
  [32m✓[0m  AZ HB 2397 (57th-2nd-regular): vote tally matches on 2026-06-13 ({'yes': 47, 'no': 5, 'other': 0, 'absent': 0, 'excused': 0, 'not voting': 8})
  [32m✓[0m  AZ HB 2397 (57th-2nd-regular): sponsorship count matches (1)
  [32m✓[0m  AZ HB 2398 (57th-2nd-regular): title matches
  [32m✓[0m  AZ HB 2398 (57th-2nd-regular): latest_action matches
  [32m✓[0m  AZ HB 2398 (57th-2nd-regular): vote event count matches (7)
  [32m✓[0m  AZ HB 2398 (57th-2nd-regular): vote tally matches on 2026-02-23 ({'yes': 0, 'no': 0, 'other': 0, 'absent': 0, 'excused': 0, 'not voting': 0})
  [32m✓[0m  AZ HB 2398 (57th-2nd-regular): vote tally matches on 2026-02-24 ({'yes': 42, 'no': 13, 'other': 0, 'absent': 0, 'excused': 0, 'not voting': 5})
  [32m✓[0m  AZ HB 2398 (57th-2nd-regular): vote tally matches on 2026-06-01 ({'yes': 0, 'no': 0, 'other': 0, 'absent': 0, 'excused': 0, 'not voting': 0})
  [32m✓[0m  AZ HB 2398 (57th-2nd-regular): vote tally matches on 2026-06-10 ({'yes': 0, 'no': 0, 'other': 0, 'absent': 0, 'excused': 0, 'not voting': 0})
  [33m~[0m  AZ HB 2398 (57th-2nd-regular): vote tally differs on 2026-06-12  [local={'yes': 26, 'no': 3, 'other': 0, 'absent': 0, 'excused': 0, 'not voting': 1} live={'yes': 0, 'no': 0, 'other': 0, 'absent': 0, 'excused': 0, 'not voting': 0} | Analise Ortiz (yes): local only; Brian Fernandez (yes): local only; Carine Werner (yes): local only; Catherine Miranda (yes): local only; David C. Farnsworth (no): local only; David Gowan (yes): local only; Denise “Mitzi” Epstein (yes): local only; Eva Diaz (yes): local only; Flavio Bravo (yes): local only; Frank Carroll (yes): local only; Hildy Angius (yes): local only; J.D. Mesnard (yes): local only; Jake Hoffman (no): local only; Janae Shamp (other): local only; John Kavanagh (yes): local only; Kevin Payne (yes): local only; Kiana Sears (yes): local only; Lauren Kuby (yes): local only; Lela Alston (yes): local only; Mark Finchem (yes): local only; Priya Sundareshan (yes): local only; Rosanna Gabaldón (yes): local only; Sally Ann Gonzales (yes): local only; Shawnna Bolick (yes): local only; Theresa Hatathlie (yes): local only; Thomas "T.J." Shope (yes): local only; Timothy "Tim" Dunn (yes): local only; Venden "Vince" Leach (yes): local only; Warren Petersen (no): local only; Wendy Rogers (yes): local only | 47 other local bill(s) share this signature on 2026-06-12]
  [33m~[0m  AZ HB 2398 (57th-2nd-regular): vote tally differs on 2026-06-12  [local={'yes': 0, 'no': 0, 'other': 0, 'absent': 0, 'excused': 0, 'not voting': 0} live={'yes': 26, 'no': 3, 'other': 0, 'absent': 0, 'excused': 0, 'not voting': 1} | Analise Ortiz (yes): live only; Brian Fernandez (yes): live only; Carine Werner (yes): live only; Catherine Miranda (yes): live only; David C. Farnsworth (no): live only; David Gowan (yes): live only; Denise “Mitzi” Epstein (yes): live only; Eva Diaz (yes): live only; Flavio Bravo (yes): live only; Frank Carroll (yes): live only; Hildy Angius (yes): live only; J.D. Mesnard (yes): live only; Jake Hoffman (no): live only; Janae Shamp (other): live only; John Kavanagh (yes): live only; Kevin Payne (yes): live only; Kiana Sears (yes): live only; Lauren Kuby (yes): live only; Lela Alston (yes): live only; Mark Finchem (yes): live only; Priya Sundareshan (yes): live only; Rosanna Gabaldón (yes): live only; Sally Ann Gonzales (yes): live only; Shawnna Bolick (yes): live only; Theresa Hatathlie (yes): live only; Thomas "T.J." Shope (yes): live only; Timothy "Tim" Dunn (yes): live only; Venden "Vince" Leach (yes): live only; Warren Petersen (no): live only; Wendy Rogers (yes): live only | 47 other local bill(s) share this signature on 2026-06-12]
  [32m✓[0m  AZ HB 2398 (57th-2nd-regular): vote tally matches on 2026-06-13 ({'yes': 21, 'no': 32, 'other': 0, 'absent': 0, 'excused': 0, 'not voting': 7})
  [32m✓[0m  AZ HB 2398 (57th-2nd-regular): sponsorship count matches (3)
  [32m✓[0m  AZ HB 2404 (57th-2nd-regular): title matches
  [32m✓[0m  AZ HB 2404 (57th-2nd-regular): latest_action matches
  [32m✓[0m  AZ HB 2404 (57th-2nd-regular): vote event count matches (6)
  [32m✓[0m  AZ HB 2404 (57th-2nd-regular): vote tally matches on 2026-03-03 ({'yes': 0, 'no': 0, 'other': 0, 'absent': 0, 'excused': 0, 'not voting': 0})
  [32m✓[0m  AZ HB 2404 (57th-2nd-regular): vote tally matches on 2026-03-04 ({'yes': 53, 'no': 0, 'other': 0, 'absent': 0, 'excused': 0, 'not voting': 6})
  [32m✓[0m  AZ HB 2404 (57th-2nd-regular): vote tally matches on 2026-06-09 ({'yes': 0, 'no': 0, 'other': 0, 'absent': 0, 'excused': 0, 'not voting': 0})
  [32m✓[0m  AZ HB 2404 (57th-2nd-regular): vote tally matches on 2026-06-09 ({'yes': 28, 'no': 1, 'other': 0, 'absent': 0, 'excused': 0, 'not voting': 1})
  [33m~[0m  AZ HB 2404 (57th-2nd-regular): vote tally differs on 2026-06-10  [local={'yes': 50, 'no': 1, 'other': 0, 'absent': 0, 'excused': 0, 'not voting': 9} live={'yes': 0, 'no': 0, 'other': 0, 'absent': 0, 'excused': 0, 'not voting': 0} | Aaron Márquez (yes): local only; Alexander Kolodin (yes): local only; Alma Hernandez (yes): local only; Anna Abeytia (yes): local only; Betty J Villegas (yes): local only; Beverly Pingerelli (yes): local only; Brian Garcia (yes): local only; Cesar Aguilar (yes): local only; Chris Lopez (yes): local only; Christopher Mathis (yes): local only; Cody Reim (yes): local only; Consuelo Hernandez (yes): local only; David Livingston (yes): local only; Elda Luna-Nájera (yes): local only; Gail Griffin (yes): local only; James Taylor (other): local only; Janeen Connolly (yes): local only; Jeff Weninger (yes): local only; John Gillette (yes): local only; Julie Willoughby (yes): local only; Junelle Cavero (yes): local only; Justin Olson (yes): local only; Justin Wilmeth (other): local only; Kevin Volk (yes): local only; Khyl Powell (no): local only; Laurin Hendrix (yes): local only; Leo Biasiucci (yes): local only; Lisa Fink (yes): local only; Lorena Austin (yes): local only; Lupe Contreras (yes): local only; Lupe Diaz (yes): local only; Lydia Hernandez (yes): local only; Mae Peshlakai (yes): local only; Mariana Sandoval (yes): local only; Matt Gress (yes): local only; Michael Carbone (yes): local only; Michael Way (other): local only; Michele Peña (yes): local only; Myron Tsosie (yes): local only; Nancy Gutierrez (other): local only; Neal Carter (yes): local only; Nick Kupper (other): local only; Oscar De Los Santos (other): local only; Pamela Carter (yes): local only; Patty Contreras (yes): local only; Quang H Nguyen (yes): local only; Quantá Crews (other): local only; Rachel Keshel (yes): local only; Ralph Heap (yes): local only; Sarah Liguori (yes): local only; Selina Bliss (yes): local only; Seth Blattman (other): local only; Stacey Travers (yes): local only; Stephanie Simacek (yes): local only; Stephanie Stahl Hamilton (other): local only; Steve Montenegro (yes): local only; Sylvia Allen (yes): local only; Teresa Martinez (yes): local only; Tony Rivero (yes): local only; Walt Blackman (yes): local only | 6 other local bill(s) share this signature on 2026-06-10]
  [33m~[0m  AZ HB 2404 (57th-2nd-regular): vote tally differs on 2026-06-10  [local={'yes': 0, 'no': 0, 'other': 0, 'absent': 0, 'excused': 0, 'not voting': 0} live={'yes': 50, 'no': 1, 'other': 0, 'absent': 0, 'excused': 0, 'not voting': 9} | Aaron Márquez (yes): live only; Alexander Kolodin (yes): live only; Alma Hernandez (yes): live only; Anna Abeytia (yes): live only; Betty J Villegas (yes): live only; Beverly Pingerelli (yes): live only; Brian Garcia (yes): live only; Cesar Aguilar (yes): live only; Chris Lopez (yes): live only; Christopher Mathis (yes): live only; Cody Reim (yes): live only; Consuelo Hernandez (yes): live only; David Livingston (yes): live only; Elda Luna-Nájera (yes): live only; Gail Griffin (yes): live only; James Taylor (other): live only; Janeen Connolly (yes): live only; Jeff Weninger (yes): live only; John Gillette (yes): live only; Julie Willoughby (yes): live only; Junelle Cavero (yes): live only; Justin Olson (yes): live only; Justin Wilmeth (other): live only; Kevin Volk (yes): live only; Khyl Powell (no): live only; Laurin Hendrix (yes): live only; Leo Biasiucci (yes): live only; Lisa Fink (yes): live only; Lorena Austin (yes): live only; Lupe Contreras (yes): live only; Lupe Diaz (yes): live only; Lydia Hernandez (yes): live only; Mae Peshlakai (yes): live only; Mariana Sandoval (yes): live only; Matt Gress (yes): live only; Michael Carbone (yes): live only; Michael Way (other): live only; Michele Peña (yes): live only; Myron Tsosie (yes): live only; Nancy Gutierrez (other): live only; Neal Carter (yes): live only; Nick Kupper (other): live only; Oscar De Los Santos (other): live only; Pamela Carter (yes): live only; Patty Contreras (yes): live only; Quang H Nguyen (yes): live only; Quantá Crews (other): live only; Rachel Keshel (yes): live only; Ralph Heap (yes): live only; Sarah Liguori (yes): live only; Selina Bliss (yes): live only; Seth Blattman (other): live only; Stacey Travers (yes): live only; Stephanie Simacek (yes): live only; Stephanie Stahl Hamilton (other): live only; Steve Montenegro (yes): live only; Sylvia Allen (yes): live only; Teresa Martinez (yes): live only; Tony Rivero (yes): live only; Walt Blackman (yes): live only | 6 other local bill(s) share this signature on 2026-06-10]
  [32m✓[0m  AZ HB 2404 (57th-2nd-regular): sponsorship count matches (1)
  [32m✓[0m  AZ HB 2405 (57th-2nd-regular): title matches
  [32m✓[0m  AZ HB 2405 (57th-2nd-regular): latest_action matches
  [32m✓[0m  AZ HB 2405 (57th-2nd-regular): vote event count matches (0)
  [32m✓[0m  AZ HB 2405 (57th-2nd-regular): sponsorship count matches (1)
  [32m✓[0m  AZ HB 2408 (57th-2nd-regular): title matches
  [32m✓[0m  AZ HB 2408 (57th-2nd-regular): latest_action matches
  [32m✓[0m  AZ HB 2408 (57th-2nd-regular): vote event count matches (6)
  [32m✓[0m  AZ HB 2408 (57th-2nd-regular): vote tally matches on 2026-03-03 ({'yes': 0, 'no': 0, 'other': 0, 'absent': 0, 'excused': 0, 'not voting': 0})
  [32m✓[0m  AZ HB 2408 (57th-2nd-regular): vote tally matches on 2026-03-03 ({'yes': 41, 'no': 14, 'other': 0, 'absent': 0, 'excused': 0, 'not voting': 4})
  [32m✓[0m  AZ HB 2408 (57th-2nd-regular): vote tally matches on 2026-06-11 ({'yes': 0, 'no': 0, 'other': 0, 'absent': 0, 'excused': 0, 'not voting': 0})
  [32m✓[0m  AZ HB 2408 (57th-2nd-regular): vote tally matches on 2026-06-12 ({'yes': 0, 'no': 0, 'other': 0, 'absent': 0, 'excused': 0, 'not voting': 0})
  [32m✓[0m  AZ HB 2408 (57th-2nd-regular): vote tally matches on 2026-06-12 ({'yes': 23, 'no': 6, 'other': 0, 'absent': 0, 'excused': 0, 'not voting': 1})
  [32m✓[0m  AZ HB 2408 (57th-2nd-regular): vote tally matches on 2026-06-13 ({'yes': 42, 'no': 11, 'other': 0, 'absent': 0, 'excused': 0, 'not voting': 7})
  [32m✓[0m  AZ HB 2408 (57th-2nd-regular): sponsorship count matches (1)
  [32m✓[0m  AZ HB 2414 (57th-2nd-regular): title matches
  [32m✓[0m  AZ HB 2414 (57th-2nd-regular): latest_action matches
  [32m✓[0m  AZ HB 2414 (57th-2nd-regular): vote event count matches (0)
  [32m✓[0m  AZ HB 2414 (57th-2nd-regular): sponsorship count matches (1)
  [32m✓[0m  AZ HB 2418 (57th-2nd-regular): title matches
  [32m✓[0m  AZ HB 2418 (57th-2nd-regular): latest_action matches
  [32m✓[0m  AZ HB 2418 (57th-2nd-regular): vote event count matches (2)
  [32m✓[0m  AZ HB 2418 (57th-2nd-regular): vote tally matches on 2026-02-24 ({'yes': 0, 'no': 0, 'other': 0, 'absent': 0, 'excused': 0, 'not voting': 0})
  [32m✓[0m  AZ HB 2418 (57th-2nd-regular): vote tally matches on 2026-02-25 ({'yes': 54, 'no': 0, 'other': 0, 'absent': 0, 'excused': 0, 'not voting': 6})
  [32m✓[0m  AZ HB 2418 (57th-2nd-regular): sponsorship count matches (1)
  [32m✓[0m  AZ HB 2421 (57th-2nd-regular): title matches
  [32m✓[0m  AZ HB 2421 (57th-2nd-regular): latest_action matches
  [32m✓[0m  AZ HB 2421 (57th-2nd-regular): vote event count matches (0)
  [32m✓[0m  AZ HB 2421 (57th-2nd-regular): sponsorship count matches (1)
  [32m✓[0m  AZ HB 2426 (57th-2nd-regular): title matches
  [32m✓[0m  AZ HB 2426 (57th-2nd-regular): latest_action matches
  [32m✓[0m  AZ HB 2426 (57th-2nd-regular): vote event count matches (6)
  [32m✓[0m  AZ HB 2426 (57th-2nd-regular): vote tally matches on 2026-02-23 ({'yes': 0, 'no': 0, 'other': 0, 'absent': 0, 'excused': 0, 'not voting': 0})
  [32m✓[0m  AZ HB 2426 (57th-2nd-regular): vote tally matches on 2026-02-25 ({'yes': 30, 'no': 24, 'other': 0, 'absent': 0, 'excused': 0, 'not voting': 6})
  [32m✓[0m  AZ HB 2426 (57th-2nd-regular): vote tally matches on 2026-03-02 ({'yes': 0, 'no': 0, 'other': 0, 'absent': 0, 'excused': 0, 'not voting': 0})
  [32m✓[0m  AZ HB 2426 (57th-2nd-regular): vote tally matches on 2026-03-03 ({'yes': 32, 'no': 22, 'other': 0, 'absent': 0, 'excused': 0, 'not voting': 5})
  [32m✓[0m  AZ HB 2426 (57th-2nd-regular): vote tally matches on 2026-03-03 ({'yes': 0, 'no': 0, 'other': 0, 'absent': 0, 'excused': 0, 'not voting': 0})
  [32m✓[0m  AZ HB 2426 (57th-2nd-regular): vote tally matches on 2026-03-03 ({'yes': 0, 'no': 0, 'other': 0, 'absent': 0, 'excused': 0, 'not voting': 0})
  [32m✓[0m  AZ HB 2426 (57th-2nd-regular): sponsorship count matches (4)
  [32m✓[0m  AZ HB 2430 (57th-2nd-regular): title matches
  [32m✓[0m  AZ HB 2430 (57th-2nd-regular): latest_action matches
  [32m✓[0m  AZ HB 2430 (57th-2nd-regular): vote event count matches (0)
  [32m✓[0m  AZ HB 2430 (57th-2nd-regular): sponsorship count matches (1)
  [32m✓[0m  AZ HB 2435 (57th-2nd-regular): title matches
  [32m✓[0m  AZ HB 2435 (57th-2nd-regular): latest_action matches
  [32m✓[0m  AZ HB 2435 (57th-2nd-regular): vote event count matches (2)
  [32m✓[0m  AZ HB 2435 (57th-2nd-regular): vote tally matches on 2026-02-24 ({'yes': 0, 'no': 0, 'other': 0, 'absent': 0, 'excused': 0, 'not voting': 0})
  [32m✓[0m  AZ HB 2435 (57th-2nd-regular): vote tally matches on 2026-03-11 ({'yes': 20, 'no': 31, 'other': 0, 'absent': 0, 'excused': 0, 'not voting': 8})
  [32m✓[0m  AZ HB 2435 (57th-2nd-regular): sponsorship count matches (1)
  [32m✓[0m  AZ HB 2442 (57th-2nd-regular): title matches
  [32m✓[0m  AZ HB 2442 (57th-2nd-regular): latest_action matches
  [32m✓[0m  AZ HB 2442 (57th-2nd-regular): vote event count matches (1)
  [32m✓[0m  AZ HB 2442 (57th-2nd-regular): vote tally matches on 2026-02-11 ({'yes': 0, 'no': 0, 'other': 0, 'absent': 0, 'excused': 0, 'not voting': 0})
  [32m✓[0m  AZ HB 2442 (57th-2nd-regular): sponsorship count matches (10)
  [32m✓[0m  AZ HB 2451 (57th-2nd-regular): title matches
  [32m✓[0m  AZ HB 2451 (57th-2nd-regular): latest_action matches
  [32m✓[0m  AZ HB 2451 (57th-2nd-regular): vote event count matches (2)
  [32m✓[0m  AZ HB 2451 (57th-2nd-regular): vote tally matches on 2026-02-09 ({'yes': 0, 'no': 0, 'other': 0, 'absent': 0, 'excused': 0, 'not voting': 0})
  [32m✓[0m  AZ HB 2451 (57th-2nd-regular): vote tally matches on 2026-02-23 ({'yes': 57, 'no': 0, 'other': 0, 'absent': 0, 'excused': 0, 'not voting': 3})
  [32m✓[0m  AZ HB 2451 (57th-2nd-regular): sponsorship count matches (1)
    ...100/500
  [32m✓[0m  AZ HB 2458 (57th-2nd-regular): title matches
  [32m✓[0m  AZ HB 2458 (57th-2nd-regular): latest_action matches
  [32m✓[0m  AZ HB 2458 (57th-2nd-regular): vote event count matches (0)
  [32m✓[0m  AZ HB 2458 (57th-2nd-regular): sponsorship count matches (1)
  [32m✓[0m  AZ HB 2469 (57th-2nd-regular): title matches
  [32m✓[0m  AZ HB 2469 (57th-2nd-regular): latest_action matches
  [32m✓[0m  AZ HB 2469 (57th-2nd-regular): vote event count matches (0)
  [32m✓[0m  AZ HB 2469 (57th-2nd-regular): sponsorship count matches (23)
  [32m✓[0m  AZ HB 2471 (57th-2nd-regular): title matches
  [32m✓[0m  AZ HB 2471 (57th-2nd-regular): latest_action matches
  [32m✓[0m  AZ HB 2471 (57th-2nd-regular): vote event count matches (0)
  [32m✓[0m  AZ HB 2471 (57th-2nd-regular): sponsorship count matches (25)
  [32m✓[0m  AZ HB 2476 (57th-2nd-regular): title matches
  [32m✓[0m  AZ HB 2476 (57th-2nd-regular): latest_action matches
  [32m✓[0m  AZ HB 2476 (57th-2nd-regular): vote event count matches (2)
  [32m✓[0m  AZ HB 2476 (57th-2nd-regular): vote tally matches on 2026-02-19 ({'yes': 0, 'no': 0, 'other': 0, 'absent': 0, 'excused': 0, 'not voting': 0})
  [32m✓[0m  AZ HB 2476 (57th-2nd-regular): vote tally matches on 2026-02-23 ({'yes': 56, 'no': 1, 'other': 0, 'absent': 0, 'excused': 0, 'not voting': 3})
  [32m✓[0m  AZ HB 2476 (57th-2nd-regular): sponsorship count matches (1)
  [32m✓[0m  AZ HB 2481 (57th-2nd-regular): title matches
  [32m✓[0m  AZ HB 2481 (57th-2nd-regular): latest_action matches
  [32m✓[0m  AZ HB 2481 (57th-2nd-regular): vote event count matches (6)
  [32m✓[0m  AZ HB 2481 (57th-2nd-regular): vote tally matches on 2026-02-24 ({'yes': 0, 'no': 0, 'other': 0, 'absent': 0, 'excused': 0, 'not voting': 0})
  [32m✓[0m  AZ HB 2481 (57th-2nd-regular): vote tally matches on 2026-02-25 ({'yes': 35, 'no': 18, 'other': 0, 'absent': 0, 'excused': 0, 'not voting': 7})
  [32m✓[0m  AZ HB 2481 (57th-2nd-regular): vote tally matches on 2026-04-16 ({'yes': 0, 'no': 0, 'other': 0, 'absent': 0, 'excused': 0, 'not voting': 0})
  [32m✓[0m  AZ HB 2481 (57th-2nd-regular): vote tally matches on 2026-04-16 ({'yes': 17, 'no': 10, 'other': 0, 'absent': 0, 'excused': 0, 'not voting': 3})
  [32m✓[0m  AZ HB 2481 (57th-2nd-regular): vote tally matches on 2026-06-09 ({'yes': 0, 'no': 0, 'other': 0, 'absent': 0, 'excused': 0, 'not voting': 0})
  [32m✓[0m  AZ HB 2481 (57th-2nd-regular): vote tally matches on 2026-06-09 ({'yes': 32, 'no': 23, 'other': 0, 'absent': 0, 'excused': 0, 'not voting': 5})
  [32m✓[0m  AZ HB 2481 (57th-2nd-regular): sponsorship count matches (1)
  [32m✓[0m  AZ HB 2482 (57th-2nd-regular): title matches
  [32m✓[0m  AZ HB 2482 (57th-2nd-regular): latest_action matches
  [32m✓[0m  AZ HB 2482 (57th-2nd-regular): vote event count matches (6)
  [32m✓[0m  AZ HB 2482 (57th-2nd-regular): vote tally matches on 2026-02-24 ({'yes': 0, 'no': 0, 'other': 0, 'absent': 0, 'excused': 0, 'not voting': 0})
  [32m✓[0m  AZ HB 2482 (57th-2nd-regular): vote tally matches on 2026-02-25 ({'yes': 31, 'no': 22, 'other': 0, 'absent': 0, 'excused': 0, 'not voting': 7})
  [32m✓[0m  AZ HB 2482 (57th-2nd-regular): vote tally matches on 2026-04-15 ({'yes': 0, 'no': 0, 'other': 0, 'absent': 0, 'excused': 0, 'not voting': 0})
  [32m✓[0m  AZ HB 2482 (57th-2nd-regular): vote tally matches on 2026-04-16 ({'yes': 17, 'no': 10, 'other': 0, 'absent': 0, 'excused': 0, 'not voting': 3})
  [32m✓[0m  AZ HB 2482 (57th-2nd-regular): vote tally matches on 2026-06-09 ({'yes': 35, 'no': 20, 'other': 0, 'absent': 0, 'excused': 0, 'not voting': 5})
  [32m✓[0m  AZ HB 2482 (57th-2nd-regular): vote tally matches on 2026-06-09 ({'yes': 0, 'no': 0, 'other': 0, 'absent': 0, 'excused': 0, 'not voting': 0})
  [32m✓[0m  AZ HB 2482 (57th-2nd-regular): sponsorship count matches (1)
  [32m✓[0m  AZ HB 2484 (57th-2nd-regular): title matches
  [32m✓[0m  AZ HB 2484 (57th-2nd-regular): latest_action matches
  [32m✓[0m  AZ HB 2484 (57th-2nd-regular): vote event count matches (0)
  [32m✓[0m  AZ HB 2484 (57th-2nd-regular): sponsorship count matches (1)
  [32m✓[0m  AZ HB 2487 (57th-2nd-regular): title matches
  [32m✓[0m  AZ HB 2487 (57th-2nd-regular): latest_action matches
  [32m✓[0m  AZ HB 2487 (57th-2nd-regular): vote event count matches (0)
  [32m✓[0m  AZ HB 2487 (57th-2nd-regular): sponsorship count matches (3)
  [32m✓[0m  AZ HB 2488 (57th-2nd-regular): title matches
  [32m✓[0m  AZ HB 2488 (57th-2nd-regular): latest_action matches
  [32m✓[0m  AZ HB 2488 (57th-2nd-regular): vote event count matches (0)
  [32m✓[0m  AZ HB 2488 (57th-2nd-regular): sponsorship count matches (2)
  [32m✓[0m  AZ HB 2494 (57th-2nd-regular): title matches
  [32m✓[0m  AZ HB 2494 (57th-2nd-regular): latest_action matches
  [32m✓[0m  AZ HB 2494 (57th-2nd-regular): vote event count matches (4)
  [32m✓[0m  AZ HB 2494 (57th-2nd-regular): vote tally matches on 2026-02-23 ({'yes': 0, 'no': 0, 'other': 0, 'absent': 0, 'excused': 0, 'not voting': 0})
  [32m✓[0m  AZ HB 2494 (57th-2nd-regular): vote tally matches on 2026-02-25 ({'yes': 31, 'no': 22, 'other': 0, 'absent': 0, 'excused': 0, 'not voting': 7})
  [32m✓[0m  AZ HB 2494 (57th-2nd-regular): vote tally matches on 2026-06-09 ({'yes': 0, 'no': 0, 'other': 0, 'absent': 0, 'excused': 0, 'not voting': 0})
  [32m✓[0m  AZ HB 2494 (57th-2nd-regular): vote tally matches on 2026-06-10 ({'yes': 13, 'no': 16, 'other': 0, 'absent': 0, 'excused': 0, 'not voting': 1})
  [32m✓[0m  AZ HB 2494 (57th-2nd-regular): sponsorship count matches (3)
  [32m✓[0m  AZ HB 2508 (57th-2nd-regular): title matches
  [32m✓[0m  AZ HB 2508 (57th-2nd-regular): latest_action matches
  [32m✓[0m  AZ HB 2508 (57th-2nd-regular): vote event count matches (0)
  [32m✓[0m  AZ HB 2508 (57th-2nd-regular): sponsorship count matches (15)
  [32m✓[0m  AZ HB 2512 (57th-2nd-regular): title matches
  [32m✓[0m  AZ HB 2512 (57th-2nd-regular): latest_action matches
  [32m✓[0m  AZ HB 2512 (57th-2nd-regular): vote event count matches (0)
  [32m✓[0m  AZ HB 2512 (57th-2nd-regular): sponsorship count matches (13)
  [32m✓[0m  AZ HB 2514 (57th-2nd-regular): title matches
  [32m✓[0m  AZ HB 2514 (57th-2nd-regular): latest_action matches
  [32m✓[0m  AZ HB 2514 (57th-2nd-regular): vote event count matches (0)
  [32m✓[0m  AZ HB 2514 (57th-2nd-regular): sponsorship count matches (9)
  [32m✓[0m  AZ HB 2515 (57th-2nd-regular): title matches
  [32m✓[0m  AZ HB 2515 (57th-2nd-regular): latest_action matches
  [32m✓[0m  AZ HB 2515 (57th-2nd-regular): vote event count matches (0)
  [32m✓[0m  AZ HB 2515 (57th-2nd-regular): sponsorship count matches (9)
  [32m✓[0m  AZ HB 2522 (57th-2nd-regular): title matches
  [32m✓[0m  AZ HB 2522 (57th-2nd-regular): latest_action matches
  [32m✓[0m  AZ HB 2522 (57th-2nd-regular): vote event count matches (0)
  [32m✓[0m  AZ HB 2522 (57th-2nd-regular): sponsorship count matches (11)
  [32m✓[0m  AZ HB 2538 (57th-2nd-regular): title matches
  [32m✓[0m  AZ HB 2538 (57th-2nd-regular): latest_action matches
  [32m✓[0m  AZ HB 2538 (57th-2nd-regular): vote event count matches (0)
  [32m✓[0m  AZ HB 2538 (57th-2nd-regular): sponsorship count matches (1)
  [32m✓[0m  AZ HB 2539 (57th-2nd-regular): title matches
  [32m✓[0m  AZ HB 2539 (57th-2nd-regular): latest_action matches
  [32m✓[0m  AZ HB 2539 (57th-2nd-regular): vote event count matches (0)
  [32m✓[0m  AZ HB 2539 (57th-2nd-regular): sponsorship count matches (1)
  [32m✓[0m  AZ HB 2540 (57th-2nd-regular): title matches
  [32m✓[0m  AZ HB 2540 (57th-2nd-regular): latest_action matches
  [32m✓[0m  AZ HB 2540 (57th-2nd-regular): vote event count matches (0)
  [32m✓[0m  AZ HB 2540 (57th-2nd-regular): sponsorship count matches (1)
  [32m✓[0m  AZ HB 2543 (57th-2nd-regular): title matches
  [32m✓[0m  AZ HB 2543 (57th-2nd-regular): latest_action matches
  [32m✓[0m  AZ HB 2543 (57th-2nd-regular): vote event count matches (0)
  [32m✓[0m  AZ HB 2543 (57th-2nd-regular): sponsorship count matches (1)
  [32m✓[0m  AZ HB 2545 (57th-2nd-regular): title matches
  [32m✓[0m  AZ HB 2545 (57th-2nd-regular): latest_action matches
  [32m✓[0m  AZ HB 2545 (57th-2nd-regular): vote event count matches (0)
  [32m✓[0m  AZ HB 2545 (57th-2nd-regular): sponsorship count matches (1)
  [32m✓[0m  AZ HB 2546 (57th-2nd-regular): title matches
  [32m✓[0m  AZ HB 2546 (57th-2nd-regular): latest_action matches
  [32m✓[0m  AZ HB 2546 (57th-2nd-regular): vote event count matches (0)
  [32m✓[0m  AZ HB 2546 (57th-2nd-regular): sponsorship count matches (1)
  [32m✓[0m  AZ HB 2549 (57th-2nd-regular): title matches
  [32m✓[0m  AZ HB 2549 (57th-2nd-regular): latest_action matches
  [32m✓[0m  AZ HB 2549 (57th-2nd-regular): vote event count matches (0)
  [32m✓[0m  AZ HB 2549 (57th-2nd-regular): sponsorship count matches (1)
  [32m✓[0m  AZ HB 2551 (57th-2nd-regular): title matches
  [32m✓[0m  AZ HB 2551 (57th-2nd-regular): latest_action matches
  [32m✓[0m  AZ HB 2551 (57th-2nd-regular): vote event count matches (0)
  [32m✓[0m  AZ HB 2551 (57th-2nd-regular): sponsorship count matches (1)
  [32m✓[0m  AZ HB 2555 (57th-2nd-regular): title matches
  [32m✓[0m  AZ HB 2555 (57th-2nd-regular): latest_action matches
  [32m✓[0m  AZ HB 2555 (57th-2nd-regular): vote event count matches (0)
  [32m✓[0m  AZ HB 2555 (57th-2nd-regular): sponsorship count matches (15)
  [32m✓[0m  AZ HB 2556 (57th-2nd-regular): title matches
  [32m✓[0m  AZ HB 2556 (57th-2nd-regular): latest_action matches
  [32m✓[0m  AZ HB 2556 (57th-2nd-regular): vote event count matches (0)
  [32m✓[0m  AZ HB 2556 (57th-2nd-regular): sponsorship count matches (15)
    ...125/500
  [32m✓[0m  AZ HB 2566 (57th-2nd-regular): title matches
  [32m✓[0m  AZ HB 2566 (57th-2nd-regular): latest_action matches
  [32m✓[0m  AZ HB 2566 (57th-2nd-regular): vote event count matches (0)
  [32m✓[0m  AZ HB 2566 (57th-2nd-regular): sponsorship count matches (8)
  [32m✓[0m  AZ HB 2568 (57th-2nd-regular): title matches
  [32m✓[0m  AZ HB 2568 (57th-2nd-regular): latest_action matches
  [32m✓[0m  AZ HB 2568 (57th-2nd-regular): vote event count matches (0)
  [32m✓[0m  AZ HB 2568 (57th-2nd-regular): sponsorship count matches (5)
  [32m✓[0m  AZ HB 2569 (57th-2nd-regular): title matches
  [32m✓[0m  AZ HB 2569 (57th-2nd-regular): latest_action matches
  [32m✓[0m  AZ HB 2569 (57th-2nd-regular): vote event count matches (0)
  [32m✓[0m  AZ HB 2569 (57th-2nd-regular): sponsorship count matches (3)
  [32m✓[0m  AZ HB 2574 (57th-2nd-regular): title matches
  [32m✓[0m  AZ HB 2574 (57th-2nd-regular): latest_action matches
  [32m✓[0m  AZ HB 2574 (57th-2nd-regular): vote event count matches (3)
  [32m✓[0m  AZ HB 2574 (57th-2nd-regular): vote tally matches on 2026-02-23 ({'yes': 0, 'no': 0, 'other': 0, 'absent': 0, 'excused': 0, 'not voting': 0})
  [32m✓[0m  AZ HB 2574 (57th-2nd-regular): vote tally matches on 2026-03-04 ({'yes': 52, 'no': 0, 'other': 0, 'absent': 0, 'excused': 0, 'not voting': 7})
  [32m✓[0m  AZ HB 2574 (57th-2nd-regular): vote tally matches on 2026-05-26 ({'yes': 26, 'no': 0, 'other': 0, 'absent': 0, 'excused': 0, 'not voting': 4})
  [32m✓[0m  AZ HB 2574 (57th-2nd-regular): sponsorship count matches (29)
  [32m✓[0m  AZ HB 2577 (57th-2nd-regular): title matches
  [32m✓[0m  AZ HB 2577 (57th-2nd-regular): latest_action matches
  [32m✓[0m  AZ HB 2577 (57th-2nd-regular): vote event count matches (0)
  [32m✓[0m  AZ HB 2577 (57th-2nd-regular): sponsorship count matches (13)
  [32m✓[0m  AZ HB 2587 (57th-2nd-regular): title matches
  [32m✓[0m  AZ HB 2587 (57th-2nd-regular): latest_action matches
  [32m✓[0m  AZ HB 2587 (57th-2nd-regular): vote event count matches (0)
  [32m✓[0m  AZ HB 2587 (57th-2nd-regular): sponsorship count matches (1)
  [32m✓[0m  AZ HB 2594 (57th-2nd-regular): title matches
  [32m✓[0m  AZ HB 2594 (57th-2nd-regular): latest_action matches
  [32m✓[0m  AZ HB 2594 (57th-2nd-regular): vote event count matches (6)
  [32m✓[0m  AZ HB 2594 (57th-2nd-regular): vote tally matches on 2026-03-03 ({'yes': 0, 'no': 0, 'other': 0, 'absent': 0, 'excused': 0, 'not voting': 0})
  [32m✓[0m  AZ HB 2594 (57th-2nd-regular): vote tally matches on 2026-03-04 ({'yes': 44, 'no': 9, 'other': 0, 'absent': 0, 'excused': 0, 'not voting': 6})
  [32m✓[0m  AZ HB 2594 (57th-2nd-regular): vote tally matches on 2026-04-14 ({'yes': 0, 'no': 0, 'other': 0, 'absent': 0, 'excused': 0, 'not voting': 0})
  [32m✓[0m  AZ HB 2594 (57th-2nd-regular): vote tally matches on 2026-04-15 ({'yes': 28, 'no': 0, 'other': 0, 'absent': 0, 'excused': 0, 'not voting': 2})
  [33m~[0m  AZ HB 2594 (57th-2nd-regular): vote tally differs on 2026-06-01  [local={'yes': 0, 'no': 0, 'other': 0, 'absent': 0, 'excused': 0, 'not voting': 0} live={'yes': 55, 'no': 1, 'other': 0, 'absent': 0, 'excused': 0, 'not voting': 4} | Aaron Márquez (yes): live only; Alexander Kolodin (no): live only; Alma Hernandez (yes): live only; Anna Abeytia (yes): live only; Betty J Villegas (yes): live only; Beverly Pingerelli (yes): live only; Brian Garcia (yes): live only; Cesar Aguilar (yes): live only; Chris Lopez (yes): live only; Christopher Mathis (yes): live only; Cody Reim (yes): live only; Consuelo Hernandez (yes): live only; David Livingston (other): live only; Elda Luna-Nájera (yes): live only; Gail Griffin (yes): live only; James Taylor (yes): live only; Janeen Connolly (yes): live only; Jeff Weninger (yes): live only; John Gillette (yes): live only; Julie Willoughby (yes): live only; Junelle Cavero (yes): live only; Justin Olson (yes): live only; Justin Wilmeth (yes): live only; Kevin Volk (yes): live only; Khyl Powell (yes): live only; Laurin Hendrix (other): live only; Leo Biasiucci (yes): live only; Lisa Fink (yes): live only; Lorena Austin (yes): live only; Lupe Contreras (yes): live only; Lupe Diaz (yes): live only; Lydia Hernandez (yes): live only; Mae Peshlakai (yes): live only; Mariana Sandoval (yes): live only; Matt Gress (yes): live only; Michael Carbone (yes): live only; Michael Way (yes): live only; Michele Peña (yes): live only; Myron Tsosie (other): live only; Nancy Gutierrez (yes): live only; Neal Carter (yes): live only; Nick Kupper (yes): live only; Oscar De Los Santos (yes): live only; Pamela Carter (yes): live only; Patty Contreras (yes): live only; Quang H Nguyen (yes): live only; Quantá Crews (yes): live only; Rachel Keshel (yes): live only; Ralph Heap (yes): live only; Sarah Liguori (yes): live only; Selina Bliss (yes): live only; Seth Blattman (yes): live only; Stacey Travers (yes): live only; Stephanie Simacek (yes): live only; Stephanie Stahl Hamilton (yes): live only; Steve Montenegro (yes): live only; Sylvia Allen (yes): live only; Teresa Martinez (yes): live only; Tony Rivero (yes): live only; Walt Blackman (other): live only | 28 other local bill(s) share this signature on 2026-06-01]
  [33m~[0m  AZ HB 2594 (57th-2nd-regular): vote tally differs on 2026-06-01  [local={'yes': 55, 'no': 1, 'other': 0, 'absent': 0, 'excused': 0, 'not voting': 4} live={'yes': 0, 'no': 0, 'other': 0, 'absent': 0, 'excused': 0, 'not voting': 0} | Aaron Márquez (yes): local only; Alexander Kolodin (no): local only; Alma Hernandez (yes): local only; Anna Abeytia (yes): local only; Betty J Villegas (yes): local only; Beverly Pingerelli (yes): local only; Brian Garcia (yes): local only; Cesar Aguilar (yes): local only; Chris Lopez (yes): local only; Christopher Mathis (yes): local only; Cody Reim (yes): local only; Consuelo Hernandez (yes): local only; David Livingston (other): local only; Elda Luna-Nájera (yes): local only; Gail Griffin (yes): local only; James Taylor (yes): local only; Janeen Connolly (yes): local only; Jeff Weninger (yes): local only; John Gillette (yes): local only; Julie Willoughby (yes): local only; Junelle Cavero (yes): local only; Justin Olson (yes): local only; Justin Wilmeth (yes): local only; Kevin Volk (yes): local only; Khyl Powell (yes): local only; Laurin Hendrix (other): local only; Leo Biasiucci (yes): local only; Lisa Fink (yes): local only; Lorena Austin (yes): local only; Lupe Contreras (yes): local only; Lupe Diaz (yes): local only; Lydia Hernandez (yes): local only; Mae Peshlakai (yes): local only; Mariana Sandoval (yes): local only; Matt Gress (yes): local only; Michael Carbone (yes): local only; Michael Way (yes): local only; Michele Peña (yes): local only; Myron Tsosie (other): local only; Nancy Gutierrez (yes): local only; Neal Carter (yes): local only; Nick Kupper (yes): local only; Oscar De Los Santos (yes): local only; Pamela Carter (yes): local only; Patty Contreras (yes): local only; Quang H Nguyen (yes): local only; Quantá Crews (yes): local only; Rachel Keshel (yes): local only; Ralph Heap (yes): local only; Sarah Liguori (yes): local only; Selina Bliss (yes): local only; Seth Blattman (yes): local only; Stacey Travers (yes): local only; Stephanie Simacek (yes): local only; Stephanie Stahl Hamilton (yes): local only; Steve Montenegro (yes): local only; Sylvia Allen (yes): local only; Teresa Martinez (yes): local only; Tony Rivero (yes): local only; Walt Blackman (other): local only | 28 other local bill(s) share this signature on 2026-06-01]
  [32m✓[0m  AZ HB 2594 (57th-2nd-regular): sponsorship count matches (2)
  [32m✓[0m  AZ HB 2595 (57th-2nd-regular): title matches
  [32m✓[0m  AZ HB 2595 (57th-2nd-regular): latest_action matches
  [32m✓[0m  AZ HB 2595 (57th-2nd-regular): vote event count matches (0)
  [32m✓[0m  AZ HB 2595 (57th-2nd-regular): sponsorship count matches (8)
  [32m✓[0m  AZ HB 2597 (57th-2nd-regular): title matches
  [32m✓[0m  AZ HB 2597 (57th-2nd-regular): latest_action matches
  [32m✓[0m  AZ HB 2597 (57th-2nd-regular): vote event count matches (0)
  [32m✓[0m  AZ HB 2597 (57th-2nd-regular): sponsorship count matches (8)
  [32m✓[0m  AZ HB 2601 (57th-2nd-regular): title matches
  [32m✓[0m  AZ HB 2601 (57th-2nd-regular): latest_action matches
  [32m✓[0m  AZ HB 2601 (57th-2nd-regular): vote event count matches (7)
  [32m✓[0m  AZ HB 2601 (57th-2nd-regular): vote tally matches on 2026-03-02 ({'yes': 0, 'no': 0, 'other': 0, 'absent': 0, 'excused': 0, 'not voting': 0})
  [32m✓[0m  AZ HB 2601 (57th-2nd-regular): vote tally matches on 2026-03-09 ({'yes': 0, 'no': 0, 'other': 0, 'absent': 0, 'excused': 0, 'not voting': 0})
  [32m✓[0m  AZ HB 2601 (57th-2nd-regular): vote tally matches on 2026-03-09 ({'yes': 0, 'no': 0, 'other': 0, 'absent': 0, 'excused': 0, 'not voting': 0})
  [32m✓[0m  AZ HB 2601 (57th-2nd-regular): vote tally matches on 2026-03-10 ({'yes': 34, 'no': 21, 'other': 0, 'absent': 0, 'excused': 0, 'not voting': 4})
  [32m✓[0m  AZ HB 2601 (57th-2nd-regular): vote tally matches on 2026-04-13 ({'yes': 0, 'no': 0, 'other': 0, 'absent': 0, 'excused': 0, 'not voting': 0})
  [32m✓[0m  AZ HB 2601 (57th-2nd-regular): vote tally matches on 2026-06-09 ({'yes': 13, 'no': 16, 'other': 0, 'absent': 0, 'excused': 0, 'not voting': 1})
  [32m✓[0m  AZ HB 2601 (57th-2nd-regular): vote tally matches on 2026-06-10 ({'yes': 0, 'no': 0, 'other': 0, 'absent': 0, 'excused': 0, 'not voting': 0})
  [32m✓[0m  AZ HB 2601 (57th-2nd-regular): sponsorship count matches (5)
  [32m✓[0m  AZ HB 2609 (57th-2nd-regular): title matches
  [32m✓[0m  AZ HB 2609 (57th-2nd-regular): latest_action matches
  [32m✓[0m  AZ HB 2609 (57th-2nd-regular): vote event count matches (0)
  [32m✓[0m  AZ HB 2609 (57th-2nd-regular): sponsorship count matches (1)
  [32m✓[0m  AZ HB 2619 (57th-2nd-regular): title matches
  [32m✓[0m  AZ HB 2619 (57th-2nd-regular): latest_action matches
  [32m✓[0m  AZ HB 2619 (57th-2nd-regular): vote event count matches (0)
  [32m✓[0m  AZ HB 2619 (57th-2nd-regular): sponsorship count matches (1)
  [32m✓[0m  AZ HB 2624 (57th-2nd-regular): title matches
  [32m✓[0m  AZ HB 2624 (57th-2nd-regular): latest_action matches
  [32m✓[0m  AZ HB 2624 (57th-2nd-regular): vote event count matches (0)
  [32m✓[0m  AZ HB 2624 (57th-2nd-regular): sponsorship count matches (1)
  [32m✓[0m  AZ HB 2625 (57th-2nd-regular): title matches
  [32m✓[0m  AZ HB 2625 (57th-2nd-regular): latest_action matches
  [32m✓[0m  AZ HB 2625 (57th-2nd-regular): vote event count matches (0)
  [32m✓[0m  AZ HB 2625 (57th-2nd-regular): sponsorship count matches (1)
  [32m✓[0m  AZ HB 2633 (57th-2nd-regular): title matches
  [32m✓[0m  AZ HB 2633 (57th-2nd-regular): latest_action matches
  [32m✓[0m  AZ HB 2633 (57th-2nd-regular): vote event count matches (0)
  [32m✓[0m  AZ HB 2633 (57th-2nd-regular): sponsorship count matches (22)
  [32m✓[0m  AZ HB 2637 (57th-2nd-regular): title matches
  [32m✓[0m  AZ HB 2637 (57th-2nd-regular): latest_action matches
  [32m✓[0m  AZ HB 2637 (57th-2nd-regular): vote event count matches (0)
  [32m✓[0m  AZ HB 2637 (57th-2nd-regular): sponsorship count matches (15)
  [32m✓[0m  AZ HB 2645 (57th-2nd-regular): title matches
  [32m✓[0m  AZ HB 2645 (57th-2nd-regular): latest_action matches
  [32m✓[0m  AZ HB 2645 (57th-2nd-regular): vote event count matches (0)
  [32m✓[0m  AZ HB 2645 (57th-2nd-regular): sponsorship count matches (14)
  [32m✓[0m  AZ HB 2658 (57th-2nd-regular): title matches
  [32m✓[0m  AZ HB 2658 (57th-2nd-regular): latest_action matches
  [32m✓[0m  AZ HB 2658 (57th-2nd-regular): vote event count matches (0)
  [32m✓[0m  AZ HB 2658 (57th-2nd-regular): sponsorship count matches (1)
  [32m✓[0m  AZ HB 2659 (57th-2nd-regular): title matches
  [32m✓[0m  AZ HB 2659 (57th-2nd-regular): latest_action matches
  [32m✓[0m  AZ HB 2659 (57th-2nd-regular): vote event count matches (0)
  [32m✓[0m  AZ HB 2659 (57th-2nd-regular): sponsorship count matches (1)
  [32m✓[0m  AZ HB 2667 (57th-2nd-regular): title matches
  [32m✓[0m  AZ HB 2667 (57th-2nd-regular): latest_action matches
  [32m✓[0m  AZ HB 2667 (57th-2nd-regular): vote event count matches (3)
  [32m✓[0m  AZ HB 2667 (57th-2nd-regular): vote tally matches on 2026-02-24 ({'yes': 22, 'no': 32, 'other': 0, 'absent': 0, 'excused': 0, 'not voting': 6})
  [32m✓[0m  AZ HB 2667 (57th-2nd-regular): vote tally matches on 2026-02-24 ({'yes': 0, 'no': 0, 'other': 0, 'absent': 0, 'excused': 0, 'not voting': 0})
  [32m✓[0m  AZ HB 2667 (57th-2nd-regular): vote tally matches on 2026-02-25 ({'yes': 31, 'no': 23, 'other': 0, 'absent': 0, 'excused': 0, 'not voting': 6})
  [32m✓[0m  AZ HB 2667 (57th-2nd-regular): sponsorship count matches (7)
  [32m✓[0m  AZ HB 2671 (57th-2nd-regular): title matches
  [32m✓[0m  AZ HB 2671 (57th-2nd-regular): latest_action matches
  [32m✓[0m  AZ HB 2671 (57th-2nd-regular): vote event count matches (3)
  [32m✓[0m  AZ HB 2671 (57th-2nd-regular): vote tally matches on 2026-03-05 ({'yes': 0, 'no': 0, 'other': 0, 'absent': 0, 'excused': 0, 'not voting': 0})
  [32m✓[0m  AZ HB 2671 (57th-2nd-regular): vote tally matches on 2026-03-09 ({'yes': 0, 'no': 0, 'other': 0, 'absent': 0, 'excused': 0, 'not voting': 0})
  [32m✓[0m  AZ HB 2671 (57th-2nd-regular): vote tally matches on 2026-03-11 ({'yes': 51, 'no': 0, 'other': 0, 'absent': 0, 'excused': 0, 'not voting': 8})
  [32m✓[0m  AZ HB 2671 (57th-2nd-regular): sponsorship count matches (16)
  [32m✓[0m  AZ HB 2678 (57th-2nd-regular): title matches
  [32m✓[0m  AZ HB 2678 (57th-2nd-regular): latest_action matches
  [32m✓[0m  AZ HB 2678 (57th-2nd-regular): vote event count matches (0)
  [32m✓[0m  AZ HB 2678 (57th-2nd-regular): sponsorship count matches (20)
  [32m✓[0m  AZ HB 2681 (57th-2nd-regular): title matches
  [32m✓[0m  AZ HB 2681 (57th-2nd-regular): latest_action matches
  [32m✓[0m  AZ HB 2681 (57th-2nd-regular): vote event count matches (1)
  [32m✓[0m  AZ HB 2681 (57th-2nd-regular): vote tally matches on 2026-03-04 ({'yes': 53, 'no': 0, 'other': 0, 'absent': 0, 'excused': 0, 'not voting': 6})
  [32m✓[0m  AZ HB 2681 (57th-2nd-regular): sponsorship count matches (5)
  [32m✓[0m  AZ HB 2683 (57th-2nd-regular): title matches
  [32m✓[0m  AZ HB 2683 (57th-2nd-regular): latest_action matches
  [32m✓[0m  AZ HB 2683 (57th-2nd-regular): vote event count matches (0)
  [32m✓[0m  AZ HB 2683 (57th-2nd-regular): sponsorship count matches (5)
  [32m✓[0m  AZ HB 2685 (57th-2nd-regular): title matches
  [32m✓[0m  AZ HB 2685 (57th-2nd-regular): latest_action matches
  [32m✓[0m  AZ HB 2685 (57th-2nd-regular): vote event count matches (0)
  [32m✓[0m  AZ HB 2685 (57th-2nd-regular): sponsorship count matches (9)
    ...150/500
  [32m✓[0m  AZ HB 2687 (57th-2nd-regular): title matches
  [32m✓[0m  AZ HB 2687 (57th-2nd-regular): latest_action matches
  [32m✓[0m  AZ HB 2687 (57th-2nd-regular): vote event count matches (0)
  [32m✓[0m  AZ HB 2687 (57th-2nd-regular): sponsorship count matches (1)
  [32m✓[0m  AZ HB 2688 (57th-2nd-regular): title matches
  [32m✓[0m  AZ HB 2688 (57th-2nd-regular): latest_action matches
  [32m✓[0m  AZ HB 2688 (57th-2nd-regular): vote event count matches (1)
  [32m✓[0m  AZ HB 2688 (57th-2nd-regular): vote tally matches on 2026-02-11 ({'yes': 0, 'no': 0, 'other': 0, 'absent': 0, 'excused': 0, 'not voting': 0})
  [32m✓[0m  AZ HB 2688 (57th-2nd-regular): sponsorship count matches (1)
  [32m✓[0m  AZ HB 2689 (57th-2nd-regular): title matches
  [32m✓[0m  AZ HB 2689 (57th-2nd-regular): latest_action matches
  [32m✓[0m  AZ HB 2689 (57th-2nd-regular): vote event count matches (2)
  [32m✓[0m  AZ HB 2689 (57th-2nd-regular): vote tally matches on 2026-02-11 ({'yes': 0, 'no': 0, 'other': 0, 'absent': 0, 'excused': 0, 'not voting': 0})
  [32m✓[0m  AZ HB 2689 (57th-2nd-regular): vote tally matches on 2026-02-11 ({'yes': 24, 'no': 32, 'other': 0, 'absent': 0, 'excused': 0, 'not voting': 4})
  [32m✓[0m  AZ HB 2689 (57th-2nd-regular): sponsorship count matches (1)
  [32m✓[0m  AZ HB 2690 (57th-2nd-regular): title matches
  [32m✓[0m  AZ HB 2690 (57th-2nd-regular): latest_action matches
  [32m✓[0m  AZ HB 2690 (57th-2nd-regular): vote event count matches (1)
  [32m✓[0m  AZ HB 2690 (57th-2nd-regular): vote tally matches on 2026-02-11 ({'yes': 0, 'no': 0, 'other': 0, 'absent': 0, 'excused': 0, 'not voting': 0})
  [32m✓[0m  AZ HB 2690 (57th-2nd-regular): sponsorship count matches (1)
  [32m✓[0m  AZ HB 2696 (57th-2nd-regular): title matches
  [32m✓[0m  AZ HB 2696 (57th-2nd-regular): latest_action matches
  [32m✓[0m  AZ HB 2696 (57th-2nd-regular): vote event count matches (4)
  [32m✓[0m  AZ HB 2696 (57th-2nd-regular): vote tally matches on 2026-02-24 ({'yes': 0, 'no': 0, 'other': 0, 'absent': 0, 'excused': 0, 'not voting': 0})
  [32m✓[0m  AZ HB 2696 (57th-2nd-regular): vote tally matches on 2026-02-25 ({'yes': 31, 'no': 23, 'other': 0, 'absent': 0, 'excused': 0, 'not voting': 6})
  [32m✓[0m  AZ HB 2696 (57th-2nd-regular): vote tally matches on 2026-06-09 ({'yes': 0, 'no': 0, 'other': 0, 'absent': 0, 'excused': 0, 'not voting': 0})
  [32m✓[0m  AZ HB 2696 (57th-2nd-regular): vote tally matches on 2026-06-10 ({'yes': 14, 'no': 15, 'other': 0, 'absent': 0, 'excused': 0, 'not voting': 1})
  [32m✓[0m  AZ HB 2696 (57th-2nd-regular): sponsorship count matches (1)
  [32m✓[0m  AZ HB 2698 (57th-2nd-regular): title matches
  [32m✓[0m  AZ HB 2698 (57th-2nd-regular): latest_action matches
  [32m✓[0m  AZ HB 2698 (57th-2nd-regular): vote event count matches (0)
  [32m✓[0m  AZ HB 2698 (57th-2nd-regular): sponsorship count matches (1)
  [32m✓[0m  AZ HB 2706 (57th-2nd-regular): title matches
  [32m✓[0m  AZ HB 2706 (57th-2nd-regular): latest_action matches
  [32m✓[0m  AZ HB 2706 (57th-2nd-regular): vote event count matches (0)
  [32m✓[0m  AZ HB 2706 (57th-2nd-regular): sponsorship count matches (1)
  [32m✓[0m  AZ HB 2707 (57th-2nd-regular): title matches
  [32m✓[0m  AZ HB 2707 (57th-2nd-regular): latest_action matches
  [32m✓[0m  AZ HB 2707 (57th-2nd-regular): vote event count matches (0)
  [32m✓[0m  AZ HB 2707 (57th-2nd-regular): sponsorship count matches (2)
  [32m✓[0m  AZ HB 2709 (57th-2nd-regular): title matches
  [32m✓[0m  AZ HB 2709 (57th-2nd-regular): latest_action matches
  [32m✓[0m  AZ HB 2709 (57th-2nd-regular): vote event count matches (0)
  [32m✓[0m  AZ HB 2709 (57th-2nd-regular): sponsorship count matches (21)
  [32m✓[0m  AZ HB 2716 (57th-2nd-regular): title matches
  [32m✓[0m  AZ HB 2716 (57th-2nd-regular): latest_action matches
  [32m✓[0m  AZ HB 2716 (57th-2nd-regular): vote event count matches (0)
  [32m✓[0m  AZ HB 2716 (57th-2nd-regular): sponsorship count matches (14)
  [32m✓[0m  AZ HB 2717 (57th-2nd-regular): title matches
  [32m✓[0m  AZ HB 2717 (57th-2nd-regular): latest_action matches
  [32m✓[0m  AZ HB 2717 (57th-2nd-regular): vote event count matches (0)
  [32m✓[0m  AZ HB 2717 (57th-2nd-regular): sponsorship count matches (14)
  [32m✓[0m  AZ HB 2722 (57th-2nd-regular): title matches
  [32m✓[0m  AZ HB 2722 (57th-2nd-regular): latest_action matches
  [32m✓[0m  AZ HB 2722 (57th-2nd-regular): vote event count matches (0)
  [32m✓[0m  AZ HB 2722 (57th-2nd-regular): sponsorship count matches (1)
  [32m✓[0m  AZ HB 2728 (57th-2nd-regular): title matches
  [32m✓[0m  AZ HB 2728 (57th-2nd-regular): latest_action matches
  [32m✓[0m  AZ HB 2728 (57th-2nd-regular): vote event count matches (3)
  [32m✓[0m  AZ HB 2728 (57th-2nd-regular): vote tally matches on 2026-03-03 ({'yes': 32, 'no': 22, 'other': 0, 'absent': 0, 'excused': 0, 'not voting': 5})
  [32m✓[0m  AZ HB 2728 (57th-2nd-regular): vote tally matches on 2026-03-03 ({'yes': 0, 'no': 0, 'other': 0, 'absent': 0, 'excused': 0, 'not voting': 0})
  [32m✓[0m  AZ HB 2728 (57th-2nd-regular): vote tally matches on 2026-03-03 ({'yes': 0, 'no': 0, 'other': 0, 'absent': 0, 'excused': 0, 'not voting': 0})
  [32m✓[0m  AZ HB 2728 (57th-2nd-regular): sponsorship count matches (1)
  [32m✓[0m  AZ HB 2729 (57th-2nd-regular): title matches
  [32m✓[0m  AZ HB 2729 (57th-2nd-regular): latest_action matches
  [32m✓[0m  AZ HB 2729 (57th-2nd-regular): vote event count matches (5)
  [32m✓[0m  AZ HB 2729 (57th-2nd-regular): vote tally matches on 2026-02-26 ({'yes': 52, 'no': 1, 'other': 0, 'absent': 0, 'excused': 0, 'not voting': 7})
  [32m✓[0m  AZ HB 2729 (57th-2nd-regular): vote tally matches on 2026-06-11 ({'yes': 24, 'no': 3, 'other': 0, 'absent': 0, 'excused': 0, 'not voting': 3})
  [32m✓[0m  AZ HB 2729 (57th-2nd-regular): vote tally matches on 2026-06-11 ({'yes': 0, 'no': 0, 'other': 0, 'absent': 0, 'excused': 0, 'not voting': 0})
  [32m✓[0m  AZ HB 2729 (57th-2nd-regular): vote tally matches on 2026-06-12 ({'yes': 46, 'no': 8, 'other': 0, 'absent': 0, 'excused': 0, 'not voting': 6})
  [32m✓[0m  AZ HB 2729 (57th-2nd-regular): vote tally matches on 2026-06-12 ({'yes': 0, 'no': 0, 'other': 0, 'absent': 0, 'excused': 0, 'not voting': 0})
  [32m✓[0m  AZ HB 2729 (57th-2nd-regular): sponsorship count matches (1)
  [32m✓[0m  AZ HB 2732 (57th-2nd-regular): title matches
  [32m✓[0m  AZ HB 2732 (57th-2nd-regular): latest_action matches
  [32m✓[0m  AZ HB 2732 (57th-2nd-regular): vote event count matches (1)
  [32m✓[0m  AZ HB 2732 (57th-2nd-regular): vote tally matches on 2026-02-26 ({'yes': 43, 'no': 11, 'other': 0, 'absent': 0, 'excused': 0, 'not voting': 6})
  [32m✓[0m  AZ HB 2732 (57th-2nd-regular): sponsorship count matches (1)
  [32m✓[0m  AZ HB 2733 (57th-2nd-regular): title matches
  [32m✓[0m  AZ HB 2733 (57th-2nd-regular): latest_action matches
  [32m✓[0m  AZ HB 2733 (57th-2nd-regular): vote event count matches (3)
  [32m✓[0m  AZ HB 2733 (57th-2nd-regular): vote tally matches on 2026-02-25 ({'yes': 0, 'no': 0, 'other': 0, 'absent': 0, 'excused': 0, 'not voting': 0})
  [32m✓[0m  AZ HB 2733 (57th-2nd-regular): vote tally matches on 2026-02-26 ({'yes': 52, 'no': 0, 'other': 0, 'absent': 0, 'excused': 0, 'not voting': 8})
  [32m✓[0m  AZ HB 2733 (57th-2nd-regular): vote tally matches on 2026-06-09 ({'yes': 29, 'no': 0, 'other': 0, 'absent': 0, 'excused': 0, 'not voting': 1})
  [32m✓[0m  AZ HB 2733 (57th-2nd-regular): sponsorship count matches (1)
  [32m✓[0m  AZ HB 2736 (57th-2nd-regular): title matches
  [32m✓[0m  AZ HB 2736 (57th-2nd-regular): latest_action matches
  [32m✓[0m  AZ HB 2736 (57th-2nd-regular): vote event count matches (0)
  [32m✓[0m  AZ HB 2736 (57th-2nd-regular): sponsorship count matches (1)
  [32m✓[0m  AZ HB 2738 (57th-2nd-regular): title matches
  [32m✓[0m  AZ HB 2738 (57th-2nd-regular): latest_action matches
  [32m✓[0m  AZ HB 2738 (57th-2nd-regular): vote event count matches (0)
  [32m✓[0m  AZ HB 2738 (57th-2nd-regular): sponsorship count matches (6)
  [32m✓[0m  AZ HB 2749 (57th-2nd-regular): title matches
  [32m✓[0m  AZ HB 2749 (57th-2nd-regular): latest_action matches
  [32m✓[0m  AZ HB 2749 (57th-2nd-regular): vote event count matches (6)
  [32m✓[0m  AZ HB 2749 (57th-2nd-regular): vote tally matches on 2026-02-25 ({'yes': 0, 'no': 0, 'other': 0, 'absent': 0, 'excused': 0, 'not voting': 0})
  [32m✓[0m  AZ HB 2749 (57th-2nd-regular): vote tally matches on 2026-02-26 ({'yes': 53, 'no': 0, 'other': 0, 'absent': 0, 'excused': 0, 'not voting': 7})
  [32m✓[0m  AZ HB 2749 (57th-2nd-regular): vote tally matches on 2026-05-18 ({'yes': 23, 'no': 0, 'other': 0, 'absent': 0, 'excused': 0, 'not voting': 7})
  [32m✓[0m  AZ HB 2749 (57th-2nd-regular): vote tally matches on 2026-05-18 ({'yes': 0, 'no': 0, 'other': 0, 'absent': 0, 'excused': 0, 'not voting': 0})
  [33m~[0m  AZ HB 2749 (57th-2nd-regular): vote tally differs on 2026-06-02  [local={'yes': 57, 'no': 0, 'other': 0, 'absent': 0, 'excused': 0, 'not voting': 3} live={'yes': 0, 'no': 0, 'other': 0, 'absent': 0, 'excused': 0, 'not voting': 0} | Aaron Márquez (yes): local only; Alexander Kolodin (yes): local only; Alma Hernandez (yes): local only; Anna Abeytia (yes): local only; Betty J Villegas (yes): local only; Beverly Pingerelli (yes): local only; Brian Garcia (yes): local only; Cesar Aguilar (yes): local only; Chris Lopez (yes): local only; Christopher Mathis (yes): local only; Cody Reim (yes): local only; Consuelo Hernandez (yes): local only; David Livingston (other): local only; Elda Luna-Nájera (yes): local only; Gail Griffin (yes): local only; James Taylor (yes): local only; Janeen Connolly (yes): local only; Jeff Weninger (yes): local only; John Gillette (yes): local only; Julie Willoughby (yes): local only; Junelle Cavero (yes): local only; Justin Olson (yes): local only; Justin Wilmeth (yes): local only; Kevin Volk (yes): local only; Khyl Powell (yes): local only; Laurin Hendrix (other): local only; Leo Biasiucci (yes): local only; Lisa Fink (yes): local only; Lorena Austin (yes): local only; Lupe Contreras (yes): local only; Lupe Diaz (yes): local only; Lydia Hernandez (yes): local only; Mae Peshlakai (yes): local only; Mariana Sandoval (yes): local only; Matt Gress (yes): local only; Michael Carbone (yes): local only; Michael Way (yes): local only; Michele Peña (yes): local only; Myron Tsosie (yes): local only; Nancy Gutierrez (yes): local only; Neal Carter (yes): local only; Nick Kupper (yes): local only; Oscar De Los Santos (yes): local only; Pamela Carter (yes): local only; Patty Contreras (yes): local only; Quang H Nguyen (yes): local only; Quantá Crews (yes): local only; Rachel Keshel (yes): local only; Ralph Heap (yes): local only; Sarah Liguori (yes): local only; Selina Bliss (yes): local only; Seth Blattman (other): local only; Stacey Travers (yes): local only; Stephanie Simacek (yes): local only; Stephanie Stahl Hamilton (yes): local only; Steve Montenegro (yes): local only; Sylvia Allen (yes): local only; Teresa Martinez (yes): local only; Tony Rivero (yes): local only; Walt Blackman (yes): local only | 27 other local bill(s) share this signature on 2026-06-02]
  [33m~[0m  AZ HB 2749 (57th-2nd-regular): vote tally differs on 2026-06-02  [local={'yes': 0, 'no': 0, 'other': 0, 'absent': 0, 'excused': 0, 'not voting': 0} live={'yes': 57, 'no': 0, 'other': 0, 'absent': 0, 'excused': 0, 'not voting': 3} | Aaron Márquez (yes): live only; Alexander Kolodin (yes): live only; Alma Hernandez (yes): live only; Anna Abeytia (yes): live only; Betty J Villegas (yes): live only; Beverly Pingerelli (yes): live only; Brian Garcia (yes): live only; Cesar Aguilar (yes): live only; Chris Lopez (yes): live only; Christopher Mathis (yes): live only; Cody Reim (yes): live only; Consuelo Hernandez (yes): live only; David Livingston (other): live only; Elda Luna-Nájera (yes): live only; Gail Griffin (yes): live only; James Taylor (yes): live only; Janeen Connolly (yes): live only; Jeff Weninger (yes): live only; John Gillette (yes): live only; Julie Willoughby (yes): live only; Junelle Cavero (yes): live only; Justin Olson (yes): live only; Justin Wilmeth (yes): live only; Kevin Volk (yes): live only; Khyl Powell (yes): live only; Laurin Hendrix (other): live only; Leo Biasiucci (yes): live only; Lisa Fink (yes): live only; Lorena Austin (yes): live only; Lupe Contreras (yes): live only; Lupe Diaz (yes): live only; Lydia Hernandez (yes): live only; Mae Peshlakai (yes): live only; Mariana Sandoval (yes): live only; Matt Gress (yes): live only; Michael Carbone (yes): live only; Michael Way (yes): live only; Michele Peña (yes): live only; Myron Tsosie (yes): live only; Nancy Gutierrez (yes): live only; Neal Carter (yes): live only; Nick Kupper (yes): live only; Oscar De Los Santos (yes): live only; Pamela Carter (yes): live only; Patty Contreras (yes): live only; Quang H Nguyen (yes): live only; Quantá Crews (yes): live only; Rachel Keshel (yes): live only; Ralph Heap (yes): live only; Sarah Liguori (yes): live only; Selina Bliss (yes): live only; Seth Blattman (other): live only; Stacey Travers (yes): live only; Stephanie Simacek (yes): live only; Stephanie Stahl Hamilton (yes): live only; Steve Montenegro (yes): live only; Sylvia Allen (yes): live only; Teresa Martinez (yes): live only; Tony Rivero (yes): live only; Walt Blackman (yes): live only | 27 other local bill(s) share this signature on 2026-06-02]
  [32m✓[0m  AZ HB 2749 (57th-2nd-regular): sponsorship count matches (1)
  [32m✓[0m  AZ HB 2753 (57th-2nd-regular): title matches
  [32m✓[0m  AZ HB 2753 (57th-2nd-regular): latest_action matches
  [32m✓[0m  AZ HB 2753 (57th-2nd-regular): vote event count matches (2)
  [32m✓[0m  AZ HB 2753 (57th-2nd-regular): vote tally matches on 2026-02-23 ({'yes': 0, 'no': 0, 'other': 0, 'absent': 0, 'excused': 0, 'not voting': 0})
  [32m✓[0m  AZ HB 2753 (57th-2nd-regular): vote tally matches on 2026-02-25 ({'yes': 54, 'no': 0, 'other': 0, 'absent': 0, 'excused': 0, 'not voting': 6})
  [32m✓[0m  AZ HB 2753 (57th-2nd-regular): sponsorship count matches (1)
  [32m✓[0m  AZ HB 2755 (57th-2nd-regular): title matches
  [32m✓[0m  AZ HB 2755 (57th-2nd-regular): latest_action matches
  [32m✓[0m  AZ HB 2755 (57th-2nd-regular): vote event count matches (10)
  [32m✓[0m  AZ HB 2755 (57th-2nd-regular): vote tally matches on 2026-02-25 ({'yes': 0, 'no': 0, 'other': 0, 'absent': 0, 'excused': 0, 'not voting': 0})
  [32m✓[0m  AZ HB 2755 (57th-2nd-regular): vote tally matches on 2026-02-26 ({'yes': 30, 'no': 23, 'other': 0, 'absent': 0, 'excused': 0, 'not voting': 7})
  [32m✓[0m  AZ HB 2755 (57th-2nd-regular): vote tally matches on 2026-03-02 ({'yes': 0, 'no': 0, 'other': 0, 'absent': 0, 'excused': 0, 'not voting': 0})
  [32m✓[0m  AZ HB 2755 (57th-2nd-regular): vote tally matches on 2026-03-03 ({'yes': 32, 'no': 22, 'other': 0, 'absent': 0, 'excused': 0, 'not voting': 5})
  [32m✓[0m  AZ HB 2755 (57th-2nd-regular): vote tally matches on 2026-03-03 ({'yes': 0, 'no': 0, 'other': 0, 'absent': 0, 'excused': 0, 'not voting': 0})
  [32m✓[0m  AZ HB 2755 (57th-2nd-regular): vote tally matches on 2026-03-03 ({'yes': 0, 'no': 0, 'other': 0, 'absent': 0, 'excused': 0, 'not voting': 0})
  [32m✓[0m  AZ HB 2755 (57th-2nd-regular): vote tally matches on 2026-06-11 ({'yes': 0, 'no': 0, 'other': 0, 'absent': 0, 'excused': 0, 'not voting': 0})
  [33m~[0m  AZ HB 2755 (57th-2nd-regular): vote tally differs on 2026-06-12  [local={'yes': 16, 'no': 13, 'other': 0, 'absent': 0, 'excused': 0, 'not voting': 1} live={'yes': 0, 'no': 0, 'other': 0, 'absent': 0, 'excused': 0, 'not voting': 0} | Analise Ortiz (no): local only; Brian Fernandez (no): local only; Carine Werner (yes): local only; Catherine Miranda (no): local only; David C. Farnsworth (yes): local only; David Gowan (yes): local only; Denise “Mitzi” Epstein (no): local only; Eva Diaz (no): local only; Flavio Bravo (no): local only; Frank Carroll (yes): local only; Hildy Angius (yes): local only; J.D. Mesnard (yes): local only; Jake Hoffman (yes): local only; Janae Shamp (other): local only; John Kavanagh (yes): local only; Kevin Payne (yes): local only; Kiana Sears (no): local only; Lauren Kuby (no): local only; Lela Alston (no): local only; Mark Finchem (yes): local only; Priya Sundareshan (no): local only; Rosanna Gabaldón (no): local only; Sally Ann Gonzales (no): local only; Shawnna Bolick (yes): local only; Theresa Hatathlie (no): local only; Thomas "T.J." Shope (yes): local only; Timothy "Tim" Dunn (yes): local only; Venden "Vince" Leach (yes): local only; Warren Petersen (yes): local only; Wendy Rogers (yes): local only | 47 other local bill(s) share this signature on 2026-06-12]
  [33m~[0m  AZ HB 2755 (57th-2nd-regular): vote tally differs on 2026-06-12  [local={'yes': 0, 'no': 0, 'other': 0, 'absent': 0, 'excused': 0, 'not voting': 0} live={'yes': 16, 'no': 13, 'other': 0, 'absent': 0, 'excused': 0, 'not voting': 1} | Analise Ortiz (no): live only; Brian Fernandez (no): live only; Carine Werner (yes): live only; Catherine Miranda (no): live only; David C. Farnsworth (yes): live only; David Gowan (yes): live only; Denise “Mitzi” Epstein (no): live only; Eva Diaz (no): live only; Flavio Bravo (no): live only; Frank Carroll (yes): live only; Hildy Angius (yes): live only; J.D. Mesnard (yes): live only; Jake Hoffman (yes): live only; Janae Shamp (other): live only; John Kavanagh (yes): live only; Kevin Payne (yes): live only; Kiana Sears (no): live only; Lauren Kuby (no): live only; Lela Alston (no): live only; Mark Finchem (yes): live only; Priya Sundareshan (no): live only; Rosanna Gabaldón (no): live only; Sally Ann Gonzales (no): live only; Shawnna Bolick (yes): live only; Theresa Hatathlie (no): live only; Thomas "T.J." Shope (yes): live only; Timothy "Tim" Dunn (yes): live only; Venden "Vince" Leach (yes): live only; Warren Petersen (yes): live only; Wendy Rogers (yes): live only | 47 other local bill(s) share this signature on 2026-06-12]
  [32m✓[0m  AZ HB 2755 (57th-2nd-regular): vote tally matches on 2026-06-13 ({'yes': 31, 'no': 22, 'other': 0, 'absent': 0, 'excused': 0, 'not voting': 7})
  [32m✓[0m  AZ HB 2755 (57th-2nd-regular): sponsorship count matches (2)
  [32m✓[0m  AZ HB 2760 (57th-2nd-regular): title matches
  [32m✓[0m  AZ HB 2760 (57th-2nd-regular): latest_action matches
  [32m✓[0m  AZ HB 2760 (57th-2nd-regular): vote event count matches (0)
  [32m✓[0m  AZ HB 2760 (57th-2nd-regular): sponsorship count matches (1)
  [32m✓[0m  AZ HB 2761 (57th-2nd-regular): title matches
  [32m✓[0m  AZ HB 2761 (57th-2nd-regular): latest_action matches
  [32m✓[0m  AZ HB 2761 (57th-2nd-regular): vote event count matches (0)
  [32m✓[0m  AZ HB 2761 (57th-2nd-regular): sponsorship count matches (1)
  [32m✓[0m  AZ HB 2766 (57th-2nd-regular): title matches
  [32m✓[0m  AZ HB 2766 (57th-2nd-regular): latest_action matches
  [32m✓[0m  AZ HB 2766 (57th-2nd-regular): vote event count matches (0)
  [32m✓[0m  AZ HB 2766 (57th-2nd-regular): sponsorship count matches (1)
  [32m✓[0m  AZ HB 2769 (57th-2nd-regular): title matches
  [32m✓[0m  AZ HB 2769 (57th-2nd-regular): latest_action matches
  [32m✓[0m  AZ HB 2769 (57th-2nd-regular): vote event count matches (0)
  [32m✓[0m  AZ HB 2769 (57th-2nd-regular): sponsorship count matches (1)
    ...175/500
  [32m✓[0m  AZ HB 2780 (57th-2nd-regular): title matches
  [32m✓[0m  AZ HB 2780 (57th-2nd-regular): latest_action matches
  [32m✓[0m  AZ HB 2780 (57th-2nd-regular): vote event count matches (2)
  [32m✓[0m  AZ HB 2780 (57th-2nd-regular): vote tally matches on 2026-03-09 ({'yes': 52, 'no': 0, 'other': 0, 'absent': 0, 'excused': 0, 'not voting': 7})
  [32m✓[0m  AZ HB 2780 (57th-2nd-regular): vote tally matches on 2026-06-12 ({'yes': 28, 'no': 0, 'other': 0, 'absent': 0, 'excused': 0, 'not voting': 2})
  [32m✓[0m  AZ HB 2780 (57th-2nd-regular): sponsorship count matches (1)
  [32m✓[0m  AZ HB 2797 (57th-2nd-regular): title matches
  [32m✓[0m  AZ HB 2797 (57th-2nd-regular): latest_action matches
  [32m✓[0m  AZ HB 2797 (57th-2nd-regular): vote event count matches (1)
  [32m✓[0m  AZ HB 2797 (57th-2nd-regular): vote tally matches on 2026-02-11 ({'yes': 0, 'no': 0, 'other': 0, 'absent': 0, 'excused': 0, 'not voting': 0})
  [32m✓[0m  AZ HB 2797 (57th-2nd-regular): sponsorship count matches (1)
  [32m✓[0m  AZ HB 2803 (57th-2nd-regular): title matches
  [32m✓[0m  AZ HB 2803 (57th-2nd-regular): latest_action matches
  [32m✓[0m  AZ HB 2803 (57th-2nd-regular): vote event count matches (0)
  [32m✓[0m  AZ HB 2803 (57th-2nd-regular): sponsorship count matches (16)
  [32m✓[0m  AZ HB 2806 (57th-2nd-regular): title matches
  [32m✓[0m  AZ HB 2806 (57th-2nd-regular): latest_action matches
  [32m✓[0m  AZ HB 2806 (57th-2nd-regular): vote event count matches (2)
  [32m✓[0m  AZ HB 2806 (57th-2nd-regular): vote tally matches on 2026-02-23 ({'yes': 0, 'no': 0, 'other': 0, 'absent': 0, 'excused': 0, 'not voting': 0})
  [32m✓[0m  AZ HB 2806 (57th-2nd-regular): vote tally matches on 2026-02-26 ({'yes': 31, 'no': 22, 'other': 0, 'absent': 0, 'excused': 0, 'not voting': 7})
  [32m✓[0m  AZ HB 2806 (57th-2nd-regular): sponsorship count matches (8)
  [32m✓[0m  AZ HB 2808 (57th-2nd-regular): title matches
  [32m✓[0m  AZ HB 2808 (57th-2nd-regular): latest_action matches
  [32m✓[0m  AZ HB 2808 (57th-2nd-regular): vote event count matches (0)
  [32m✓[0m  AZ HB 2808 (57th-2nd-regular): sponsorship count matches (1)
  [32m✓[0m  AZ HB 2814 (57th-2nd-regular): title matches
  [32m✓[0m  AZ HB 2814 (57th-2nd-regular): latest_action matches
  [32m✓[0m  AZ HB 2814 (57th-2nd-regular): vote event count matches (0)
  [32m✓[0m  AZ HB 2814 (57th-2nd-regular): sponsorship count matches (1)
  [32m✓[0m  AZ HB 2822 (57th-2nd-regular): title matches
  [32m✓[0m  AZ HB 2822 (57th-2nd-regular): latest_action matches
  [32m✓[0m  AZ HB 2822 (57th-2nd-regular): vote event count matches (0)
  [32m✓[0m  AZ HB 2822 (57th-2nd-regular): sponsorship count matches (3)
  [32m✓[0m  AZ HB 2823 (57th-2nd-regular): title matches
  [32m✓[0m  AZ HB 2823 (57th-2nd-regular): latest_action matches
  [32m✓[0m  AZ HB 2823 (57th-2nd-regular): vote event count matches (0)
  [32m✓[0m  AZ HB 2823 (57th-2nd-regular): sponsorship count matches (21)
  [32m✓[0m  AZ HB 2831 (57th-2nd-regular): title matches
  [32m✓[0m  AZ HB 2831 (57th-2nd-regular): latest_action matches
  [32m✓[0m  AZ HB 2831 (57th-2nd-regular): vote event count matches (0)
  [32m✓[0m  AZ HB 2831 (57th-2nd-regular): sponsorship count matches (1)
  [32m✓[0m  AZ HB 2833 (57th-2nd-regular): title matches
  [32m✓[0m  AZ HB 2833 (57th-2nd-regular): latest_action matches
  [32m✓[0m  AZ HB 2833 (57th-2nd-regular): vote event count matches (2)
  [32m✓[0m  AZ HB 2833 (57th-2nd-regular): vote tally matches on 2026-02-25 ({'yes': 0, 'no': 0, 'other': 0, 'absent': 0, 'excused': 0, 'not voting': 0})
  [32m✓[0m  AZ HB 2833 (57th-2nd-regular): vote tally matches on 2026-02-26 ({'yes': 31, 'no': 22, 'other': 0, 'absent': 0, 'excused': 0, 'not voting': 7})
  [32m✓[0m  AZ HB 2833 (57th-2nd-regular): sponsorship count matches (1)
  [32m✓[0m  AZ HB 2840 (57th-2nd-regular): title matches
  [32m✓[0m  AZ HB 2840 (57th-2nd-regular): latest_action matches
  [32m✓[0m  AZ HB 2840 (57th-2nd-regular): vote event count matches (0)
  [32m✓[0m  AZ HB 2840 (57th-2nd-regular): sponsorship count matches (6)
  [32m✓[0m  AZ HB 2846 (57th-2nd-regular): title matches
  [32m✓[0m  AZ HB 2846 (57th-2nd-regular): latest_action matches
  [32m✓[0m  AZ HB 2846 (57th-2nd-regular): vote event count matches (0)
  [32m✓[0m  AZ HB 2846 (57th-2nd-regular): sponsorship count matches (1)
  [32m✓[0m  AZ HB 2849 (57th-2nd-regular): title matches
  [32m✓[0m  AZ HB 2849 (57th-2nd-regular): latest_action matches
  [32m✓[0m  AZ HB 2849 (57th-2nd-regular): vote event count matches (0)
  [32m✓[0m  AZ HB 2849 (57th-2nd-regular): sponsorship count matches (1)
  [32m✓[0m  AZ HB 2854 (57th-2nd-regular): title matches
  [32m✓[0m  AZ HB 2854 (57th-2nd-regular): latest_action matches
  [32m✓[0m  AZ HB 2854 (57th-2nd-regular): vote event count matches (0)
  [32m✓[0m  AZ HB 2854 (57th-2nd-regular): sponsorship count matches (1)
  [32m✓[0m  AZ HB 2856 (57th-2nd-regular): title matches
  [32m✓[0m  AZ HB 2856 (57th-2nd-regular): latest_action matches
  [32m✓[0m  AZ HB 2856 (57th-2nd-regular): vote event count matches (0)
  [32m✓[0m  AZ HB 2856 (57th-2nd-regular): sponsorship count matches (1)
  [32m✓[0m  AZ HB 2860 (57th-2nd-regular): title matches
  [32m✓[0m  AZ HB 2860 (57th-2nd-regular): latest_action matches
  [32m✓[0m  AZ HB 2860 (57th-2nd-regular): vote event count matches (0)
  [32m✓[0m  AZ HB 2860 (57th-2nd-regular): sponsorship count matches (1)
  [32m✓[0m  AZ HB 2865 (57th-2nd-regular): title matches
  [32m✓[0m  AZ HB 2865 (57th-2nd-regular): latest_action matches
  [32m✓[0m  AZ HB 2865 (57th-2nd-regular): vote event count matches (0)
  [32m✓[0m  AZ HB 2865 (57th-2nd-regular): sponsorship count matches (2)
  [32m✓[0m  AZ HB 2870 (57th-2nd-regular): title matches
  [32m✓[0m  AZ HB 2870 (57th-2nd-regular): latest_action matches
  [32m✓[0m  AZ HB 2870 (57th-2nd-regular): vote event count matches (2)
  [32m✓[0m  AZ HB 2870 (57th-2nd-regular): vote tally matches on 2026-02-25 ({'yes': 0, 'no': 0, 'other': 0, 'absent': 0, 'excused': 0, 'not voting': 0})
  [32m✓[0m  AZ HB 2870 (57th-2nd-regular): vote tally matches on 2026-02-26 ({'yes': 35, 'no': 17, 'other': 0, 'absent': 0, 'excused': 0, 'not voting': 8})
  [32m✓[0m  AZ HB 2870 (57th-2nd-regular): sponsorship count matches (5)
  [32m✓[0m  AZ HB 2871 (57th-2nd-regular): title matches
  [32m✓[0m  AZ HB 2871 (57th-2nd-regular): latest_action matches
  [32m✓[0m  AZ HB 2871 (57th-2nd-regular): vote event count matches (0)
  [32m✓[0m  AZ HB 2871 (57th-2nd-regular): sponsorship count matches (1)
  [32m✓[0m  AZ HB 2873 (57th-2nd-regular): title matches
  [32m✓[0m  AZ HB 2873 (57th-2nd-regular): latest_action matches
  [32m✓[0m  AZ HB 2873 (57th-2nd-regular): vote event count matches (9)
  [32m✓[0m  AZ HB 2873 (57th-2nd-regular): vote tally matches on 2026-02-24 ({'yes': 0, 'no': 0, 'other': 0, 'absent': 0, 'excused': 0, 'not voting': 0})
  [32m✓[0m  AZ HB 2873 (57th-2nd-regular): vote tally matches on 2026-02-26 ({'yes': 37, 'no': 16, 'other': 0, 'absent': 0, 'excused': 0, 'not voting': 7})
  [32m✓[0m  AZ HB 2873 (57th-2nd-regular): vote tally matches on 2026-04-09 ({'yes': 0, 'no': 0, 'other': 0, 'absent': 0, 'excused': 0, 'not voting': 0})
  [32m✓[0m  AZ HB 2873 (57th-2nd-regular): vote tally matches on 2026-04-20 ({'yes': 0, 'no': 0, 'other': 0, 'absent': 0, 'excused': 0, 'not voting': 0})
  [32m✓[0m  AZ HB 2873 (57th-2nd-regular): vote tally matches on 2026-04-21 ({'yes': 20, 'no': 9, 'other': 0, 'absent': 0, 'excused': 0, 'not voting': 1})
  [32m✓[0m  AZ HB 2873 (57th-2nd-regular): vote tally matches on 2026-06-11 ({'yes': 27, 'no': 24, 'other': 0, 'absent': 0, 'excused': 0, 'not voting': 9})
  [33m~[0m  AZ HB 2873 (57th-2nd-regular): vote tally differs on 2026-06-11  [local={'yes': 0, 'no': 0, 'other': 0, 'absent': 0, 'excused': 0, 'not voting': 0} live={'yes': 31, 'no': 27, 'other': 0, 'absent': 0, 'excused': 0, 'not voting': 2} | Aaron Márquez (no): live only; Alexander Kolodin (no): live only; Alma Hernandez (yes): live only; Anna Abeytia (no): live only; Betty J Villegas (no): live only; Beverly Pingerelli (no): live only; Brian Garcia (no): live only; Cesar Aguilar (yes): live only; Chris Lopez (yes): live only; Christopher Mathis (no): live only; Cody Reim (no): live only; Consuelo Hernandez (yes): live only; David Livingston (yes): live only; Elda Luna-Nájera (yes): live only; Gail Griffin (yes): live only; James Taylor (yes): live only; Janeen Connolly (yes): live only; Jeff Weninger (yes): live only; John Gillette (yes): live only; Julie Willoughby (yes): live only; Junelle Cavero (yes): live only; Justin Olson (no): live only; Justin Wilmeth (yes): live only; Kevin Volk (no): live only; Khyl Powell (yes): live only; Laurin Hendrix (no): live only; Leo Biasiucci (no): live only; Lisa Fink (no): live only; Lorena Austin (no): live only; Lupe Contreras (yes): live only; Lupe Diaz (yes): live only; Lydia Hernandez (yes): live only; Mae Peshlakai (no): live only; Mariana Sandoval (no): live only; Matt Gress (yes): live only; Michael Carbone (yes): live only; Michael Way (yes): live only; Michele Peña (yes): live only; Myron Tsosie (other): live only; Nancy Gutierrez (other): live only; Neal Carter (yes): live only; Nick Kupper (yes): live only; Oscar De Los Santos (no): live only; Pamela Carter (no): live only; Patty Contreras (no): live only; Quang H Nguyen (yes): live only; Quantá Crews (no): live only; Rachel Keshel (no): live only; Ralph Heap (no): live only; Sarah Liguori (no): live only; Selina Bliss (yes): live only; Seth Blattman (no): live only; Stacey Travers (no): live only; Stephanie Simacek (no): live only; Stephanie Stahl Hamilton (no): live only; Steve Montenegro (yes): live only; Sylvia Allen (yes): live only; Teresa Martinez (yes): live only; Tony Rivero (yes): live only; Walt Blackman (yes): live only | 87 other local bill(s) share this signature on 2026-06-11]
  [33m~[0m  AZ HB 2873 (57th-2nd-regular): vote tally differs on 2026-06-11  [local={'yes': 31, 'no': 27, 'other': 0, 'absent': 0, 'excused': 0, 'not voting': 2} live={'yes': 0, 'no': 0, 'other': 0, 'absent': 0, 'excused': 0, 'not voting': 0} | Aaron Márquez (no): local only; Alexander Kolodin (no): local only; Alma Hernandez (yes): local only; Anna Abeytia (no): local only; Betty J Villegas (no): local only; Beverly Pingerelli (no): local only; Brian Garcia (no): local only; Cesar Aguilar (yes): local only; Chris Lopez (yes): local only; Christopher Mathis (no): local only; Cody Reim (no): local only; Consuelo Hernandez (yes): local only; David Livingston (yes): local only; Elda Luna-Nájera (yes): local only; Gail Griffin (yes): local only; James Taylor (yes): local only; Janeen Connolly (yes): local only; Jeff Weninger (yes): local only; John Gillette (yes): local only; Julie Willoughby (yes): local only; Junelle Cavero (yes): local only; Justin Olson (no): local only; Justin Wilmeth (yes): local only; Kevin Volk (no): local only; Khyl Powell (yes): local only; Laurin Hendrix (no): local only; Leo Biasiucci (no): local only; Lisa Fink (no): local only; Lorena Austin (no): local only; Lupe Contreras (yes): local only; Lupe Diaz (yes): local only; Lydia Hernandez (yes): local only; Mae Peshlakai (no): local only; Mariana Sandoval (no): local only; Matt Gress (yes): local only; Michael Carbone (yes): local only; Michael Way (yes): local only; Michele Peña (yes): local only; Myron Tsosie (other): local only; Nancy Gutierrez (other): local only; Neal Carter (yes): local only; Nick Kupper (yes): local only; Oscar De Los Santos (no): local only; Pamela Carter (no): local only; Patty Contreras (no): local only; Quang H Nguyen (yes): local only; Quantá Crews (no): local only; Rachel Keshel (no): local only; Ralph Heap (no): local only; Sarah Liguori (no): local only; Selina Bliss (yes): local only; Seth Blattman (no): local only; Stacey Travers (no): local only; Stephanie Simacek (no): local only; Stephanie Stahl Hamilton (no): local only; Steve Montenegro (yes): local only; Sylvia Allen (yes): local only; Teresa Martinez (yes): local only; Tony Rivero (yes): local only; Walt Blackman (yes): local only | 87 other local bill(s) share this signature on 2026-06-11]
  [32m✓[0m  AZ HB 2873 (57th-2nd-regular): vote tally matches on 2026-06-11 ({'yes': 0, 'no': 0, 'other': 0, 'absent': 0, 'excused': 0, 'not voting': 0})
  [32m✓[0m  AZ HB 2873 (57th-2nd-regular): sponsorship count matches (1)
  [32m✓[0m  AZ HB 2877 (57th-2nd-regular): title matches
  [32m✓[0m  AZ HB 2877 (57th-2nd-regular): latest_action matches
  [32m✓[0m  AZ HB 2877 (57th-2nd-regular): vote event count matches (4)
  [32m✓[0m  AZ HB 2877 (57th-2nd-regular): vote tally matches on 2026-02-19 ({'yes': 0, 'no': 0, 'other': 0, 'absent': 0, 'excused': 0, 'not voting': 0})
  [32m✓[0m  AZ HB 2877 (57th-2nd-regular): vote tally matches on 2026-02-23 ({'yes': 47, 'no': 10, 'other': 0, 'absent': 0, 'excused': 0, 'not voting': 3})
  [32m✓[0m  AZ HB 2877 (57th-2nd-regular): vote tally matches on 2026-04-07 ({'yes': 25, 'no': 4, 'other': 0, 'absent': 0, 'excused': 0, 'not voting': 1})
  [32m✓[0m  AZ HB 2877 (57th-2nd-regular): vote tally matches on 2026-04-07 ({'yes': 0, 'no': 0, 'other': 0, 'absent': 0, 'excused': 0, 'not voting': 0})
  [32m✓[0m  AZ HB 2877 (57th-2nd-regular): sponsorship count matches (1)
  [32m✓[0m  AZ HB 2884 (57th-2nd-regular): title matches
  [32m✓[0m  AZ HB 2884 (57th-2nd-regular): latest_action matches
  [32m✓[0m  AZ HB 2884 (57th-2nd-regular): vote event count matches (0)
  [32m✓[0m  AZ HB 2884 (57th-2nd-regular): sponsorship count matches (1)
  [32m✓[0m  AZ HB 2888 (57th-2nd-regular): title matches
  [32m✓[0m  AZ HB 2888 (57th-2nd-regular): latest_action matches
  [32m✓[0m  AZ HB 2888 (57th-2nd-regular): vote event count matches (0)
  [32m✓[0m  AZ HB 2888 (57th-2nd-regular): sponsorship count matches (1)
  [32m✓[0m  AZ HB 2889 (57th-2nd-regular): title matches
  [32m✓[0m  AZ HB 2889 (57th-2nd-regular): latest_action matches
  [32m✓[0m  AZ HB 2889 (57th-2nd-regular): vote event count matches (2)
  [32m✓[0m  AZ HB 2889 (57th-2nd-regular): vote tally matches on 2026-03-05 ({'yes': 0, 'no': 0, 'other': 0, 'absent': 0, 'excused': 0, 'not voting': 0})
  [32m✓[0m  AZ HB 2889 (57th-2nd-regular): vote tally matches on 2026-03-09 ({'yes': 50, 'no': 2, 'other': 0, 'absent': 0, 'excused': 0, 'not voting': 7})
  [32m✓[0m  AZ HB 2889 (57th-2nd-regular): sponsorship count matches (1)
  [32m✓[0m  AZ HB 2890 (57th-2nd-regular): title matches
  [32m✓[0m  AZ HB 2890 (57th-2nd-regular): latest_action matches
  [32m✓[0m  AZ HB 2890 (57th-2nd-regular): vote event count matches (0)
  [32m✓[0m  AZ HB 2890 (57th-2nd-regular): sponsorship count matches (1)
    ...200/500
  [32m✓[0m  AZ HB 2892 (57th-2nd-regular): title matches
  [32m✓[0m  AZ HB 2892 (57th-2nd-regular): latest_action matches
  [32m✓[0m  AZ HB 2892 (57th-2nd-regular): vote event count matches (0)
  [32m✓[0m  AZ HB 2892 (57th-2nd-regular): sponsorship count matches (1)
  [32m✓[0m  AZ HB 2911 (57th-2nd-regular): title matches
  [32m✓[0m  AZ HB 2911 (57th-2nd-regular): latest_action matches
  [32m✓[0m  AZ HB 2911 (57th-2nd-regular): vote event count matches (0)
  [32m✓[0m  AZ HB 2911 (57th-2nd-regular): sponsorship count matches (1)
  [32m✓[0m  AZ HB 2913 (57th-2nd-regular): title matches
  [32m✓[0m  AZ HB 2913 (57th-2nd-regular): latest_action matches
  [32m✓[0m  AZ HB 2913 (57th-2nd-regular): vote event count matches (2)
  [32m✓[0m  AZ HB 2913 (57th-2nd-regular): vote tally matches on 2026-02-25 ({'yes': 0, 'no': 0, 'other': 0, 'absent': 0, 'excused': 0, 'not voting': 0})
  [32m✓[0m  AZ HB 2913 (57th-2nd-regular): vote tally matches on 2026-03-09 ({'yes': 22, 'no': 30, 'other': 0, 'absent': 0, 'excused': 0, 'not voting': 7})
  [32m✓[0m  AZ HB 2913 (57th-2nd-regular): sponsorship count matches (9)
  [32m✓[0m  AZ HB 2916 (57th-2nd-regular): title matches
  [32m✓[0m  AZ HB 2916 (57th-2nd-regular): latest_action matches
  [32m✓[0m  AZ HB 2916 (57th-2nd-regular): vote event count matches (6)
  [32m✓[0m  AZ HB 2916 (57th-2nd-regular): vote tally matches on 2026-02-25 ({'yes': 0, 'no': 0, 'other': 0, 'absent': 0, 'excused': 0, 'not voting': 0})
  [32m✓[0m  AZ HB 2916 (57th-2nd-regular): vote tally matches on 2026-02-26 ({'yes': 49, 'no': 3, 'other': 0, 'absent': 0, 'excused': 0, 'not voting': 8})
  [32m✓[0m  AZ HB 2916 (57th-2nd-regular): vote tally matches on 2026-04-14 ({'yes': 0, 'no': 0, 'other': 0, 'absent': 0, 'excused': 0, 'not voting': 0})
  [32m✓[0m  AZ HB 2916 (57th-2nd-regular): vote tally matches on 2026-04-14 ({'yes': 26, 'no': 1, 'other': 0, 'absent': 0, 'excused': 0, 'not voting': 3})
  [32m✓[0m  AZ HB 2916 (57th-2nd-regular): vote tally matches on 2026-06-01 ({'yes': 0, 'no': 0, 'other': 0, 'absent': 0, 'excused': 0, 'not voting': 0})
  [32m✓[0m  AZ HB 2916 (57th-2nd-regular): vote tally matches on 2026-06-01 ({'yes': 52, 'no': 3, 'other': 0, 'absent': 0, 'excused': 0, 'not voting': 5})
  [32m✓[0m  AZ HB 2916 (57th-2nd-regular): sponsorship count matches (1)
  [32m✓[0m  AZ HB 2920 (57th-2nd-regular): title matches
  [32m✓[0m  AZ HB 2920 (57th-2nd-regular): latest_action matches
  [32m✓[0m  AZ HB 2920 (57th-2nd-regular): vote event count matches (0)
  [32m✓[0m  AZ HB 2920 (57th-2nd-regular): sponsorship count matches (12)
  [32m✓[0m  AZ HB 2929 (57th-2nd-regular): title matches
  [32m✓[0m  AZ HB 2929 (57th-2nd-regular): latest_action matches
  [32m✓[0m  AZ HB 2929 (57th-2nd-regular): vote event count matches (0)
  [32m✓[0m  AZ HB 2929 (57th-2nd-regular): sponsorship count matches (14)
  [32m✓[0m  AZ HB 2936 (57th-2nd-regular): title matches
  [32m✓[0m  AZ HB 2936 (57th-2nd-regular): latest_action matches
  [32m✓[0m  AZ HB 2936 (57th-2nd-regular): vote event count matches (0)
  [32m✓[0m  AZ HB 2936 (57th-2nd-regular): sponsorship count matches (28)
  [32m✓[0m  AZ HB 2940 (57th-2nd-regular): title matches
  [32m✓[0m  AZ HB 2940 (57th-2nd-regular): latest_action matches
  [32m✓[0m  AZ HB 2940 (57th-2nd-regular): vote event count matches (3)
  [32m✓[0m  AZ HB 2940 (57th-2nd-regular): vote tally matches on 2026-02-25 ({'yes': 0, 'no': 0, 'other': 0, 'absent': 0, 'excused': 0, 'not voting': 0})
  [32m✓[0m  AZ HB 2940 (57th-2nd-regular): vote tally matches on 2026-03-02 ({'yes': 0, 'no': 0, 'other': 0, 'absent': 0, 'excused': 0, 'not voting': 0})
  [32m✓[0m  AZ HB 2940 (57th-2nd-regular): vote tally matches on 2026-03-03 ({'yes': 32, 'no': 24, 'other': 0, 'absent': 0, 'excused': 0, 'not voting': 3})
  [32m✓[0m  AZ HB 2940 (57th-2nd-regular): sponsorship count matches (1)
  [32m✓[0m  AZ HB 2943 (57th-2nd-regular): title matches
  [32m✓[0m  AZ HB 2943 (57th-2nd-regular): latest_action matches
  [32m✓[0m  AZ HB 2943 (57th-2nd-regular): vote event count matches (1)
  [32m✓[0m  AZ HB 2943 (57th-2nd-regular): vote tally matches on 2026-02-23 ({'yes': 32, 'no': 25, 'other': 0, 'absent': 0, 'excused': 0, 'not voting': 3})
  [32m✓[0m  AZ HB 2943 (57th-2nd-regular): sponsorship count matches (2)
  [32m✓[0m  AZ HB 2947 (57th-2nd-regular): title matches
  [32m✓[0m  AZ HB 2947 (57th-2nd-regular): latest_action matches
  [32m✓[0m  AZ HB 2947 (57th-2nd-regular): vote event count matches (0)
  [32m✓[0m  AZ HB 2947 (57th-2nd-regular): sponsorship count matches (12)
  [32m✓[0m  AZ HB 2949 (57th-2nd-regular): title matches
  [32m✓[0m  AZ HB 2949 (57th-2nd-regular): latest_action matches
  [32m✓[0m  AZ HB 2949 (57th-2nd-regular): vote event count matches (0)
  [32m✓[0m  AZ HB 2949 (57th-2nd-regular): sponsorship count matches (24)
  [32m✓[0m  AZ HB 2951 (57th-2nd-regular): title matches
  [32m✓[0m  AZ HB 2951 (57th-2nd-regular): latest_action matches
  [32m✓[0m  AZ HB 2951 (57th-2nd-regular): vote event count matches (2)
  [32m✓[0m  AZ HB 2951 (57th-2nd-regular): vote tally matches on 2026-03-04 ({'yes': 0, 'no': 0, 'other': 0, 'absent': 0, 'excused': 0, 'not voting': 0})
  [32m✓[0m  AZ HB 2951 (57th-2nd-regular): vote tally matches on 2026-03-05 ({'yes': 50, 'no': 0, 'other': 0, 'absent': 0, 'excused': 0, 'not voting': 9})
  [32m✓[0m  AZ HB 2951 (57th-2nd-regular): sponsorship count matches (23)
  [32m✓[0m  AZ HB 2952 (57th-2nd-regular): title matches
  [32m✓[0m  AZ HB 2952 (57th-2nd-regular): latest_action matches
  [32m✓[0m  AZ HB 2952 (57th-2nd-regular): vote event count matches (0)
  [32m✓[0m  AZ HB 2952 (57th-2nd-regular): sponsorship count matches (5)
  [32m✓[0m  AZ HB 2954 (57th-2nd-regular): title matches
  [32m✓[0m  AZ HB 2954 (57th-2nd-regular): latest_action matches
  [32m✓[0m  AZ HB 2954 (57th-2nd-regular): vote event count matches (0)
  [32m✓[0m  AZ HB 2954 (57th-2nd-regular): sponsorship count matches (1)
  [32m✓[0m  AZ HB 2966 (57th-2nd-regular): title matches
  [32m✓[0m  AZ HB 2966 (57th-2nd-regular): latest_action matches
  [32m✓[0m  AZ HB 2966 (57th-2nd-regular): vote event count matches (1)
  [32m✓[0m  AZ HB 2966 (57th-2nd-regular): vote tally matches on 2026-02-23 ({'yes': 31, 'no': 26, 'other': 0, 'absent': 0, 'excused': 0, 'not voting': 3})
  [32m✓[0m  AZ HB 2966 (57th-2nd-regular): sponsorship count matches (4)
  [32m✓[0m  AZ HB 2969 (57th-2nd-regular): title matches
  [32m✓[0m  AZ HB 2969 (57th-2nd-regular): latest_action matches
  [32m✓[0m  AZ HB 2969 (57th-2nd-regular): vote event count matches (0)
  [32m✓[0m  AZ HB 2969 (57th-2nd-regular): sponsorship count matches (3)
  [32m✓[0m  AZ HB 2972 (57th-2nd-regular): title matches
  [32m✓[0m  AZ HB 2972 (57th-2nd-regular): latest_action matches
  [32m✓[0m  AZ HB 2972 (57th-2nd-regular): vote event count matches (0)
  [32m✓[0m  AZ HB 2972 (57th-2nd-regular): sponsorship count matches (1)
  [32m✓[0m  AZ HB 2973 (57th-2nd-regular): title matches
  [32m✓[0m  AZ HB 2973 (57th-2nd-regular): latest_action matches
  [32m✓[0m  AZ HB 2973 (57th-2nd-regular): vote event count matches (0)
  [32m✓[0m  AZ HB 2973 (57th-2nd-regular): sponsorship count matches (1)
  [32m✓[0m  AZ HB 2975 (57th-2nd-regular): title matches
  [32m✓[0m  AZ HB 2975 (57th-2nd-regular): latest_action matches
  [32m✓[0m  AZ HB 2975 (57th-2nd-regular): vote event count matches (3)
  [32m✓[0m  AZ HB 2975 (57th-2nd-regular): vote tally matches on 2026-02-24 ({'yes': 0, 'no': 0, 'other': 0, 'absent': 0, 'excused': 0, 'not voting': 0})
  [32m✓[0m  AZ HB 2975 (57th-2nd-regular): vote tally matches on 2026-02-26 ({'yes': 31, 'no': 22, 'other': 0, 'absent': 0, 'excused': 0, 'not voting': 7})
  [32m✓[0m  AZ HB 2975 (57th-2nd-regular): vote tally matches on 2026-04-13 ({'yes': 0, 'no': 0, 'other': 0, 'absent': 0, 'excused': 0, 'not voting': 0})
  [32m✓[0m  AZ HB 2975 (57th-2nd-regular): sponsorship count matches (2)
  [32m✓[0m  AZ HB 2978 (57th-2nd-regular): title matches
  [32m✓[0m  AZ HB 2978 (57th-2nd-regular): latest_action matches
  [32m✓[0m  AZ HB 2978 (57th-2nd-regular): vote event count matches (0)
  [32m✓[0m  AZ HB 2978 (57th-2nd-regular): sponsorship count matches (1)
  [32m✓[0m  AZ HB 2980 (57th-2nd-regular): title matches
  [32m✓[0m  AZ HB 2980 (57th-2nd-regular): latest_action matches
  [32m✓[0m  AZ HB 2980 (57th-2nd-regular): vote event count matches (0)
  [32m✓[0m  AZ HB 2980 (57th-2nd-regular): sponsorship count matches (1)
  [32m✓[0m  AZ HB 2981 (57th-2nd-regular): title matches
  [32m✓[0m  AZ HB 2981 (57th-2nd-regular): latest_action matches
  [32m✓[0m  AZ HB 2981 (57th-2nd-regular): vote event count matches (0)
  [32m✓[0m  AZ HB 2981 (57th-2nd-regular): sponsorship count matches (1)
  [32m✓[0m  AZ HB 2988 (57th-2nd-regular): title matches
  [32m✓[0m  AZ HB 2988 (57th-2nd-regular): latest_action matches
  [32m✓[0m  AZ HB 2988 (57th-2nd-regular): vote event count matches (0)
  [32m✓[0m  AZ HB 2988 (57th-2nd-regular): sponsorship count matches (2)
  [32m✓[0m  AZ HB 2991 (57th-2nd-regular): title matches
  [32m✓[0m  AZ HB 2991 (57th-2nd-regular): latest_action matches
  [32m✓[0m  AZ HB 2991 (57th-2nd-regular): vote event count matches (3)
  [32m✓[0m  AZ HB 2991 (57th-2nd-regular): vote tally matches on 2026-03-04 ({'yes': 0, 'no': 0, 'other': 0, 'absent': 0, 'excused': 0, 'not voting': 0})
  [32m✓[0m  AZ HB 2991 (57th-2nd-regular): vote tally matches on 2026-03-05 ({'yes': 44, 'no': 6, 'other': 0, 'absent': 0, 'excused': 0, 'not voting': 9})
  [32m✓[0m  AZ HB 2991 (57th-2nd-regular): vote tally matches on 2026-06-10 ({'yes': 0, 'no': 0, 'other': 0, 'absent': 0, 'excused': 0, 'not voting': 0})
  [32m✓[0m  AZ HB 2991 (57th-2nd-regular): sponsorship count matches (1)
  [32m✓[0m  AZ HB 2996 (57th-2nd-regular): title matches
  [32m✓[0m  AZ HB 2996 (57th-2nd-regular): latest_action matches
  [32m✓[0m  AZ HB 2996 (57th-2nd-regular): vote event count matches (3)
  [32m✓[0m  AZ HB 2996 (57th-2nd-regular): vote tally matches on 2026-02-25 ({'yes': 0, 'no': 0, 'other': 0, 'absent': 0, 'excused': 0, 'not voting': 0})
  [32m✓[0m  AZ HB 2996 (57th-2nd-regular): vote tally matches on 2026-02-26 ({'yes': 52, 'no': 0, 'other': 0, 'absent': 0, 'excused': 0, 'not voting': 8})
  [32m✓[0m  AZ HB 2996 (57th-2nd-regular): vote tally matches on 2026-06-01 ({'yes': 26, 'no': 0, 'other': 0, 'absent': 0, 'excused': 0, 'not voting': 4})
  [32m✓[0m  AZ HB 2996 (57th-2nd-regular): sponsorship count matches (1)
    ...225/500
  [32m✓[0m  AZ HB 4003 (57th-2nd-regular): title matches
  [32m✓[0m  AZ HB 4003 (57th-2nd-regular): latest_action matches
  [32m✓[0m  AZ HB 4003 (57th-2nd-regular): vote event count matches (0)
  [32m✓[0m  AZ HB 4003 (57th-2nd-regular): sponsorship count matches (1)
  [32m✓[0m  AZ HB 4004 (57th-2nd-regular): title matches
  [32m✓[0m  AZ HB 4004 (57th-2nd-regular): latest_action matches
  [32m✓[0m  AZ HB 4004 (57th-2nd-regular): vote event count matches (2)
  [32m✓[0m  AZ HB 4004 (57th-2nd-regular): vote tally matches on 2026-03-05 ({'yes': 0, 'no': 0, 'other': 0, 'absent': 0, 'excused': 0, 'not voting': 0})
  [32m✓[0m  AZ HB 4004 (57th-2nd-regular): vote tally matches on 2026-03-09 ({'yes': 39, 'no': 13, 'other': 0, 'absent': 0, 'excused': 0, 'not voting': 7})
  [32m✓[0m  AZ HB 4004 (57th-2nd-regular): sponsorship count matches (1)
  [32m✓[0m  AZ HB 4006 (57th-2nd-regular): title matches
  [32m✓[0m  AZ HB 4006 (57th-2nd-regular): latest_action matches
  [32m✓[0m  AZ HB 4006 (57th-2nd-regular): vote event count matches (0)
  [32m✓[0m  AZ HB 4006 (57th-2nd-regular): sponsorship count matches (14)
  [32m✓[0m  AZ HB 4008 (57th-2nd-regular): title matches
  [32m✓[0m  AZ HB 4008 (57th-2nd-regular): latest_action matches
  [32m✓[0m  AZ HB 4008 (57th-2nd-regular): vote event count matches (0)
  [32m✓[0m  AZ HB 4008 (57th-2nd-regular): sponsorship count matches (14)
  [32m✓[0m  AZ HB 4009 (57th-2nd-regular): title matches
  [32m✓[0m  AZ HB 4009 (57th-2nd-regular): latest_action matches
  [32m✓[0m  AZ HB 4009 (57th-2nd-regular): vote event count matches (2)
  [32m✓[0m  AZ HB 4009 (57th-2nd-regular): vote tally matches on 2026-02-23 ({'yes': 0, 'no': 0, 'other': 0, 'absent': 0, 'excused': 0, 'not voting': 0})
  [32m✓[0m  AZ HB 4009 (57th-2nd-regular): vote tally matches on 2026-02-26 ({'yes': 29, 'no': 25, 'other': 0, 'absent': 0, 'excused': 0, 'not voting': 6})
  [32m✓[0m  AZ HB 4009 (57th-2nd-regular): sponsorship count matches (1)
  [32m✓[0m  AZ HB 4010 (57th-2nd-regular): title matches
  [32m✓[0m  AZ HB 4010 (57th-2nd-regular): latest_action matches
  [32m✓[0m  AZ HB 4010 (57th-2nd-regular): vote event count matches (3)
  [32m✓[0m  AZ HB 4010 (57th-2nd-regular): vote tally matches on 2026-03-02 ({'yes': 0, 'no': 0, 'other': 0, 'absent': 0, 'excused': 0, 'not voting': 0})
  [32m✓[0m  AZ HB 4010 (57th-2nd-regular): vote tally matches on 2026-03-04 ({'yes': 39, 'no': 14, 'other': 0, 'absent': 0, 'excused': 0, 'not voting': 6})
  [32m✓[0m  AZ HB 4010 (57th-2nd-regular): vote tally matches on 2026-06-09 ({'yes': 26, 'no': 3, 'other': 0, 'absent': 0, 'excused': 0, 'not voting': 1})
  [32m✓[0m  AZ HB 4010 (57th-2nd-regular): sponsorship count matches (1)
  [32m✓[0m  AZ HB 4012 (57th-2nd-regular): title matches
  [32m✓[0m  AZ HB 4012 (57th-2nd-regular): latest_action matches
  [32m✓[0m  AZ HB 4012 (57th-2nd-regular): vote event count matches (0)
  [32m✓[0m  AZ HB 4012 (57th-2nd-regular): sponsorship count matches (1)
  [32m✓[0m  AZ HB 4017 (57th-2nd-regular): title matches
  [32m✓[0m  AZ HB 4017 (57th-2nd-regular): latest_action matches
  [32m✓[0m  AZ HB 4017 (57th-2nd-regular): vote event count matches (1)
  [32m✓[0m  AZ HB 4017 (57th-2nd-regular): vote tally matches on 2026-02-26 ({'yes': 47, 'no': 7, 'other': 0, 'absent': 0, 'excused': 0, 'not voting': 6})
  [32m✓[0m  AZ HB 4017 (57th-2nd-regular): sponsorship count matches (1)
  [32m✓[0m  AZ HB 4018 (57th-2nd-regular): title matches
  [32m✓[0m  AZ HB 4018 (57th-2nd-regular): latest_action matches
  [32m✓[0m  AZ HB 4018 (57th-2nd-regular): vote event count matches (9)
  [32m✓[0m  AZ HB 4018 (57th-2nd-regular): vote tally matches on 2026-03-03 ({'yes': 0, 'no': 0, 'other': 0, 'absent': 0, 'excused': 0, 'not voting': 0})
  [32m✓[0m  AZ HB 4018 (57th-2nd-regular): vote tally matches on 2026-03-04 ({'yes': 0, 'no': 0, 'other': 0, 'absent': 0, 'excused': 0, 'not voting': 0})
  [32m✓[0m  AZ HB 4018 (57th-2nd-regular): vote tally matches on 2026-03-05 ({'yes': 0, 'no': 0, 'other': 0, 'absent': 0, 'excused': 0, 'not voting': 0})
  [32m✓[0m  AZ HB 4018 (57th-2nd-regular): vote tally matches on 2026-03-05 ({'yes': 26, 'no': 24, 'other': 0, 'absent': 0, 'excused': 0, 'not voting': 9})
  [32m✓[0m  AZ HB 4018 (57th-2nd-regular): vote tally matches on 2026-03-10 ({'yes': 0, 'no': 0, 'other': 0, 'absent': 0, 'excused': 0, 'not voting': 0})
  [32m✓[0m  AZ HB 4018 (57th-2nd-regular): vote tally matches on 2026-03-10 ({'yes': 0, 'no': 0, 'other': 0, 'absent': 0, 'excused': 0, 'not voting': 0})
  [32m✓[0m  AZ HB 4018 (57th-2nd-regular): vote tally matches on 2026-03-11 ({'yes': 52, 'no': 0, 'other': 0, 'absent': 0, 'excused': 0, 'not voting': 7})
  [32m✓[0m  AZ HB 4018 (57th-2nd-regular): vote tally matches on 2026-04-14 ({'yes': 0, 'no': 0, 'other': 0, 'absent': 0, 'excused': 0, 'not voting': 0})
  [32m✓[0m  AZ HB 4018 (57th-2nd-regular): vote tally matches on 2026-06-09 ({'yes': 18, 'no': 11, 'other': 0, 'absent': 0, 'excused': 0, 'not voting': 1})
  [32m✓[0m  AZ HB 4018 (57th-2nd-regular): sponsorship count matches (1)
  [32m✓[0m  AZ HB 4026 (57th-2nd-regular): title matches
  [32m✓[0m  AZ HB 4026 (57th-2nd-regular): latest_action matches
  [32m✓[0m  AZ HB 4026 (57th-2nd-regular): vote event count matches (2)
  [32m✓[0m  AZ HB 4026 (57th-2nd-regular): vote tally matches on 2026-03-03 ({'yes': 38, 'no': 17, 'other': 0, 'absent': 0, 'excused': 0, 'not voting': 4})
  [32m✓[0m  AZ HB 4026 (57th-2nd-regular): vote tally matches on 2026-03-03 ({'yes': 0, 'no': 0, 'other': 0, 'absent': 0, 'excused': 0, 'not voting': 0})
  [32m✓[0m  AZ HB 4026 (57th-2nd-regular): sponsorship count matches (7)
  [32m✓[0m  AZ HB 4032 (57th-2nd-regular): title matches
  [32m✓[0m  AZ HB 4032 (57th-2nd-regular): latest_action matches
  [32m✓[0m  AZ HB 4032 (57th-2nd-regular): vote event count matches (0)
  [32m✓[0m  AZ HB 4032 (57th-2nd-regular): sponsorship count matches (5)
  [32m✓[0m  AZ HB 4037 (57th-2nd-regular): title matches
  [32m✓[0m  AZ HB 4037 (57th-2nd-regular): latest_action matches
  [32m✓[0m  AZ HB 4037 (57th-2nd-regular): vote event count matches (1)
  [32m✓[0m  AZ HB 4037 (57th-2nd-regular): vote tally matches on 2026-02-25 ({'yes': 0, 'no': 0, 'other': 0, 'absent': 0, 'excused': 0, 'not voting': 0})
  [32m✓[0m  AZ HB 4037 (57th-2nd-regular): sponsorship count matches (1)
  [32m✓[0m  AZ HB 4044 (57th-2nd-regular): title matches
  [32m✓[0m  AZ HB 4044 (57th-2nd-regular): latest_action matches
  [32m✓[0m  AZ HB 4044 (57th-2nd-regular): vote event count matches (2)
  [32m✓[0m  AZ HB 4044 (57th-2nd-regular): vote tally matches on 2026-03-05 ({'yes': 0, 'no': 0, 'other': 0, 'absent': 0, 'excused': 0, 'not voting': 0})
  [32m✓[0m  AZ HB 4044 (57th-2nd-regular): vote tally matches on 2026-03-09 ({'yes': 35, 'no': 17, 'other': 0, 'absent': 0, 'excused': 0, 'not voting': 7})
  [32m✓[0m  AZ HB 4044 (57th-2nd-regular): sponsorship count matches (1)
  [32m✓[0m  AZ HB 4045 (57th-2nd-regular): title matches
  [32m✓[0m  AZ HB 4045 (57th-2nd-regular): latest_action matches
  [32m✓[0m  AZ HB 4045 (57th-2nd-regular): vote event count matches (0)
  [32m✓[0m  AZ HB 4045 (57th-2nd-regular): sponsorship count matches (1)
  [32m✓[0m  AZ HB 4049 (57th-2nd-regular): title matches
  [32m✓[0m  AZ HB 4049 (57th-2nd-regular): latest_action matches
  [32m✓[0m  AZ HB 4049 (57th-2nd-regular): vote event count matches (3)
  [32m✓[0m  AZ HB 4049 (57th-2nd-regular): vote tally matches on 2026-02-25 ({'yes': 0, 'no': 0, 'other': 0, 'absent': 0, 'excused': 0, 'not voting': 0})
  [32m✓[0m  AZ HB 4049 (57th-2nd-regular): vote tally matches on 2026-03-02 ({'yes': 31, 'no': 25, 'other': 0, 'absent': 0, 'excused': 0, 'not voting': 3})
  [32m✓[0m  AZ HB 4049 (57th-2nd-regular): vote tally matches on 2026-06-09 ({'yes': 16, 'no': 13, 'other': 0, 'absent': 0, 'excused': 0, 'not voting': 1})
  [32m✓[0m  AZ HB 4049 (57th-2nd-regular): sponsorship count matches (1)
  [32m✓[0m  AZ HB 4050 (57th-2nd-regular): title matches
  [32m✓[0m  AZ HB 4050 (57th-2nd-regular): latest_action matches
  [32m✓[0m  AZ HB 4050 (57th-2nd-regular): vote event count matches (0)
  [32m✓[0m  AZ HB 4050 (57th-2nd-regular): sponsorship count matches (1)
  [32m✓[0m  AZ HB 4058 (57th-2nd-regular): title matches
  [32m✓[0m  AZ HB 4058 (57th-2nd-regular): latest_action matches
  [32m✓[0m  AZ HB 4058 (57th-2nd-regular): vote event count matches (0)
  [32m✓[0m  AZ HB 4058 (57th-2nd-regular): sponsorship count matches (1)
  [32m✓[0m  AZ HB 4065 (57th-2nd-regular): title matches
  [32m✓[0m  AZ HB 4065 (57th-2nd-regular): latest_action matches
  [32m✓[0m  AZ HB 4065 (57th-2nd-regular): vote event count matches (0)
  [32m✓[0m  AZ HB 4065 (57th-2nd-regular): sponsorship count matches (9)
  [32m✓[0m  AZ HB 4072 (57th-2nd-regular): title matches
  [32m✓[0m  AZ HB 4072 (57th-2nd-regular): latest_action matches
  [32m✓[0m  AZ HB 4072 (57th-2nd-regular): vote event count matches (0)
  [32m✓[0m  AZ HB 4072 (57th-2nd-regular): sponsorship count matches (16)
  [32m✓[0m  AZ HB 4073 (57th-2nd-regular): title matches
  [32m✓[0m  AZ HB 4073 (57th-2nd-regular): latest_action matches
  [32m✓[0m  AZ HB 4073 (57th-2nd-regular): vote event count matches (0)
  [32m✓[0m  AZ HB 4073 (57th-2nd-regular): sponsorship count matches (28)
  [32m✓[0m  AZ HB 4077 (57th-2nd-regular): title matches
  [32m✓[0m  AZ HB 4077 (57th-2nd-regular): latest_action matches
  [32m✓[0m  AZ HB 4077 (57th-2nd-regular): vote event count matches (0)
  [32m✓[0m  AZ HB 4077 (57th-2nd-regular): sponsorship count matches (8)
  [32m✓[0m  AZ HB 4079 (57th-2nd-regular): title matches
  [32m✓[0m  AZ HB 4079 (57th-2nd-regular): latest_action matches
  [32m✓[0m  AZ HB 4079 (57th-2nd-regular): vote event count matches (0)
  [32m✓[0m  AZ HB 4079 (57th-2nd-regular): sponsorship count matches (3)
  [32m✓[0m  AZ HB 4081 (57th-2nd-regular): title matches
  [32m✓[0m  AZ HB 4081 (57th-2nd-regular): latest_action matches
  [32m✓[0m  AZ HB 4081 (57th-2nd-regular): vote event count matches (0)
  [32m✓[0m  AZ HB 4081 (57th-2nd-regular): sponsorship count matches (1)
  [32m✓[0m  AZ HB 4084 (57th-2nd-regular): title matches
  [32m✓[0m  AZ HB 4084 (57th-2nd-regular): latest_action matches
  [32m✓[0m  AZ HB 4084 (57th-2nd-regular): vote event count matches (0)
  [32m✓[0m  AZ HB 4084 (57th-2nd-regular): sponsorship count matches (8)
  [32m✓[0m  AZ HB 4089 (57th-2nd-regular): title matches
  [32m✓[0m  AZ HB 4089 (57th-2nd-regular): latest_action matches
  [32m✓[0m  AZ HB 4089 (57th-2nd-regular): vote event count matches (0)
  [32m✓[0m  AZ HB 4089 (57th-2nd-regular): sponsorship count matches (21)
    ...250/500
  [32m✓[0m  AZ HB 4107 (57th-2nd-regular): title matches
  [32m✓[0m  AZ HB 4107 (57th-2nd-regular): latest_action matches
  [32m✓[0m  AZ HB 4107 (57th-2nd-regular): vote event count matches (0)
  [32m✓[0m  AZ HB 4107 (57th-2nd-regular): sponsorship count matches (1)
  [32m✓[0m  AZ HB 4110 (57th-2nd-regular): title matches
  [32m✓[0m  AZ HB 4110 (57th-2nd-regular): latest_action matches
  [32m✓[0m  AZ HB 4110 (57th-2nd-regular): vote event count matches (0)
  [32m✓[0m  AZ HB 4110 (57th-2nd-regular): sponsorship count matches (8)
  [32m✓[0m  AZ HB 4112 (57th-2nd-regular): title matches
  [32m✓[0m  AZ HB 4112 (57th-2nd-regular): latest_action matches
  [32m✓[0m  AZ HB 4112 (57th-2nd-regular): vote event count matches (0)
  [32m✓[0m  AZ HB 4112 (57th-2nd-regular): sponsorship count matches (1)
  [32m✓[0m  AZ HB 4115 (57th-2nd-regular): title matches
  [32m✓[0m  AZ HB 4115 (57th-2nd-regular): latest_action matches
  [32m✓[0m  AZ HB 4115 (57th-2nd-regular): vote event count matches (4)
  [32m✓[0m  AZ HB 4115 (57th-2nd-regular): vote tally matches on 2026-03-02 ({'yes': 0, 'no': 0, 'other': 0, 'absent': 0, 'excused': 0, 'not voting': 0})
  [32m✓[0m  AZ HB 4115 (57th-2nd-regular): vote tally matches on 2026-03-03 ({'yes': 32, 'no': 24, 'other': 0, 'absent': 0, 'excused': 0, 'not voting': 3})
  [32m✓[0m  AZ HB 4115 (57th-2nd-regular): vote tally matches on 2026-03-09 ({'yes': 0, 'no': 0, 'other': 0, 'absent': 0, 'excused': 0, 'not voting': 0})
  [32m✓[0m  AZ HB 4115 (57th-2nd-regular): vote tally matches on 2026-03-09 ({'yes': 16, 'no': 13, 'other': 0, 'absent': 0, 'excused': 0, 'not voting': 1})
  [32m✓[0m  AZ HB 4115 (57th-2nd-regular): sponsorship count matches (1)
  [32m✓[0m  AZ HB 4120 (57th-2nd-regular): title matches
  [32m✓[0m  AZ HB 4120 (57th-2nd-regular): latest_action matches
  [32m✓[0m  AZ HB 4120 (57th-2nd-regular): vote event count matches (0)
  [32m✓[0m  AZ HB 4120 (57th-2nd-regular): sponsorship count matches (6)
  [32m✓[0m  AZ HB 4122 (57th-2nd-regular): title matches
  [32m✓[0m  AZ HB 4122 (57th-2nd-regular): latest_action matches
  [32m✓[0m  AZ HB 4122 (57th-2nd-regular): vote event count matches (0)
  [32m✓[0m  AZ HB 4122 (57th-2nd-regular): sponsorship count matches (6)
  [32m✓[0m  AZ HB 4135 (57th-2nd-regular): title matches
  [32m✓[0m  AZ HB 4135 (57th-2nd-regular): latest_action matches
  [32m✓[0m  AZ HB 4135 (57th-2nd-regular): vote event count matches (0)
  [32m✓[0m  AZ HB 4135 (57th-2nd-regular): sponsorship count matches (19)
  [32m✓[0m  AZ HB 4148 (57th-2nd-regular): title matches
  [32m✓[0m  AZ HB 4148 (57th-2nd-regular): latest_action matches
  [32m✓[0m  AZ HB 4148 (57th-2nd-regular): vote event count matches (4)
  [32m✓[0m  AZ HB 4148 (57th-2nd-regular): vote tally matches on 2026-04-29 ({'yes': 0, 'no': 0, 'other': 0, 'absent': 0, 'excused': 0, 'not voting': 0})
  [32m✓[0m  AZ HB 4148 (57th-2nd-regular): vote tally matches on 2026-04-29 ({'yes': 33, 'no': 20, 'other': 0, 'absent': 0, 'excused': 0, 'not voting': 7})
  [32m✓[0m  AZ HB 4148 (57th-2nd-regular): vote tally matches on 2026-05-04 ({'yes': 16, 'no': 12, 'other': 0, 'absent': 0, 'excused': 0, 'not voting': 2})
  [32m✓[0m  AZ HB 4148 (57th-2nd-regular): vote tally matches on 2026-05-04 ({'yes': 0, 'no': 0, 'other': 0, 'absent': 0, 'excused': 0, 'not voting': 0})
  [32m✓[0m  AZ HB 4148 (57th-2nd-regular): sponsorship count matches (5)
  [32m✓[0m  AZ HB 4149 (57th-2nd-regular): title matches
  [32m✓[0m  AZ HB 4149 (57th-2nd-regular): latest_action matches
  [32m✓[0m  AZ HB 4149 (57th-2nd-regular): vote event count matches (4)
  [32m✓[0m  AZ HB 4149 (57th-2nd-regular): vote tally matches on 2026-04-29 ({'yes': 33, 'no': 20, 'other': 0, 'absent': 0, 'excused': 0, 'not voting': 7})
  [32m✓[0m  AZ HB 4149 (57th-2nd-regular): vote tally matches on 2026-04-29 ({'yes': 0, 'no': 0, 'other': 0, 'absent': 0, 'excused': 0, 'not voting': 0})
  [33m~[0m  AZ HB 4149 (57th-2nd-regular): vote tally differs on 2026-05-04  [local={'yes': 0, 'no': 0, 'other': 0, 'absent': 0, 'excused': 0, 'not voting': 0} live={'yes': 16, 'no': 12, 'other': 0, 'absent': 0, 'excused': 0, 'not voting': 2} | Analise Ortiz (no): live only; Brian Fernandez (no): live only; Carine Werner (yes): live only; Catherine Miranda (no): live only; David C. Farnsworth (yes): live only; David Gowan (yes): live only; Denise “Mitzi” Epstein (other): live only; Eva Diaz (no): live only; Flavio Bravo (no): live only; Frank Carroll (yes): live only; Hildy Angius (yes): live only; J.D. Mesnard (yes): live only; Jake Hoffman (yes): live only; Janae Shamp (other): live only; John Kavanagh (yes): live only; Kevin Payne (yes): live only; Kiana Sears (no): live only; Lauren Kuby (no): live only; Lela Alston (no): live only; Mark Finchem (yes): live only; Priya Sundareshan (no): live only; Rosanna Gabaldón (no): live only; Sally Ann Gonzales (no): live only; Shawnna Bolick (yes): live only; Theresa Hatathlie (no): live only; Thomas "T.J." Shope (yes): live only; Timothy "Tim" Dunn (yes): live only; Venden "Vince" Leach (yes): live only; Warren Petersen (yes): live only; Wendy Rogers (yes): live only | 15 other local bill(s) share this signature on 2026-05-04]
  [33m~[0m  AZ HB 4149 (57th-2nd-regular): vote tally differs on 2026-05-04  [local={'yes': 16, 'no': 12, 'other': 0, 'absent': 0, 'excused': 0, 'not voting': 2} live={'yes': 0, 'no': 0, 'other': 0, 'absent': 0, 'excused': 0, 'not voting': 0} | Analise Ortiz (no): local only; Brian Fernandez (no): local only; Carine Werner (yes): local only; Catherine Miranda (no): local only; David C. Farnsworth (yes): local only; David Gowan (yes): local only; Denise “Mitzi” Epstein (other): local only; Eva Diaz (no): local only; Flavio Bravo (no): local only; Frank Carroll (yes): local only; Hildy Angius (yes): local only; J.D. Mesnard (yes): local only; Jake Hoffman (yes): local only; Janae Shamp (other): local only; John Kavanagh (yes): local only; Kevin Payne (yes): local only; Kiana Sears (no): local only; Lauren Kuby (no): local only; Lela Alston (no): local only; Mark Finchem (yes): local only; Priya Sundareshan (no): local only; Rosanna Gabaldón (no): local only; Sally Ann Gonzales (no): local only; Shawnna Bolick (yes): local only; Theresa Hatathlie (no): local only; Thomas "T.J." Shope (yes): local only; Timothy "Tim" Dunn (yes): local only; Venden "Vince" Leach (yes): local only; Warren Petersen (yes): local only; Wendy Rogers (yes): local only | 15 other local bill(s) share this signature on 2026-05-04]
  [32m✓[0m  AZ HB 4149 (57th-2nd-regular): sponsorship count matches (5)
  [32m✓[0m  AZ HB 4159 (57th-2nd-regular): title matches
  [32m✓[0m  AZ HB 4159 (57th-2nd-regular): latest_action matches
  [32m✓[0m  AZ HB 4159 (57th-2nd-regular): vote event count matches (4)
  [32m✓[0m  AZ HB 4159 (57th-2nd-regular): vote tally matches on 2026-06-11 ({'yes': 0, 'no': 0, 'other': 0, 'absent': 0, 'excused': 0, 'not voting': 0})
  [33m~[0m  AZ HB 4159 (57th-2nd-regular): vote tally differs on 2026-06-11  [local={'yes': 23, 'no': 5, 'other': 0, 'absent': 0, 'excused': 0, 'not voting': 2} live={'yes': 0, 'no': 0, 'other': 0, 'absent': 0, 'excused': 0, 'not voting': 0} | Analise Ortiz (no): local only; Brian Fernandez (yes): local only; Carine Werner (yes): local only; Catherine Miranda (no): local only; David C. Farnsworth (yes): local only; David Gowan (yes): local only; Denise “Mitzi” Epstein (no): local only; Eva Diaz (no): local only; Flavio Bravo (yes): local only; Frank Carroll (yes): local only; Hildy Angius (yes): local only; J.D. Mesnard (yes): local only; Jake Hoffman (yes): local only; Janae Shamp (other): local only; John Kavanagh (yes): local only; Kevin Payne (yes): local only; Kiana Sears (yes): local only; Lauren Kuby (yes): local only; Lela Alston (yes): local only; Mark Finchem (yes): local only; Priya Sundareshan (yes): local only; Rosanna Gabaldón (yes): local only; Sally Ann Gonzales (no): local only; Shawnna Bolick (yes): local only; Theresa Hatathlie (other): local only; Thomas "T.J." Shope (yes): local only; Timothy "Tim" Dunn (yes): local only; Venden "Vince" Leach (yes): local only; Warren Petersen (yes): local only; Wendy Rogers (yes): local only | 35 other local bill(s) share this signature on 2026-06-11]
  [33m~[0m  AZ HB 4159 (57th-2nd-regular): vote tally differs on 2026-06-11  [local={'yes': 0, 'no': 0, 'other': 0, 'absent': 0, 'excused': 0, 'not voting': 0} live={'yes': 23, 'no': 5, 'other': 0, 'absent': 0, 'excused': 0, 'not voting': 2} | Analise Ortiz (no): live only; Brian Fernandez (yes): live only; Carine Werner (yes): live only; Catherine Miranda (no): live only; David C. Farnsworth (yes): live only; David Gowan (yes): live only; Denise “Mitzi” Epstein (no): live only; Eva Diaz (no): live only; Flavio Bravo (yes): live only; Frank Carroll (yes): live only; Hildy Angius (yes): live only; J.D. Mesnard (yes): live only; Jake Hoffman (yes): live only; Janae Shamp (other): live only; John Kavanagh (yes): live only; Kevin Payne (yes): live only; Kiana Sears (yes): live only; Lauren Kuby (yes): live only; Lela Alston (yes): live only; Mark Finchem (yes): live only; Priya Sundareshan (yes): live only; Rosanna Gabaldón (yes): live only; Sally Ann Gonzales (no): live only; Shawnna Bolick (yes): live only; Theresa Hatathlie (other): live only; Thomas "T.J." Shope (yes): live only; Timothy "Tim" Dunn (yes): live only; Venden "Vince" Leach (yes): live only; Warren Petersen (yes): live only; Wendy Rogers (yes): live only | 35 other local bill(s) share this signature on 2026-06-11]
  [32m✓[0m  AZ HB 4159 (57th-2nd-regular): vote tally matches on 2026-06-11 ({'yes': 49, 'no': 8, 'other': 0, 'absent': 0, 'excused': 0, 'not voting': 3})
  [32m✓[0m  AZ HB 4159 (57th-2nd-regular): sponsorship count matches (5)
  [32m✓[0m  AZ HB 4160 (57th-2nd-regular): title matches
  [32m✓[0m  AZ HB 4160 (57th-2nd-regular): latest_action matches
  [32m✓[0m  AZ HB 4160 (57th-2nd-regular): vote event count matches (4)
  [33m~[0m  AZ HB 4160 (57th-2nd-regular): vote tally differs on 2026-06-11  [local={'yes': 0, 'no': 0, 'other': 0, 'absent': 0, 'excused': 0, 'not voting': 0} live={'yes': 24, 'no': 4, 'other': 0, 'absent': 0, 'excused': 0, 'not voting': 2} | Analise Ortiz (no): live only; Brian Fernandez (yes): live only; Carine Werner (yes): live only; Catherine Miranda (no): live only; David C. Farnsworth (yes): live only; David Gowan (yes): live only; Denise “Mitzi” Epstein (no): live only; Eva Diaz (no): live only; Flavio Bravo (yes): live only; Frank Carroll (yes): live only; Hildy Angius (yes): live only; J.D. Mesnard (yes): live only; Jake Hoffman (yes): live only; Janae Shamp (other): live only; John Kavanagh (yes): live only; Kevin Payne (yes): live only; Kiana Sears (yes): live only; Lauren Kuby (yes): live only; Lela Alston (yes): live only; Mark Finchem (yes): live only; Priya Sundareshan (yes): live only; Rosanna Gabaldón (yes): live only; Sally Ann Gonzales (yes): live only; Shawnna Bolick (yes): live only; Theresa Hatathlie (other): live only; Thomas "T.J." Shope (yes): live only; Timothy "Tim" Dunn (yes): live only; Venden "Vince" Leach (yes): live only; Warren Petersen (yes): live only; Wendy Rogers (yes): live only | 35 other local bill(s) share this signature on 2026-06-11]
  [33m~[0m  AZ HB 4160 (57th-2nd-regular): vote tally differs on 2026-06-11  [local={'yes': 24, 'no': 4, 'other': 0, 'absent': 0, 'excused': 0, 'not voting': 2} live={'yes': 0, 'no': 0, 'other': 0, 'absent': 0, 'excused': 0, 'not voting': 0} | Analise Ortiz (no): local only; Brian Fernandez (yes): local only; Carine Werner (yes): local only; Catherine Miranda (no): local only; David C. Farnsworth (yes): local only; David Gowan (yes): local only; Denise “Mitzi” Epstein (no): local only; Eva Diaz (no): local only; Flavio Bravo (yes): local only; Frank Carroll (yes): local only; Hildy Angius (yes): local only; J.D. Mesnard (yes): local only; Jake Hoffman (yes): local only; Janae Shamp (other): local only; John Kavanagh (yes): local only; Kevin Payne (yes): local only; Kiana Sears (yes): local only; Lauren Kuby (yes): local only; Lela Alston (yes): local only; Mark Finchem (yes): local only; Priya Sundareshan (yes): local only; Rosanna Gabaldón (yes): local only; Sally Ann Gonzales (yes): local only; Shawnna Bolick (yes): local only; Theresa Hatathlie (other): local only; Thomas "T.J." Shope (yes): local only; Timothy "Tim" Dunn (yes): local only; Venden "Vince" Leach (yes): local only; Warren Petersen (yes): local only; Wendy Rogers (yes): local only | 35 other local bill(s) share this signature on 2026-06-11]
  [32m✓[0m  AZ HB 4160 (57th-2nd-regular): vote tally matches on 2026-06-11 ({'yes': 50, 'no': 7, 'other': 0, 'absent': 0, 'excused': 0, 'not voting': 3})
  [32m✓[0m  AZ HB 4160 (57th-2nd-regular): vote tally matches on 2026-06-11 ({'yes': 0, 'no': 0, 'other': 0, 'absent': 0, 'excused': 0, 'not voting': 0})
  [32m✓[0m  AZ HB 4160 (57th-2nd-regular): sponsorship count matches (5)
  [32m✓[0m  AZ HCM 2003 (57th-2nd-regular): title matches
  [32m✓[0m  AZ HCM 2003 (57th-2nd-regular): latest_action matches
  [32m✓[0m  AZ HCM 2003 (57th-2nd-regular): vote event count matches (0)
  [32m✓[0m  AZ HCM 2003 (57th-2nd-regular): sponsorship count matches (1)
  [32m✓[0m  AZ HCM 2009 (57th-2nd-regular): title matches
  [32m✓[0m  AZ HCM 2009 (57th-2nd-regular): latest_action matches
  [32m✓[0m  AZ HCM 2009 (57th-2nd-regular): vote event count matches (2)
  [32m✓[0m  AZ HCM 2009 (57th-2nd-regular): vote tally matches on 2026-03-17 ({'yes': 31, 'no': 22, 'other': 0, 'absent': 0, 'excused': 0, 'not voting': 6})
  [32m✓[0m  AZ HCM 2009 (57th-2nd-regular): vote tally matches on 2026-04-20 ({'yes': 17, 'no': 12, 'other': 0, 'absent': 0, 'excused': 0, 'not voting': 1})
  [32m✓[0m  AZ HCM 2009 (57th-2nd-regular): sponsorship count matches (10)
  [32m✓[0m  AZ HCM 2012 (57th-2nd-regular): title matches
  [32m✓[0m  AZ HCM 2012 (57th-2nd-regular): latest_action matches
  [32m✓[0m  AZ HCM 2012 (57th-2nd-regular): vote event count matches (1)
  [32m✓[0m  AZ HCM 2012 (57th-2nd-regular): vote tally matches on 2026-03-04 ({'yes': 43, 'no': 10, 'other': 0, 'absent': 0, 'excused': 0, 'not voting': 6})
  [32m✓[0m  AZ HCM 2012 (57th-2nd-regular): sponsorship count matches (1)
  [32m✓[0m  AZ HCM 2013 (57th-2nd-regular): title matches
  [32m✓[0m  AZ HCM 2013 (57th-2nd-regular): latest_action matches
  [32m✓[0m  AZ HCM 2013 (57th-2nd-regular): vote event count matches (0)
  [32m✓[0m  AZ HCM 2013 (57th-2nd-regular): sponsorship count matches (2)
  [32m✓[0m  AZ HCR 2002 (57th-2nd-regular): title matches
  [32m✓[0m  AZ HCR 2002 (57th-2nd-regular): latest_action matches
  [32m✓[0m  AZ HCR 2002 (57th-2nd-regular): vote event count matches (0)
  [32m✓[0m  AZ HCR 2002 (57th-2nd-regular): sponsorship count matches (1)
  [32m✓[0m  AZ HCR 2003 (57th-2nd-regular): title matches
  [32m✓[0m  AZ HCR 2003 (57th-2nd-regular): latest_action matches
  [32m✓[0m  AZ HCR 2003 (57th-2nd-regular): vote event count matches (5)
  [32m✓[0m  AZ HCR 2003 (57th-2nd-regular): vote tally matches on 2026-02-17 ({'yes': 0, 'no': 0, 'other': 0, 'absent': 0, 'excused': 0, 'not voting': 0})
  [32m✓[0m  AZ HCR 2003 (57th-2nd-regular): vote tally matches on 2026-02-23 ({'yes': 32, 'no': 25, 'other': 0, 'absent': 0, 'excused': 0, 'not voting': 3})
  [32m✓[0m  AZ HCR 2003 (57th-2nd-regular): vote tally matches on 2026-06-12 ({'yes': 16, 'no': 12, 'other': 0, 'absent': 0, 'excused': 0, 'not voting': 2})
  [32m✓[0m  AZ HCR 2003 (57th-2nd-regular): vote tally matches on 2026-06-12 ({'yes': 0, 'no': 0, 'other': 0, 'absent': 0, 'excused': 0, 'not voting': 0})
  [32m✓[0m  AZ HCR 2003 (57th-2nd-regular): vote tally matches on 2026-06-12 ({'yes': 12, 'no': 16, 'other': 0, 'absent': 0, 'excused': 0, 'not voting': 2})
  [32m✓[0m  AZ HCR 2003 (57th-2nd-regular): sponsorship count matches (1)
  [32m✓[0m  AZ HCR 2005 (57th-2nd-regular): title matches
  [32m✓[0m  AZ HCR 2005 (57th-2nd-regular): latest_action matches
  [32m✓[0m  AZ HCR 2005 (57th-2nd-regular): vote event count matches (2)
  [32m✓[0m  AZ HCR 2005 (57th-2nd-regular): vote tally matches on 2026-02-25 ({'yes': 0, 'no': 0, 'other': 0, 'absent': 0, 'excused': 0, 'not voting': 0})
  [32m✓[0m  AZ HCR 2005 (57th-2nd-regular): vote tally matches on 2026-03-02 ({'yes': 42, 'no': 14, 'other': 0, 'absent': 0, 'excused': 0, 'not voting': 3})
  [32m✓[0m  AZ HCR 2005 (57th-2nd-regular): sponsorship count matches (1)
  [32m✓[0m  AZ HCR 2007 (57th-2nd-regular): title matches
  [32m✓[0m  AZ HCR 2007 (57th-2nd-regular): latest_action matches
  [32m✓[0m  AZ HCR 2007 (57th-2nd-regular): vote event count matches (2)
  [32m✓[0m  AZ HCR 2007 (57th-2nd-regular): vote tally matches on 2026-06-12 ({'yes': 0, 'no': 0, 'other': 0, 'absent': 0, 'excused': 0, 'not voting': 0})
  [32m✓[0m  AZ HCR 2007 (57th-2nd-regular): vote tally matches on 2026-06-12 ({'yes': 0, 'no': 0, 'other': 0, 'absent': 0, 'excused': 0, 'not voting': 0})
  [32m✓[0m  AZ HCR 2007 (57th-2nd-regular): sponsorship count matches (1)
  [32m✓[0m  AZ HCR 2014 (57th-2nd-regular): title matches
  [32m✓[0m  AZ HCR 2014 (57th-2nd-regular): latest_action matches
  [32m✓[0m  AZ HCR 2014 (57th-2nd-regular): vote event count matches (0)
  [32m✓[0m  AZ HCR 2014 (57th-2nd-regular): sponsorship count matches (1)
  [32m✓[0m  AZ HCR 2018 (57th-2nd-regular): title matches
  [32m✓[0m  AZ HCR 2018 (57th-2nd-regular): latest_action matches
  [32m✓[0m  AZ HCR 2018 (57th-2nd-regular): vote event count matches (0)
  [32m✓[0m  AZ HCR 2018 (57th-2nd-regular): sponsorship count matches (9)
  [32m✓[0m  AZ HCR 2019 (57th-2nd-regular): title matches
  [32m✓[0m  AZ HCR 2019 (57th-2nd-regular): latest_action matches
  [32m✓[0m  AZ HCR 2019 (57th-2nd-regular): vote event count matches (0)
  [32m✓[0m  AZ HCR 2019 (57th-2nd-regular): sponsorship count matches (2)
  [32m✓[0m  AZ HCR 2043 (57th-2nd-regular): title matches
  [32m✓[0m  AZ HCR 2043 (57th-2nd-regular): latest_action matches
  [32m✓[0m  AZ HCR 2043 (57th-2nd-regular): vote event count matches (4)
  [32m✓[0m  AZ HCR 2043 (57th-2nd-regular): vote tally matches on 2026-02-03 ({'yes': 0, 'no': 0, 'other': 0, 'absent': 0, 'excused': 0, 'not voting': 0})
  [32m✓[0m  AZ HCR 2043 (57th-2nd-regular): vote tally matches on 2026-02-04 ({'yes': 33, 'no': 24, 'other': 0, 'absent': 0, 'excused': 0, 'not voting': 3})
  [33m~[0m  AZ HCR 2043 (57th-2nd-regular): vote tally differs on 2026-04-21  [local={'yes': 16, 'no': 13, 'other': 0, 'absent': 0, 'excused': 0, 'not voting': 1} live={'yes': 0, 'no': 0, 'other': 0, 'absent': 0, 'excused': 0, 'not voting': 0} | Analise Ortiz (no): local only; Brian Fernandez (no): local only; Carine Werner (yes): local only; Catherine Miranda (other): local only; David C. Farnsworth (no): local only; David Gowan (yes): local only; Denise “Mitzi” Epstein (no): local only; Eva Diaz (no): local only; Flavio Bravo (no): local only; Frank Carroll (yes): local only; Hildy Angius (yes): local only; J.D. Mesnard (yes): local only; Jake Hoffman (no): local only; Janae Shamp (yes): local only; John Kavanagh (yes): local only; Kevin Payne (yes): local only; Kiana Sears (yes): local only; Lauren Kuby (no): local only; Lela Alston (no): local only; Mark Finchem (yes): local only; Priya Sundareshan (no): local only; Rosanna Gabaldón (no): local only; Sally Ann Gonzales (yes): local only; Shawnna Bolick (yes): local only; Theresa Hatathlie (no): local only; Thomas "T.J." Shope (yes): local only; Timothy "Tim" Dunn (yes): local only; Venden "Vince" Leach (yes): local only; Warren Petersen (yes): local only; Wendy Rogers (no): local only | 7 other local bill(s) share this signature on 2026-04-21]
  [33m~[0m  AZ HCR 2043 (57th-2nd-regular): vote tally differs on 2026-04-21  [local={'yes': 0, 'no': 0, 'other': 0, 'absent': 0, 'excused': 0, 'not voting': 0} live={'yes': 16, 'no': 13, 'other': 0, 'absent': 0, 'excused': 0, 'not voting': 1} | Analise Ortiz (no): live only; Brian Fernandez (no): live only; Carine Werner (yes): live only; Catherine Miranda (other): live only; David C. Farnsworth (no): live only; David Gowan (yes): live only; Denise “Mitzi” Epstein (no): live only; Eva Diaz (no): live only; Flavio Bravo (no): live only; Frank Carroll (yes): live only; Hildy Angius (yes): live only; J.D. Mesnard (yes): live only; Jake Hoffman (no): live only; Janae Shamp (yes): live only; John Kavanagh (yes): live only; Kevin Payne (yes): live only; Kiana Sears (yes): live only; Lauren Kuby (no): live only; Lela Alston (no): live only; Mark Finchem (yes): live only; Priya Sundareshan (no): live only; Rosanna Gabaldón (no): live only; Sally Ann Gonzales (yes): live only; Shawnna Bolick (yes): live only; Theresa Hatathlie (no): live only; Thomas "T.J." Shope (yes): live only; Timothy "Tim" Dunn (yes): live only; Venden "Vince" Leach (yes): live only; Warren Petersen (yes): live only; Wendy Rogers (no): live only | 7 other local bill(s) share this signature on 2026-04-21]
  [32m✓[0m  AZ HCR 2043 (57th-2nd-regular): sponsorship count matches (11)
  [32m✓[0m  AZ HCR 2051 (57th-2nd-regular): title matches
  [32m✓[0m  AZ HCR 2051 (57th-2nd-regular): latest_action matches
  [32m✓[0m  AZ HCR 2051 (57th-2nd-regular): vote event count matches (2)
  [32m✓[0m  AZ HCR 2051 (57th-2nd-regular): vote tally matches on 2026-03-02 ({'yes': 0, 'no': 0, 'other': 0, 'absent': 0, 'excused': 0, 'not voting': 0})
  [32m✓[0m  AZ HCR 2051 (57th-2nd-regular): vote tally matches on 2026-03-03 ({'yes': 32, 'no': 24, 'other': 0, 'absent': 0, 'excused': 0, 'not voting': 3})
  [32m✓[0m  AZ HCR 2051 (57th-2nd-regular): sponsorship count matches (1)
  [32m✓[0m  AZ HCR 2052 (57th-2nd-regular): title matches
  [32m✓[0m  AZ HCR 2052 (57th-2nd-regular): latest_action matches
  [32m✓[0m  AZ HCR 2052 (57th-2nd-regular): vote event count matches (3)
  [32m✓[0m  AZ HCR 2052 (57th-2nd-regular): vote tally matches on 2026-03-10 ({'yes': 0, 'no': 0, 'other': 0, 'absent': 0, 'excused': 0, 'not voting': 0})
  [32m✓[0m  AZ HCR 2052 (57th-2nd-regular): vote tally matches on 2026-03-11 ({'yes': 21, 'no': 31, 'other': 0, 'absent': 0, 'excused': 0, 'not voting': 7})
  [32m✓[0m  AZ HCR 2052 (57th-2nd-regular): vote tally matches on 2026-03-11 ({'yes': 0, 'no': 0, 'other': 0, 'absent': 0, 'excused': 0, 'not voting': 0})
  [32m✓[0m  AZ HCR 2052 (57th-2nd-regular): sponsorship count matches (1)
    ...275/500
  [32m✓[0m  AZ HCR 2056 (57th-2nd-regular): title matches
  [32m✓[0m  AZ HCR 2056 (57th-2nd-regular): latest_action matches
  [32m✓[0m  AZ HCR 2056 (57th-2nd-regular): vote event count matches (2)
  [32m✓[0m  AZ HCR 2056 (57th-2nd-regular): vote tally matches on 2026-02-25 ({'yes': 0, 'no': 0, 'other': 0, 'absent': 0, 'excused': 0, 'not voting': 0})
  [32m✓[0m  AZ HCR 2056 (57th-2nd-regular): vote tally matches on 2026-03-02 ({'yes': 31, 'no': 23, 'other': 0, 'absent': 0, 'excused': 0, 'not voting': 5})
  [32m✓[0m  AZ HCR 2056 (57th-2nd-regular): sponsorship count matches (1)
  [32m✓[0m  AZ HCR 2062 (57th-2nd-regular): title matches
  [32m✓[0m  AZ HCR 2062 (57th-2nd-regular): latest_action matches
  [32m✓[0m  AZ HCR 2062 (57th-2nd-regular): vote event count matches (0)
  [32m✓[0m  AZ HCR 2062 (57th-2nd-regular): sponsorship count matches (18)
  [32m✓[0m  AZ HCR 2063 (57th-2nd-regular): title matches
  [32m✓[0m  AZ HCR 2063 (57th-2nd-regular): latest_action matches
  [32m✓[0m  AZ HCR 2063 (57th-2nd-regular): vote event count matches (0)
  [32m✓[0m  AZ HCR 2063 (57th-2nd-regular): sponsorship count matches (73)
  [32m✓[0m  AZ HCR 2065 (57th-2nd-regular): title matches
  [32m✓[0m  AZ HCR 2065 (57th-2nd-regular): latest_action matches
  [32m✓[0m  AZ HCR 2065 (57th-2nd-regular): vote event count matches (1)
  [32m✓[0m  AZ HCR 2065 (57th-2nd-regular): vote tally matches on 2026-04-29 ({'yes': 0, 'no': 0, 'other': 0, 'absent': 0, 'excused': 0, 'not voting': 0})
  [32m✓[0m  AZ HCR 2065 (57th-2nd-regular): sponsorship count matches (66)
  [32m✓[0m  AZ HM 2004 (57th-2nd-regular): title matches
  [32m✓[0m  AZ HM 2004 (57th-2nd-regular): latest_action matches
  [32m✓[0m  AZ HM 2004 (57th-2nd-regular): vote event count matches (2)
  [32m✓[0m  AZ HM 2004 (57th-2nd-regular): vote tally matches on 2026-02-23 ({'yes': 0, 'no': 0, 'other': 0, 'absent': 0, 'excused': 0, 'not voting': 0})
  [32m✓[0m  AZ HM 2004 (57th-2nd-regular): vote tally matches on 2026-02-26 ({'yes': 28, 'no': 26, 'other': 0, 'absent': 0, 'excused': 0, 'not voting': 6})
  [32m✓[0m  AZ HM 2004 (57th-2nd-regular): sponsorship count matches (1)
  [32m✓[0m  AZ HR 2001 (57th-2nd-regular): title matches
  [32m✓[0m  AZ HR 2001 (57th-2nd-regular): latest_action matches
  [31m✗[0m  AZ HR 2001 (57th-2nd-regular): local is MISSING votes vs live  [local=0 live=1]
  [32m✓[0m  AZ HR 2001 (57th-2nd-regular): sponsorship count matches (1)
  [32m✓[0m  AZ HR 2006 (57th-2nd-regular): title matches
  [32m✓[0m  AZ HR 2006 (57th-2nd-regular): latest_action matches
  [32m✓[0m  AZ HR 2006 (57th-2nd-regular): vote event count matches (1)
  [32m✓[0m  AZ HR 2006 (57th-2nd-regular): vote tally matches on 2026-02-18 ({'yes': 0, 'no': 0, 'other': 0, 'absent': 0, 'excused': 0, 'not voting': 0})
  [32m✓[0m  AZ HR 2006 (57th-2nd-regular): sponsorship count matches (54)
  [32m✓[0m  AZ SB 1001 (57th-2nd-regular): title matches
  [32m✓[0m  AZ SB 1001 (57th-2nd-regular): latest_action matches
  [32m✓[0m  AZ SB 1001 (57th-2nd-regular): vote event count matches (1)
  [32m✓[0m  AZ SB 1001 (57th-2nd-regular): vote tally matches on 2026-03-11 ({'yes': 27, 'no': 0, 'other': 0, 'absent': 0, 'excused': 0, 'not voting': 3})
  [32m✓[0m  AZ SB 1001 (57th-2nd-regular): sponsorship count matches (1)
  [32m✓[0m  AZ SB 1004 (57th-2nd-regular): title matches
  [32m✓[0m  AZ SB 1004 (57th-2nd-regular): latest_action matches
  [32m✓[0m  AZ SB 1004 (57th-2nd-regular): vote event count matches (6)
  [32m✓[0m  AZ SB 1004 (57th-2nd-regular): vote tally matches on 2026-03-02 ({'yes': 28, 'no': 0, 'other': 0, 'absent': 0, 'excused': 0, 'not voting': 2})
  [32m✓[0m  AZ SB 1004 (57th-2nd-regular): vote tally matches on 2026-03-02 ({'yes': 0, 'no': 0, 'other': 0, 'absent': 0, 'excused': 0, 'not voting': 0})
  [32m✓[0m  AZ SB 1004 (57th-2nd-regular): vote tally matches on 2026-04-16 ({'yes': 0, 'no': 0, 'other': 0, 'absent': 0, 'excused': 0, 'not voting': 0})
  [32m✓[0m  AZ SB 1004 (57th-2nd-regular): vote tally matches on 2026-06-11 ({'yes': 29, 'no': 26, 'other': 0, 'absent': 0, 'excused': 0, 'not voting': 5})
  [32m✓[0m  AZ SB 1004 (57th-2nd-regular): vote tally matches on 2026-06-12 ({'yes': 0, 'no': 0, 'other': 0, 'absent': 0, 'excused': 0, 'not voting': 0})
  [32m✓[0m  AZ SB 1004 (57th-2nd-regular): vote tally matches on 2026-06-12 ({'yes': 29, 'no': 26, 'other': 0, 'absent': 0, 'excused': 0, 'not voting': 5})
  [32m✓[0m  AZ SB 1004 (57th-2nd-regular): sponsorship count matches (1)
  [32m✓[0m  AZ SB 1009 (57th-2nd-regular): title matches
  [32m✓[0m  AZ SB 1009 (57th-2nd-regular): latest_action matches
  [32m✓[0m  AZ SB 1009 (57th-2nd-regular): vote event count matches (4)
  [32m✓[0m  AZ SB 1009 (57th-2nd-regular): vote tally matches on 2026-03-10 ({'yes': 0, 'no': 0, 'other': 0, 'absent': 0, 'excused': 0, 'not voting': 0})
  [32m✓[0m  AZ SB 1009 (57th-2nd-regular): vote tally matches on 2026-03-16 ({'yes': 16, 'no': 10, 'other': 0, 'absent': 0, 'excused': 0, 'not voting': 4})
  [32m✓[0m  AZ SB 1009 (57th-2nd-regular): vote tally matches on 2026-04-13 ({'yes': 0, 'no': 0, 'other': 0, 'absent': 0, 'excused': 0, 'not voting': 0})
  [32m✓[0m  AZ SB 1009 (57th-2nd-regular): vote tally matches on 2026-06-11 ({'yes': 19, 'no': 36, 'other': 0, 'absent': 0, 'excused': 0, 'not voting': 5})
  [32m✓[0m  AZ SB 1009 (57th-2nd-regular): sponsorship count matches (1)
  [32m✓[0m  AZ SB 1015 (57th-2nd-regular): title matches
  [32m✓[0m  AZ SB 1015 (57th-2nd-regular): latest_action matches
  [32m✓[0m  AZ SB 1015 (57th-2nd-regular): vote event count matches (4)
  [32m✓[0m  AZ SB 1015 (57th-2nd-regular): vote tally matches on 2026-02-23 ({'yes': 16, 'no': 11, 'other': 0, 'absent': 0, 'excused': 0, 'not voting': 3})
  [32m✓[0m  AZ SB 1015 (57th-2nd-regular): vote tally matches on 2026-02-23 ({'yes': 0, 'no': 0, 'other': 0, 'absent': 0, 'excused': 0, 'not voting': 0})
  [32m✓[0m  AZ SB 1015 (57th-2nd-regular): vote tally matches on 2026-04-21 ({'yes': 0, 'no': 0, 'other': 0, 'absent': 0, 'excused': 0, 'not voting': 0})
  [32m✓[0m  AZ SB 1015 (57th-2nd-regular): vote tally matches on 2026-06-09 ({'yes': 31, 'no': 25, 'other': 0, 'absent': 0, 'excused': 0, 'not voting': 4})
  [32m✓[0m  AZ SB 1015 (57th-2nd-regular): sponsorship count matches (1)
  [32m✓[0m  AZ SB 1017 (57th-2nd-regular): title matches
  [32m✓[0m  AZ SB 1017 (57th-2nd-regular): latest_action matches
  [32m✓[0m  AZ SB 1017 (57th-2nd-regular): vote event count matches (2)
  [32m✓[0m  AZ SB 1017 (57th-2nd-regular): vote tally matches on 2026-03-02 ({'yes': 0, 'no': 0, 'other': 0, 'absent': 0, 'excused': 0, 'not voting': 0})
  [32m✓[0m  AZ SB 1017 (57th-2nd-regular): vote tally matches on 2026-03-17 ({'yes': 17, 'no': 9, 'other': 0, 'absent': 0, 'excused': 0, 'not voting': 4})
  [32m✓[0m  AZ SB 1017 (57th-2nd-regular): sponsorship count matches (1)
  [32m✓[0m  AZ SB 1020 (57th-2nd-regular): title matches
  [32m✓[0m  AZ SB 1020 (57th-2nd-regular): latest_action matches
  [32m✓[0m  AZ SB 1020 (57th-2nd-regular): vote event count matches (6)
  [32m✓[0m  AZ SB 1020 (57th-2nd-regular): vote tally matches on 2026-02-12 ({'yes': 0, 'no': 0, 'other': 0, 'absent': 0, 'excused': 0, 'not voting': 0})
  [32m✓[0m  AZ SB 1020 (57th-2nd-regular): vote tally matches on 2026-02-12 ({'yes': 25, 'no': 4, 'other': 0, 'absent': 0, 'excused': 0, 'not voting': 1})
  [32m✓[0m  AZ SB 1020 (57th-2nd-regular): vote tally matches on 2026-02-12 ({'yes': 26, 'no': 3, 'other': 0, 'absent': 0, 'excused': 0, 'not voting': 1})
  [32m✓[0m  AZ SB 1020 (57th-2nd-regular): vote tally matches on 2026-03-26 ({'yes': 19, 'no': 28, 'other': 0, 'absent': 0, 'excused': 0, 'not voting': 13})
  [32m✓[0m  AZ SB 1020 (57th-2nd-regular): vote tally matches on 2026-03-26 ({'yes': 0, 'no': 0, 'other': 0, 'absent': 0, 'excused': 0, 'not voting': 0})
  [32m✓[0m  AZ SB 1020 (57th-2nd-regular): vote tally matches on 2026-03-30 ({'yes': 35, 'no': 21, 'other': 0, 'absent': 0, 'excused': 0, 'not voting': 4})
  [32m✓[0m  AZ SB 1020 (57th-2nd-regular): sponsorship count matches (1)
  [32m✓[0m  AZ SB 1029 (57th-2nd-regular): title matches
  [32m✓[0m  AZ SB 1029 (57th-2nd-regular): latest_action matches
  [32m✓[0m  AZ SB 1029 (57th-2nd-regular): vote event count matches (2)
  [32m✓[0m  AZ SB 1029 (57th-2nd-regular): vote tally matches on 2026-02-12 ({'yes': 29, 'no': 0, 'other': 0, 'absent': 0, 'excused': 0, 'not voting': 1})
  [32m✓[0m  AZ SB 1029 (57th-2nd-regular): vote tally matches on 2026-03-23 ({'yes': 57, 'no': 0, 'other': 0, 'absent': 0, 'excused': 0, 'not voting': 3})
  [32m✓[0m  AZ SB 1029 (57th-2nd-regular): sponsorship count matches (1)
  [32m✓[0m  AZ SB 1032 (57th-2nd-regular): title matches
  [32m✓[0m  AZ SB 1032 (57th-2nd-regular): latest_action matches
  [32m✓[0m  AZ SB 1032 (57th-2nd-regular): vote event count matches (1)
  [32m✓[0m  AZ SB 1032 (57th-2nd-regular): vote tally matches on 2026-02-12 ({'yes': 29, 'no': 0, 'other': 0, 'absent': 0, 'excused': 0, 'not voting': 1})
  [32m✓[0m  AZ SB 1032 (57th-2nd-regular): sponsorship count matches (1)
  [32m✓[0m  AZ SB 1034 (57th-2nd-regular): title matches
  [32m✓[0m  AZ SB 1034 (57th-2nd-regular): latest_action matches
  [32m✓[0m  AZ SB 1034 (57th-2nd-regular): vote event count matches (0)
  [32m✓[0m  AZ SB 1034 (57th-2nd-regular): sponsorship count matches (1)
  [32m✓[0m  AZ SB 1044 (57th-2nd-regular): title matches
  [32m✓[0m  AZ SB 1044 (57th-2nd-regular): latest_action matches
  [32m✓[0m  AZ SB 1044 (57th-2nd-regular): vote event count matches (2)
  [32m✓[0m  AZ SB 1044 (57th-2nd-regular): vote tally matches on 2026-02-25 ({'yes': 16, 'no': 11, 'other': 0, 'absent': 0, 'excused': 0, 'not voting': 3})
  [32m✓[0m  AZ SB 1044 (57th-2nd-regular): vote tally matches on 2026-02-25 ({'yes': 0, 'no': 0, 'other': 0, 'absent': 0, 'excused': 0, 'not voting': 0})
  [32m✓[0m  AZ SB 1044 (57th-2nd-regular): sponsorship count matches (1)
  [32m✓[0m  AZ SB 1045 (57th-2nd-regular): title matches
  [32m✓[0m  AZ SB 1045 (57th-2nd-regular): latest_action matches
  [32m✓[0m  AZ SB 1045 (57th-2nd-regular): vote event count matches (2)
  [32m✓[0m  AZ SB 1045 (57th-2nd-regular): vote tally matches on 2026-02-25 ({'yes': 0, 'no': 0, 'other': 0, 'absent': 0, 'excused': 0, 'not voting': 0})
  [32m✓[0m  AZ SB 1045 (57th-2nd-regular): vote tally matches on 2026-02-25 ({'yes': 16, 'no': 11, 'other': 0, 'absent': 0, 'excused': 0, 'not voting': 3})
  [32m✓[0m  AZ SB 1045 (57th-2nd-regular): sponsorship count matches (1)
  [32m✓[0m  AZ SB 1055 (57th-2nd-regular): title matches
  [32m✓[0m  AZ SB 1055 (57th-2nd-regular): latest_action matches
  [32m✓[0m  AZ SB 1055 (57th-2nd-regular): vote event count matches (4)
  [32m✓[0m  AZ SB 1055 (57th-2nd-regular): vote tally matches on 2026-02-23 ({'yes': 16, 'no': 11, 'other': 0, 'absent': 0, 'excused': 0, 'not voting': 3})
  [32m✓[0m  AZ SB 1055 (57th-2nd-regular): vote tally matches on 2026-02-23 ({'yes': 0, 'no': 0, 'other': 0, 'absent': 0, 'excused': 0, 'not voting': 0})
  [32m✓[0m  AZ SB 1055 (57th-2nd-regular): vote tally matches on 2026-04-21 ({'yes': 0, 'no': 0, 'other': 0, 'absent': 0, 'excused': 0, 'not voting': 0})
  [32m✓[0m  AZ SB 1055 (57th-2nd-regular): vote tally matches on 2026-06-11 ({'yes': 31, 'no': 25, 'other': 0, 'absent': 0, 'excused': 0, 'not voting': 4})
  [32m✓[0m  AZ SB 1055 (57th-2nd-regular): sponsorship count matches (1)
  [32m✓[0m  AZ SB 1056 (57th-2nd-regular): title matches
  [32m✓[0m  AZ SB 1056 (57th-2nd-regular): latest_action matches
  [32m✓[0m  AZ SB 1056 (57th-2nd-regular): vote event count matches (3)
  [32m✓[0m  AZ SB 1056 (57th-2nd-regular): vote tally matches on 2026-02-16 ({'yes': 33, 'no': 25, 'other': 0, 'absent': 0, 'excused': 0, 'not voting': 2})
  [32m✓[0m  AZ SB 1056 (57th-2nd-regular): vote tally matches on 2026-02-16 ({'yes': 17, 'no': 12, 'other': 0, 'absent': 0, 'excused': 0, 'not voting': 1})
  [32m✓[0m  AZ SB 1056 (57th-2nd-regular): vote tally matches on 2026-02-16 ({'yes': 0, 'no': 0, 'other': 0, 'absent': 0, 'excused': 0, 'not voting': 0})
  [32m✓[0m  AZ SB 1056 (57th-2nd-regular): sponsorship count matches (1)
  [32m✓[0m  AZ SB 1063 (57th-2nd-regular): title matches
  [32m✓[0m  AZ SB 1063 (57th-2nd-regular): latest_action matches
  [32m✓[0m  AZ SB 1063 (57th-2nd-regular): vote event count matches (2)
  [32m✓[0m  AZ SB 1063 (57th-2nd-regular): vote tally matches on 2026-03-03 ({'yes': 0, 'no': 0, 'other': 0, 'absent': 0, 'excused': 0, 'not voting': 0})
  [32m✓[0m  AZ SB 1063 (57th-2nd-regular): vote tally matches on 2026-03-19 ({'yes': 18, 'no': 9, 'other': 0, 'absent': 0, 'excused': 0, 'not voting': 3})
  [32m✓[0m  AZ SB 1063 (57th-2nd-regular): sponsorship count matches (1)
  [32m✓[0m  AZ SB 1071 (57th-2nd-regular): title matches
  [32m✓[0m  AZ SB 1071 (57th-2nd-regular): latest_action matches
  [32m✓[0m  AZ SB 1071 (57th-2nd-regular): vote event count matches (2)
  [32m✓[0m  AZ SB 1071 (57th-2nd-regular): vote tally matches on 2026-03-10 ({'yes': 0, 'no': 0, 'other': 0, 'absent': 0, 'excused': 0, 'not voting': 0})
  [32m✓[0m  AZ SB 1071 (57th-2nd-regular): vote tally matches on 2026-03-23 ({'yes': 17, 'no': 11, 'other': 0, 'absent': 0, 'excused': 0, 'not voting': 2})
  [32m✓[0m  AZ SB 1071 (57th-2nd-regular): sponsorship count matches (2)
  [32m✓[0m  AZ SB 1072 (57th-2nd-regular): title matches
  [32m✓[0m  AZ SB 1072 (57th-2nd-regular): latest_action matches
  [32m✓[0m  AZ SB 1072 (57th-2nd-regular): vote event count matches (1)
  [32m✓[0m  AZ SB 1072 (57th-2nd-regular): vote tally matches on 2026-03-11 ({'yes': 26, 'no': 2, 'other': 0, 'absent': 0, 'excused': 0, 'not voting': 2})
  [32m✓[0m  AZ SB 1072 (57th-2nd-regular): sponsorship count matches (1)
  [32m✓[0m  AZ SB 1074 (57th-2nd-regular): title matches
  [32m✓[0m  AZ SB 1074 (57th-2nd-regular): latest_action matches
  [32m✓[0m  AZ SB 1074 (57th-2nd-regular): vote event count matches (4)
  [32m✓[0m  AZ SB 1074 (57th-2nd-regular): vote tally matches on 2026-02-25 ({'yes': 0, 'no': 0, 'other': 0, 'absent': 0, 'excused': 0, 'not voting': 0})
  [32m✓[0m  AZ SB 1074 (57th-2nd-regular): vote tally matches on 2026-02-25 ({'yes': 16, 'no': 10, 'other': 0, 'absent': 0, 'excused': 0, 'not voting': 4})
  [32m✓[0m  AZ SB 1074 (57th-2nd-regular): vote tally matches on 2026-06-01 ({'yes': 0, 'no': 0, 'other': 0, 'absent': 0, 'excused': 0, 'not voting': 0})
  [32m✓[0m  AZ SB 1074 (57th-2nd-regular): vote tally matches on 2026-06-09 ({'yes': 22, 'no': 32, 'other': 0, 'absent': 0, 'excused': 0, 'not voting': 6})
  [32m✓[0m  AZ SB 1074 (57th-2nd-regular): sponsorship count matches (1)
  [32m✓[0m  AZ SB 1080 (57th-2nd-regular): title matches
  [32m✓[0m  AZ SB 1080 (57th-2nd-regular): latest_action matches
  [32m✓[0m  AZ SB 1080 (57th-2nd-regular): vote event count matches (0)
  [32m✓[0m  AZ SB 1080 (57th-2nd-regular): sponsorship count matches (1)
    ...300/500
  [32m✓[0m  AZ SB 1091 (57th-2nd-regular): title matches
  [32m✓[0m  AZ SB 1091 (57th-2nd-regular): latest_action matches
  [32m✓[0m  AZ SB 1091 (57th-2nd-regular): vote event count matches (0)
  [32m✓[0m  AZ SB 1091 (57th-2nd-regular): sponsorship count matches (1)
  [32m✓[0m  AZ SB 1093 (57th-2nd-regular): title matches
  [32m✓[0m  AZ SB 1093 (57th-2nd-regular): latest_action matches
  [32m✓[0m  AZ SB 1093 (57th-2nd-regular): vote event count matches (4)
  [32m✓[0m  AZ SB 1093 (57th-2nd-regular): vote tally matches on 2026-02-23 ({'yes': 16, 'no': 11, 'other': 0, 'absent': 0, 'excused': 0, 'not voting': 3})
  [32m✓[0m  AZ SB 1093 (57th-2nd-regular): vote tally matches on 2026-02-23 ({'yes': 0, 'no': 0, 'other': 0, 'absent': 0, 'excused': 0, 'not voting': 0})
  [32m✓[0m  AZ SB 1093 (57th-2nd-regular): vote tally matches on 2026-04-22 ({'yes': 0, 'no': 0, 'other': 0, 'absent': 0, 'excused': 0, 'not voting': 0})
  [32m✓[0m  AZ SB 1093 (57th-2nd-regular): vote tally matches on 2026-06-11 ({'yes': 21, 'no': 36, 'other': 0, 'absent': 0, 'excused': 0, 'not voting': 3})
  [32m✓[0m  AZ SB 1093 (57th-2nd-regular): sponsorship count matches (2)
  [32m✓[0m  AZ SB 1095 (57th-2nd-regular): title matches
  [32m✓[0m  AZ SB 1095 (57th-2nd-regular): latest_action matches
  [32m✓[0m  AZ SB 1095 (57th-2nd-regular): vote event count matches (4)
  [32m✓[0m  AZ SB 1095 (57th-2nd-regular): vote tally matches on 2026-02-23 ({'yes': 16, 'no': 11, 'other': 0, 'absent': 0, 'excused': 0, 'not voting': 3})
  [32m✓[0m  AZ SB 1095 (57th-2nd-regular): vote tally matches on 2026-02-23 ({'yes': 0, 'no': 0, 'other': 0, 'absent': 0, 'excused': 0, 'not voting': 0})
  [32m✓[0m  AZ SB 1095 (57th-2nd-regular): vote tally matches on 2026-04-15 ({'yes': 0, 'no': 0, 'other': 0, 'absent': 0, 'excused': 0, 'not voting': 0})
  [32m✓[0m  AZ SB 1095 (57th-2nd-regular): vote tally matches on 2026-06-09 ({'yes': 31, 'no': 25, 'other': 0, 'absent': 0, 'excused': 0, 'not voting': 4})
  [32m✓[0m  AZ SB 1095 (57th-2nd-regular): sponsorship count matches (1)
  [32m✓[0m  AZ SB 1102 (57th-2nd-regular): title matches
  [32m✓[0m  AZ SB 1102 (57th-2nd-regular): latest_action matches
  [32m✓[0m  AZ SB 1102 (57th-2nd-regular): vote event count matches (0)
  [32m✓[0m  AZ SB 1102 (57th-2nd-regular): sponsorship count matches (1)
  [32m✓[0m  AZ SB 1107 (57th-2nd-regular): title matches
  [32m✓[0m  AZ SB 1107 (57th-2nd-regular): latest_action matches
  [32m✓[0m  AZ SB 1107 (57th-2nd-regular): vote event count matches (4)
  [32m✓[0m  AZ SB 1107 (57th-2nd-regular): vote tally matches on 2026-02-12 ({'yes': 0, 'no': 0, 'other': 0, 'absent': 0, 'excused': 0, 'not voting': 0})
  [32m✓[0m  AZ SB 1107 (57th-2nd-regular): vote tally matches on 2026-02-12 ({'yes': 27, 'no': 2, 'other': 0, 'absent': 0, 'excused': 0, 'not voting': 1})
  [32m✓[0m  AZ SB 1107 (57th-2nd-regular): vote tally matches on 2026-04-02 ({'yes': 0, 'no': 0, 'other': 0, 'absent': 0, 'excused': 0, 'not voting': 0})
  [32m✓[0m  AZ SB 1107 (57th-2nd-regular): vote tally matches on 2026-04-07 ({'yes': 40, 'no': 19, 'other': 0, 'absent': 0, 'excused': 0, 'not voting': 1})
  [32m✓[0m  AZ SB 1107 (57th-2nd-regular): sponsorship count matches (1)
  [32m✓[0m  AZ SB 1110 (57th-2nd-regular): title matches
  [32m✓[0m  AZ SB 1110 (57th-2nd-regular): latest_action matches
  [32m✓[0m  AZ SB 1110 (57th-2nd-regular): vote event count matches (4)
  [32m✓[0m  AZ SB 1110 (57th-2nd-regular): vote tally matches on 2026-03-03 ({'yes': 25, 'no': 5, 'other': 0, 'absent': 0, 'excused': 0, 'not voting': 0})
  [33m~[0m  AZ SB 1110 (57th-2nd-regular): vote tally differs on 2026-06-12  [local={'yes': 40, 'no': 14, 'other': 0, 'absent': 0, 'excused': 0, 'not voting': 6} live={'yes': 0, 'no': 0, 'other': 0, 'absent': 0, 'excused': 0, 'not voting': 0} | Aaron Márquez (yes): local only; Alexander Kolodin (yes): local only; Alma Hernandez (yes): local only; Anna Abeytia (yes): local only; Betty J Villegas (yes): local only; Beverly Pingerelli (yes): local only; Brian Garcia (yes): local only; Cesar Aguilar (yes): local only; Chris Lopez (yes): local only; Christopher Mathis (yes): local only; Cody Reim (yes): local only; Consuelo Hernandez (other): local only; David Livingston (no): local only; Elda Luna-Nájera (yes): local only; Gail Griffin (no): local only; James Taylor (no): local only; Janeen Connolly (yes): local only; Jeff Weninger (no): local only; John Gillette (yes): local only; Julie Willoughby (other): local only; Junelle Cavero (yes): local only; Justin Olson (no): local only; Justin Wilmeth (yes): local only; Kevin Volk (yes): local only; Khyl Powell (yes): local only; Laurin Hendrix (yes): local only; Leo Biasiucci (yes): local only; Lisa Fink (yes): local only; Lorena Austin (yes): local only; Lupe Contreras (yes): local only; Lupe Diaz (no): local only; Lydia Hernandez (yes): local only; Mae Peshlakai (yes): local only; Mariana Sandoval (yes): local only; Matt Gress (no): local only; Michael Carbone (no): local only; Michael Way (yes): local only; Michele Peña (no): local only; Myron Tsosie (other): local only; Nancy Gutierrez (other): local only; Neal Carter (yes): local only; Nick Kupper (no): local only; Oscar De Los Santos (yes): local only; Pamela Carter (no): local only; Patty Contreras (yes): local only; Quang H Nguyen (no): local only; Quantá Crews (yes): local only; Rachel Keshel (yes): local only; Ralph Heap (yes): local only; Sarah Liguori (yes): local only; Selina Bliss (no): local only; Seth Blattman (other): local only; Stacey Travers (yes): local only; Stephanie Simacek (yes): local only; Stephanie Stahl Hamilton (yes): local only; Steve Montenegro (no): local only; Sylvia Allen (yes): local only; Teresa Martinez (yes): local only; Tony Rivero (yes): local only; Walt Blackman (other): local only | 21 other local bill(s) share this signature on 2026-06-12]
  [33m~[0m  AZ SB 1110 (57th-2nd-regular): vote tally differs on 2026-06-12  [local={'yes': 0, 'no': 0, 'other': 0, 'absent': 0, 'excused': 0, 'not voting': 0} live={'yes': 40, 'no': 14, 'other': 0, 'absent': 0, 'excused': 0, 'not voting': 6} | Aaron Márquez (yes): live only; Alexander Kolodin (yes): live only; Alma Hernandez (yes): live only; Anna Abeytia (yes): live only; Betty J Villegas (yes): live only; Beverly Pingerelli (yes): live only; Brian Garcia (yes): live only; Cesar Aguilar (yes): live only; Chris Lopez (yes): live only; Christopher Mathis (yes): live only; Cody Reim (yes): live only; Consuelo Hernandez (other): live only; David Livingston (no): live only; Elda Luna-Nájera (yes): live only; Gail Griffin (no): live only; James Taylor (no): live only; Janeen Connolly (yes): live only; Jeff Weninger (no): live only; John Gillette (yes): live only; Julie Willoughby (other): live only; Junelle Cavero (yes): live only; Justin Olson (no): live only; Justin Wilmeth (yes): live only; Kevin Volk (yes): live only; Khyl Powell (yes): live only; Laurin Hendrix (yes): live only; Leo Biasiucci (yes): live only; Lisa Fink (yes): live only; Lorena Austin (yes): live only; Lupe Contreras (yes): live only; Lupe Diaz (no): live only; Lydia Hernandez (yes): live only; Mae Peshlakai (yes): live only; Mariana Sandoval (yes): live only; Matt Gress (no): live only; Michael Carbone (no): live only; Michael Way (yes): live only; Michele Peña (no): live only; Myron Tsosie (other): live only; Nancy Gutierrez (other): live only; Neal Carter (yes): live only; Nick Kupper (no): live only; Oscar De Los Santos (yes): live only; Pamela Carter (no): live only; Patty Contreras (yes): live only; Quang H Nguyen (no): live only; Quantá Crews (yes): live only; Rachel Keshel (yes): live only; Ralph Heap (yes): live only; Sarah Liguori (yes): live only; Selina Bliss (no): live only; Seth Blattman (other): live only; Stacey Travers (yes): live only; Stephanie Simacek (yes): live only; Stephanie Stahl Hamilton (yes): live only; Steve Montenegro (no): live only; Sylvia Allen (yes): live only; Teresa Martinez (yes): live only; Tony Rivero (yes): live only; Walt Blackman (other): live only | 21 other local bill(s) share this signature on 2026-06-12]
  [32m✓[0m  AZ SB 1110 (57th-2nd-regular): vote tally matches on 2026-06-12 ({'yes': 0, 'no': 0, 'other': 0, 'absent': 0, 'excused': 0, 'not voting': 0})
  [32m✓[0m  AZ SB 1110 (57th-2nd-regular): sponsorship count matches (1)
  [32m✓[0m  AZ SB 1114 (57th-2nd-regular): title matches
  [32m✓[0m  AZ SB 1114 (57th-2nd-regular): latest_action matches
  [32m✓[0m  AZ SB 1114 (57th-2nd-regular): vote event count matches (1)
  [32m✓[0m  AZ SB 1114 (57th-2nd-regular): vote tally matches on 2026-02-26 ({'yes': 26, 'no': 2, 'other': 0, 'absent': 0, 'excused': 0, 'not voting': 2})
  [32m✓[0m  AZ SB 1114 (57th-2nd-regular): sponsorship count matches (3)
  [32m✓[0m  AZ SB 1118 (57th-2nd-regular): title matches
  [32m✓[0m  AZ SB 1118 (57th-2nd-regular): latest_action matches
  [32m✓[0m  AZ SB 1118 (57th-2nd-regular): vote event count matches (7)
  [32m✓[0m  AZ SB 1118 (57th-2nd-regular): vote tally matches on 2026-03-03 ({'yes': 0, 'no': 0, 'other': 0, 'absent': 0, 'excused': 0, 'not voting': 0})
  [32m✓[0m  AZ SB 1118 (57th-2nd-regular): vote tally matches on 2026-03-05 ({'yes': 28, 'no': 0, 'other': 0, 'absent': 0, 'excused': 0, 'not voting': 2})
  [32m✓[0m  AZ SB 1118 (57th-2nd-regular): vote tally matches on 2026-04-28 ({'yes': 0, 'no': 0, 'other': 0, 'absent': 0, 'excused': 0, 'not voting': 0})
  [32m✓[0m  AZ SB 1118 (57th-2nd-regular): vote tally matches on 2026-06-01 ({'yes': 25, 'no': 30, 'other': 0, 'absent': 0, 'excused': 0, 'not voting': 5})
  [32m✓[0m  AZ SB 1118 (57th-2nd-regular): vote tally matches on 2026-06-01 ({'yes': 0, 'no': 0, 'other': 0, 'absent': 0, 'excused': 0, 'not voting': 0})
  [32m✓[0m  AZ SB 1118 (57th-2nd-regular): vote tally matches on 2026-06-11 ({'yes': 26, 'no': 31, 'other': 0, 'absent': 0, 'excused': 0, 'not voting': 3})
  [32m✓[0m  AZ SB 1118 (57th-2nd-regular): vote tally matches on 2026-06-11 ({'yes': 0, 'no': 0, 'other': 0, 'absent': 0, 'excused': 0, 'not voting': 0})
  [32m✓[0m  AZ SB 1118 (57th-2nd-regular): sponsorship count matches (4)
  [31m✗[0m  AZ SB 1123 (57th-2nd-regular): live API error  [HTTPSConnectionPool(host='v3.openstates.org', port=443): Read timed out. (read timeout=15)]
  [31m✗[0m  AZ SB 1124 (57th-2nd-regular): live API error  [HTTPSConnectionPool(host='v3.openstates.org', port=443): Read timed out. (read timeout=15)]
  [31m✗[0m  AZ SB 1126 (57th-2nd-regular): live API error  [HTTPSConnectionPool(host='v3.openstates.org', port=443): Read timed out. (read timeout=15)]
  [31m✗[0m  AZ SB 1132 (57th-2nd-regular): live API error  [HTTPSConnectionPool(host='v3.openstates.org', port=443): Read timed out. (read timeout=15)]
  [31m✗[0m  AZ SB 1137 (57th-2nd-regular): live API error  [HTTPSConnectionPool(host='v3.openstates.org', port=443): Read timed out. (read timeout=15)]
  [31m✗[0m  AZ SB 1140 (57th-2nd-regular): live API error  [HTTPSConnectionPool(host='v3.openstates.org', port=443): Read timed out. (read timeout=15)]
  [31m✗[0m  AZ SB 1144 (57th-2nd-regular): live API error  [HTTPSConnectionPool(host='v3.openstates.org', port=443): Read timed out. (read timeout=15)]
  [31m✗[0m  AZ SB 1149 (57th-2nd-regular): live API error  [HTTPSConnectionPool(host='v3.openstates.org', port=443): Read timed out. (read timeout=15)]
  [31m✗[0m  AZ SB 1150 (57th-2nd-regular): live API error  [HTTPSConnectionPool(host='v3.openstates.org', port=443): Read timed out. (read timeout=15)]
  [31m✗[0m  AZ SB 1151 (57th-2nd-regular): live API error  [HTTPSConnectionPool(host='v3.openstates.org', port=443): Read timed out. (read timeout=15)]
  [31m✗[0m  AZ SB 1152 (57th-2nd-regular): live API error  [HTTPSConnectionPool(host='v3.openstates.org', port=443): Read timed out. (read timeout=15)]
  [31m✗[0m  AZ SB 1154 (57th-2nd-regular): live API error  [HTTPSConnectionPool(host='v3.openstates.org', port=443): Read timed out. (read timeout=15)]
  [31m✗[0m  AZ SB 1156 (57th-2nd-regular): live API error  [HTTPSConnectionPool(host='v3.openstates.org', port=443): Read timed out. (read timeout=15)]
  [31m✗[0m  AZ SB 1159 (57th-2nd-regular): live API error  [HTTPSConnectionPool(host='v3.openstates.org', port=443): Read timed out. (read timeout=15)]
  [31m✗[0m  AZ SB 1168 (57th-2nd-regular): live API error  [HTTPSConnectionPool(host='v3.openstates.org', port=443): Read timed out. (read timeout=15)]
  [31m✗[0m  AZ SB 1171 (57th-2nd-regular): live API error  [HTTPSConnectionPool(host='v3.openstates.org', port=443): Read timed out. (read timeout=15)]
  [31m✗[0m  AZ SB 1180 (57th-2nd-regular): live API error  [HTTPSConnectionPool(host='v3.openstates.org', port=443): Read timed out. (read timeout=15)]
    ...325/500
  [31m✗[0m  AZ SB 1183 (57th-2nd-regular): live API error  [HTTPSConnectionPool(host='v3.openstates.org', port=443): Read timed out. (read timeout=15)]
  [32m✓[0m  AZ SB 1184 (57th-2nd-regular): title matches
  [32m✓[0m  AZ SB 1184 (57th-2nd-regular): latest_action matches
  [32m✓[0m  AZ SB 1184 (57th-2nd-regular): vote event count matches (4)
  [32m✓[0m  AZ SB 1184 (57th-2nd-regular): vote tally matches on 2026-02-25 ({'yes': 0, 'no': 0, 'other': 0, 'absent': 0, 'excused': 0, 'not voting': 0})
  [32m✓[0m  AZ SB 1184 (57th-2nd-regular): vote tally matches on 2026-02-25 ({'yes': 19, 'no': 8, 'other': 0, 'absent': 0, 'excused': 0, 'not voting': 3})
  [32m✓[0m  AZ SB 1184 (57th-2nd-regular): vote tally matches on 2026-03-30 ({'yes': 0, 'no': 0, 'other': 0, 'absent': 0, 'excused': 0, 'not voting': 0})
  [32m✓[0m  AZ SB 1184 (57th-2nd-regular): vote tally matches on 2026-06-02 ({'yes': 32, 'no': 25, 'other': 0, 'absent': 0, 'excused': 0, 'not voting': 3})
  [32m✓[0m  AZ SB 1184 (57th-2nd-regular): sponsorship count matches (1)
  [31m✗[0m  AZ SB 1199 (57th-2nd-regular): live API error  [HTTPSConnectionPool(host='v3.openstates.org', port=443): Read timed out. (read timeout=15)]
  [31m✗[0m  AZ SB 1210 (57th-2nd-regular): live API error  [HTTPSConnectionPool(host='v3.openstates.org', port=443): Read timed out. (read timeout=15)]
  [31m✗[0m  AZ SB 1212 (57th-2nd-regular): live API error  [HTTPSConnectionPool(host='v3.openstates.org', port=443): Read timed out. (read timeout=15)]
  [31m✗[0m  AZ SB 1216 (57th-2nd-regular): live API error  [502 Server Error: Bad Gateway for url: https://v3.openstates.org/bills?jurisdiction=az&session=57th-2nd-regular&identifier=SB+1216&include=votes&include=sponsorships&include=actions&apikey=54a34b98-53ad-42f5-9487-e8dbe81cd68d]
  [31m✗[0m  AZ SB 1217 (57th-2nd-regular): live API error  [HTTPSConnectionPool(host='v3.openstates.org', port=443): Read timed out. (read timeout=15)]
  [32m✓[0m  AZ SB 1223 (57th-2nd-regular): title matches
  [32m✓[0m  AZ SB 1223 (57th-2nd-regular): latest_action matches
  [32m✓[0m  AZ SB 1223 (57th-2nd-regular): vote event count matches (0)
  [32m✓[0m  AZ SB 1223 (57th-2nd-regular): sponsorship count matches (1)
  [32m✓[0m  AZ SB 1228 (57th-2nd-regular): title matches
  [32m✓[0m  AZ SB 1228 (57th-2nd-regular): latest_action matches
  [32m✓[0m  AZ SB 1228 (57th-2nd-regular): vote event count matches (0)
  [32m✓[0m  AZ SB 1228 (57th-2nd-regular): sponsorship count matches (1)
  [32m✓[0m  AZ SB 1229 (57th-2nd-regular): title matches
  [32m✓[0m  AZ SB 1229 (57th-2nd-regular): latest_action matches
  [32m✓[0m  AZ SB 1229 (57th-2nd-regular): vote event count matches (0)
  [32m✓[0m  AZ SB 1229 (57th-2nd-regular): sponsorship count matches (1)
  [32m✓[0m  AZ SB 1230 (57th-2nd-regular): title matches
  [32m✓[0m  AZ SB 1230 (57th-2nd-regular): latest_action matches
  [32m✓[0m  AZ SB 1230 (57th-2nd-regular): vote event count matches (0)
  [32m✓[0m  AZ SB 1230 (57th-2nd-regular): sponsorship count matches (1)
  [32m✓[0m  AZ SB 1231 (57th-2nd-regular): title matches
  [32m✓[0m  AZ SB 1231 (57th-2nd-regular): latest_action matches
  [32m✓[0m  AZ SB 1231 (57th-2nd-regular): vote event count matches (0)
  [32m✓[0m  AZ SB 1231 (57th-2nd-regular): sponsorship count matches (1)
  [32m✓[0m  AZ SB 1232 (57th-2nd-regular): title matches
  [32m✓[0m  AZ SB 1232 (57th-2nd-regular): latest_action matches
  [32m✓[0m  AZ SB 1232 (57th-2nd-regular): vote event count matches (6)
  [32m✓[0m  AZ SB 1232 (57th-2nd-regular): vote tally matches on 2026-02-26 ({'yes': 0, 'no': 0, 'other': 0, 'absent': 0, 'excused': 0, 'not voting': 0})
  [32m✓[0m  AZ SB 1232 (57th-2nd-regular): vote tally matches on 2026-02-26 ({'yes': 28, 'no': 0, 'other': 0, 'absent': 0, 'excused': 0, 'not voting': 2})
  [32m✓[0m  AZ SB 1232 (57th-2nd-regular): vote tally matches on 2026-04-01 ({'yes': 0, 'no': 0, 'other': 0, 'absent': 0, 'excused': 0, 'not voting': 0})
  [32m✓[0m  AZ SB 1232 (57th-2nd-regular): vote tally matches on 2026-04-08 ({'yes': 55, 'no': 0, 'other': 0, 'absent': 0, 'excused': 0, 'not voting': 5})
  [33m~[0m  AZ SB 1232 (57th-2nd-regular): vote tally differs on 2026-05-26  [local={'yes': 23, 'no': 3, 'other': 0, 'absent': 0, 'excused': 0, 'not voting': 4} live={'yes': 0, 'no': 0, 'other': 0, 'absent': 0, 'excused': 0, 'not voting': 0} | Analise Ortiz (yes): local only; Brian Fernandez (yes): local only; Carine Werner (yes): local only; Catherine Miranda (yes): local only; David C. Farnsworth (yes): local only; David Gowan (yes): local only; Denise “Mitzi” Epstein (no): local only; Eva Diaz (yes): local only; Flavio Bravo (yes): local only; Frank Carroll (yes): local only; Hildy Angius (yes): local only; J.D. Mesnard (yes): local only; Jake Hoffman (other): local only; Janae Shamp (other): local only; John Kavanagh (yes): local only; Kevin Payne (yes): local only; Kiana Sears (yes): local only; Lauren Kuby (yes): local only; Lela Alston (yes): local only; Mark Finchem (yes): local only; Priya Sundareshan (yes): local only; Rosanna Gabaldón (other): local only; Sally Ann Gonzales (no): local only; Shawnna Bolick (yes): local only; Theresa Hatathlie (no): local only; Thomas "T.J." Shope (yes): local only; Timothy "Tim" Dunn (yes): local only; Venden "Vince" Leach (other): local only; Warren Petersen (yes): local only; Wendy Rogers (yes): local only | 11 other local bill(s) share this signature on 2026-05-26]
  [33m~[0m  AZ SB 1232 (57th-2nd-regular): vote tally differs on 2026-05-26  [local={'yes': 0, 'no': 0, 'other': 0, 'absent': 0, 'excused': 0, 'not voting': 0} live={'yes': 23, 'no': 3, 'other': 0, 'absent': 0, 'excused': 0, 'not voting': 4} | Analise Ortiz (yes): live only; Brian Fernandez (yes): live only; Carine Werner (yes): live only; Catherine Miranda (yes): live only; David C. Farnsworth (yes): live only; David Gowan (yes): live only; Denise “Mitzi” Epstein (no): live only; Eva Diaz (yes): live only; Flavio Bravo (yes): live only; Frank Carroll (yes): live only; Hildy Angius (yes): live only; J.D. Mesnard (yes): live only; Jake Hoffman (other): live only; Janae Shamp (other): live only; John Kavanagh (yes): live only; Kevin Payne (yes): live only; Kiana Sears (yes): live only; Lauren Kuby (yes): live only; Lela Alston (yes): live only; Mark Finchem (yes): live only; Priya Sundareshan (yes): live only; Rosanna Gabaldón (other): live only; Sally Ann Gonzales (no): live only; Shawnna Bolick (yes): live only; Theresa Hatathlie (no): live only; Thomas "T.J." Shope (yes): live only; Timothy "Tim" Dunn (yes): live only; Venden "Vince" Leach (other): live only; Warren Petersen (yes): live only; Wendy Rogers (yes): live only | 11 other local bill(s) share this signature on 2026-05-26]
  [32m✓[0m  AZ SB 1232 (57th-2nd-regular): sponsorship count matches (1)
  [32m✓[0m  AZ SB 1238 (57th-2nd-regular): title matches
  [32m✓[0m  AZ SB 1238 (57th-2nd-regular): latest_action matches
  [32m✓[0m  AZ SB 1238 (57th-2nd-regular): vote event count matches (1)
  [32m✓[0m  AZ SB 1238 (57th-2nd-regular): vote tally matches on 2026-02-16 ({'yes': 0, 'no': 0, 'other': 0, 'absent': 0, 'excused': 0, 'not voting': 0})
  [32m✓[0m  AZ SB 1238 (57th-2nd-regular): sponsorship count matches (1)
  [32m✓[0m  AZ SB 1242 (57th-2nd-regular): title matches
  [32m✓[0m  AZ SB 1242 (57th-2nd-regular): latest_action matches
  [32m✓[0m  AZ SB 1242 (57th-2nd-regular): vote event count matches (6)
  [32m✓[0m  AZ SB 1242 (57th-2nd-regular): vote tally matches on 2026-02-19 ({'yes': 21, 'no': 6, 'other': 0, 'absent': 0, 'excused': 0, 'not voting': 3})
  [32m✓[0m  AZ SB 1242 (57th-2nd-regular): vote tally matches on 2026-04-28 ({'yes': 0, 'no': 0, 'other': 0, 'absent': 0, 'excused': 0, 'not voting': 0})
  [32m✓[0m  AZ SB 1242 (57th-2nd-regular): vote tally matches on 2026-04-28 ({'yes': 0, 'no': 0, 'other': 0, 'absent': 0, 'excused': 0, 'not voting': 0})
  [32m✓[0m  AZ SB 1242 (57th-2nd-regular): vote tally matches on 2026-05-05 ({'yes': 44, 'no': 7, 'other': 0, 'absent': 0, 'excused': 0, 'not voting': 9})
  [32m✓[0m  AZ SB 1242 (57th-2nd-regular): vote tally matches on 2026-06-09 ({'yes': 27, 'no': 2, 'other': 0, 'absent': 0, 'excused': 0, 'not voting': 1})
  [32m✓[0m  AZ SB 1242 (57th-2nd-regular): vote tally matches on 2026-06-09 ({'yes': 0, 'no': 0, 'other': 0, 'absent': 0, 'excused': 0, 'not voting': 0})
  [32m✓[0m  AZ SB 1242 (57th-2nd-regular): sponsorship count matches (2)
  [32m✓[0m  AZ SB 1252 (57th-2nd-regular): title matches
  [32m✓[0m  AZ SB 1252 (57th-2nd-regular): latest_action matches
  [32m✓[0m  AZ SB 1252 (57th-2nd-regular): vote event count matches (3)
  [32m✓[0m  AZ SB 1252 (57th-2nd-regular): vote tally matches on 2026-02-12 ({'yes': 29, 'no': 0, 'other': 0, 'absent': 0, 'excused': 0, 'not voting': 1})
  [32m✓[0m  AZ SB 1252 (57th-2nd-regular): vote tally matches on 2026-03-30 ({'yes': 0, 'no': 0, 'other': 0, 'absent': 0, 'excused': 0, 'not voting': 0})
  [32m✓[0m  AZ SB 1252 (57th-2nd-regular): vote tally matches on 2026-04-02 ({'yes': 48, 'no': 1, 'other': 0, 'absent': 0, 'excused': 0, 'not voting': 11})
  [32m✓[0m  AZ SB 1252 (57th-2nd-regular): sponsorship count matches (1)
  [31m✗[0m  AZ SB 1254 (57th-2nd-regular): live API error  [HTTPSConnectionPool(host='v3.openstates.org', port=443): Read timed out. (read timeout=15)]
  [31m✗[0m  AZ SB 1257 (57th-2nd-regular): live API error  [HTTPSConnectionPool(host='v3.openstates.org', port=443): Read timed out. (read timeout=15)]
  [32m✓[0m  AZ SB 1261 (57th-2nd-regular): title matches
  [32m✓[0m  AZ SB 1261 (57th-2nd-regular): latest_action matches
  [32m✓[0m  AZ SB 1261 (57th-2nd-regular): vote event count matches (0)
  [32m✓[0m  AZ SB 1261 (57th-2nd-regular): sponsorship count matches (1)
  [32m✓[0m  AZ SB 1263 (57th-2nd-regular): title matches
  [32m✓[0m  AZ SB 1263 (57th-2nd-regular): latest_action matches
  [32m✓[0m  AZ SB 1263 (57th-2nd-regular): vote event count matches (0)
  [32m✓[0m  AZ SB 1263 (57th-2nd-regular): sponsorship count matches (13)
  [32m✓[0m  AZ SB 1277 (57th-2nd-regular): title matches
  [32m✓[0m  AZ SB 1277 (57th-2nd-regular): latest_action matches
  [32m✓[0m  AZ SB 1277 (57th-2nd-regular): vote event count matches (0)
  [32m✓[0m  AZ SB 1277 (57th-2nd-regular): sponsorship count matches (1)
  [32m✓[0m  AZ SB 1280 (57th-2nd-regular): title matches
  [32m✓[0m  AZ SB 1280 (57th-2nd-regular): latest_action matches
  [32m✓[0m  AZ SB 1280 (57th-2nd-regular): vote event count matches (4)
  [32m✓[0m  AZ SB 1280 (57th-2nd-regular): vote tally matches on 2026-02-24 ({'yes': 0, 'no': 0, 'other': 0, 'absent': 0, 'excused': 0, 'not voting': 0})
  [32m✓[0m  AZ SB 1280 (57th-2nd-regular): vote tally matches on 2026-02-24 ({'yes': 16, 'no': 11, 'other': 0, 'absent': 0, 'excused': 0, 'not voting': 3})
  [32m✓[0m  AZ SB 1280 (57th-2nd-regular): vote tally matches on 2026-04-07 ({'yes': 0, 'no': 0, 'other': 0, 'absent': 0, 'excused': 0, 'not voting': 0})
  [32m✓[0m  AZ SB 1280 (57th-2nd-regular): vote tally matches on 2026-06-09 ({'yes': 31, 'no': 24, 'other': 0, 'absent': 0, 'excused': 0, 'not voting': 5})
  [32m✓[0m  AZ SB 1280 (57th-2nd-regular): sponsorship count matches (1)
  [32m✓[0m  AZ SB 1287 (57th-2nd-regular): title matches
  [32m✓[0m  AZ SB 1287 (57th-2nd-regular): latest_action matches
  [32m✓[0m  AZ SB 1287 (57th-2nd-regular): vote event count matches (2)
  [32m✓[0m  AZ SB 1287 (57th-2nd-regular): vote tally matches on 2026-02-24 ({'yes': 0, 'no': 0, 'other': 0, 'absent': 0, 'excused': 0, 'not voting': 0})
  [32m✓[0m  AZ SB 1287 (57th-2nd-regular): vote tally matches on 2026-02-24 ({'yes': 27, 'no': 0, 'other': 0, 'absent': 0, 'excused': 0, 'not voting': 3})
  [32m✓[0m  AZ SB 1287 (57th-2nd-regular): sponsorship count matches (1)
  [32m✓[0m  AZ SB 1290 (57th-2nd-regular): title matches
  [33m~[0m  AZ SB 1290 (57th-2nd-regular): latest_action differs  [local='transmit to governor' live='signed by governor']
  [32m✓[0m  AZ SB 1290 (57th-2nd-regular): vote event count matches (6)
  [32m✓[0m  AZ SB 1290 (57th-2nd-regular): vote tally matches on 2026-03-02 ({'yes': 0, 'no': 0, 'other': 0, 'absent': 0, 'excused': 0, 'not voting': 0})
  [32m✓[0m  AZ SB 1290 (57th-2nd-regular): vote tally matches on 2026-03-02 ({'yes': 17, 'no': 12, 'other': 0, 'absent': 0, 'excused': 0, 'not voting': 1})
  [32m✓[0m  AZ SB 1290 (57th-2nd-regular): vote tally matches on 2026-04-21 ({'yes': 38, 'no': 17, 'other': 0, 'absent': 0, 'excused': 0, 'not voting': 4})
  [32m✓[0m  AZ SB 1290 (57th-2nd-regular): vote tally matches on 2026-04-21 ({'yes': 0, 'no': 0, 'other': 0, 'absent': 0, 'excused': 0, 'not voting': 0})
  [32m✓[0m  AZ SB 1290 (57th-2nd-regular): vote tally matches on 2026-06-11 ({'yes': 0, 'no': 0, 'other': 0, 'absent': 0, 'excused': 0, 'not voting': 0})
  [32m✓[0m  AZ SB 1290 (57th-2nd-regular): vote tally matches on 2026-06-13 ({'yes': 28, 'no': 0, 'other': 0, 'absent': 0, 'excused': 0, 'not voting': 2})
  [32m✓[0m  AZ SB 1290 (57th-2nd-regular): sponsorship count matches (1)
  [32m✓[0m  AZ SB 1293 (57th-2nd-regular): title matches
  [32m✓[0m  AZ SB 1293 (57th-2nd-regular): latest_action matches
  [32m✓[0m  AZ SB 1293 (57th-2nd-regular): vote event count matches (4)
  [32m✓[0m  AZ SB 1293 (57th-2nd-regular): vote tally matches on 2026-02-24 ({'yes': 16, 'no': 11, 'other': 0, 'absent': 0, 'excused': 0, 'not voting': 3})
  [32m✓[0m  AZ SB 1293 (57th-2nd-regular): vote tally matches on 2026-02-24 ({'yes': 0, 'no': 0, 'other': 0, 'absent': 0, 'excused': 0, 'not voting': 0})
  [32m✓[0m  AZ SB 1293 (57th-2nd-regular): vote tally matches on 2026-04-01 ({'yes': 0, 'no': 0, 'other': 0, 'absent': 0, 'excused': 0, 'not voting': 0})
  [32m✓[0m  AZ SB 1293 (57th-2nd-regular): vote tally matches on 2026-04-08 ({'yes': 33, 'no': 22, 'other': 0, 'absent': 0, 'excused': 0, 'not voting': 5})
  [32m✓[0m  AZ SB 1293 (57th-2nd-regular): sponsorship count matches (1)
    ...350/500
  [32m✓[0m  AZ SB 1295 (57th-2nd-regular): title matches
  [32m✓[0m  AZ SB 1295 (57th-2nd-regular): latest_action matches
  [32m✓[0m  AZ SB 1295 (57th-2nd-regular): vote event count matches (1)
  [32m✓[0m  AZ SB 1295 (57th-2nd-regular): vote tally matches on 2026-03-10 ({'yes': 0, 'no': 0, 'other': 0, 'absent': 0, 'excused': 0, 'not voting': 0})
  [32m✓[0m  AZ SB 1295 (57th-2nd-regular): sponsorship count matches (5)
  [32m✓[0m  AZ SB 1302 (57th-2nd-regular): title matches
  [32m✓[0m  AZ SB 1302 (57th-2nd-regular): latest_action matches
  [32m✓[0m  AZ SB 1302 (57th-2nd-regular): vote event count matches (0)
  [32m✓[0m  AZ SB 1302 (57th-2nd-regular): sponsorship count matches (1)
  [32m✓[0m  AZ SB 1310 (57th-2nd-regular): title matches
  [32m✓[0m  AZ SB 1310 (57th-2nd-regular): latest_action matches
  [32m✓[0m  AZ SB 1310 (57th-2nd-regular): vote event count matches (0)
  [32m✓[0m  AZ SB 1310 (57th-2nd-regular): sponsorship count matches (1)
  [32m✓[0m  AZ SB 1321 (57th-2nd-regular): title matches
  [32m✓[0m  AZ SB 1321 (57th-2nd-regular): latest_action matches
  [32m✓[0m  AZ SB 1321 (57th-2nd-regular): vote event count matches (0)
  [32m✓[0m  AZ SB 1321 (57th-2nd-regular): sponsorship count matches (5)
  [32m✓[0m  AZ SB 1335 (57th-2nd-regular): title matches
  [33m~[0m  AZ SB 1335 (57th-2nd-regular): latest_action differs  [local='transmit to governor' live='signed by governor']
  [32m✓[0m  AZ SB 1335 (57th-2nd-regular): vote event count matches (5)
  [32m✓[0m  AZ SB 1335 (57th-2nd-regular): vote tally matches on 2026-02-26 ({'yes': 26, 'no': 1, 'other': 0, 'absent': 0, 'excused': 0, 'not voting': 3})
  [32m✓[0m  AZ SB 1335 (57th-2nd-regular): vote tally matches on 2026-06-10 ({'yes': 0, 'no': 0, 'other': 0, 'absent': 0, 'excused': 0, 'not voting': 0})
  [32m✓[0m  AZ SB 1335 (57th-2nd-regular): vote tally matches on 2026-06-11 ({'yes': 32, 'no': 25, 'other': 0, 'absent': 0, 'excused': 0, 'not voting': 3})
  [32m✓[0m  AZ SB 1335 (57th-2nd-regular): vote tally matches on 2026-06-12 ({'yes': 23, 'no': 6, 'other': 0, 'absent': 0, 'excused': 0, 'not voting': 1})
  [32m✓[0m  AZ SB 1335 (57th-2nd-regular): vote tally matches on 2026-06-12 ({'yes': 0, 'no': 0, 'other': 0, 'absent': 0, 'excused': 0, 'not voting': 0})
  [32m✓[0m  AZ SB 1335 (57th-2nd-regular): sponsorship count matches (1)
  [32m✓[0m  AZ SB 1338 (57th-2nd-regular): title matches
  [32m✓[0m  AZ SB 1338 (57th-2nd-regular): latest_action matches
  [32m✓[0m  AZ SB 1338 (57th-2nd-regular): vote event count matches (4)
  [32m✓[0m  AZ SB 1338 (57th-2nd-regular): vote tally matches on 2026-02-26 ({'yes': 0, 'no': 0, 'other': 0, 'absent': 0, 'excused': 0, 'not voting': 0})
  [32m✓[0m  AZ SB 1338 (57th-2nd-regular): vote tally matches on 2026-02-26 ({'yes': 16, 'no': 12, 'other': 0, 'absent': 0, 'excused': 0, 'not voting': 2})
  [32m✓[0m  AZ SB 1338 (57th-2nd-regular): vote tally matches on 2026-04-13 ({'yes': 0, 'no': 0, 'other': 0, 'absent': 0, 'excused': 0, 'not voting': 0})
  [32m✓[0m  AZ SB 1338 (57th-2nd-regular): vote tally matches on 2026-06-11 ({'yes': 32, 'no': 25, 'other': 0, 'absent': 0, 'excused': 0, 'not voting': 3})
  [32m✓[0m  AZ SB 1338 (57th-2nd-regular): sponsorship count matches (1)
  [32m✓[0m  AZ SB 1339 (57th-2nd-regular): title matches
  [32m✓[0m  AZ SB 1339 (57th-2nd-regular): latest_action matches
  [32m✓[0m  AZ SB 1339 (57th-2nd-regular): vote event count matches (0)
  [32m✓[0m  AZ SB 1339 (57th-2nd-regular): sponsorship count matches (1)
  [32m✓[0m  AZ SB 1343 (57th-2nd-regular): title matches
  [32m✓[0m  AZ SB 1343 (57th-2nd-regular): latest_action matches
  [32m✓[0m  AZ SB 1343 (57th-2nd-regular): vote event count matches (0)
  [32m✓[0m  AZ SB 1343 (57th-2nd-regular): sponsorship count matches (10)
  [32m✓[0m  AZ SB 1347 (57th-2nd-regular): title matches
  [32m✓[0m  AZ SB 1347 (57th-2nd-regular): latest_action matches
  [32m✓[0m  AZ SB 1347 (57th-2nd-regular): vote event count matches (2)
  [32m✓[0m  AZ SB 1347 (57th-2nd-regular): vote tally matches on 2026-03-02 ({'yes': 27, 'no': 2, 'other': 0, 'absent': 0, 'excused': 0, 'not voting': 1})
  [32m✓[0m  AZ SB 1347 (57th-2nd-regular): vote tally matches on 2026-03-02 ({'yes': 0, 'no': 0, 'other': 0, 'absent': 0, 'excused': 0, 'not voting': 0})
  [32m✓[0m  AZ SB 1347 (57th-2nd-regular): sponsorship count matches (2)
  [32m✓[0m  AZ SB 1355 (57th-2nd-regular): title matches
  [32m✓[0m  AZ SB 1355 (57th-2nd-regular): latest_action matches
  [32m✓[0m  AZ SB 1355 (57th-2nd-regular): vote event count matches (0)
  [32m✓[0m  AZ SB 1355 (57th-2nd-regular): sponsorship count matches (10)
  [32m✓[0m  AZ SB 1364 (57th-2nd-regular): title matches
  [32m✓[0m  AZ SB 1364 (57th-2nd-regular): latest_action matches
  [32m✓[0m  AZ SB 1364 (57th-2nd-regular): vote event count matches (0)
  [32m✓[0m  AZ SB 1364 (57th-2nd-regular): sponsorship count matches (1)
  [32m✓[0m  AZ SB 1372 (57th-2nd-regular): title matches
  [32m✓[0m  AZ SB 1372 (57th-2nd-regular): latest_action matches
  [32m✓[0m  AZ SB 1372 (57th-2nd-regular): vote event count matches (3)
  [32m✓[0m  AZ SB 1372 (57th-2nd-regular): vote tally matches on 2026-03-03 ({'yes': 27, 'no': 3, 'other': 0, 'absent': 0, 'excused': 0, 'not voting': 0})
  [32m✓[0m  AZ SB 1372 (57th-2nd-regular): vote tally matches on 2026-04-07 ({'yes': 0, 'no': 0, 'other': 0, 'absent': 0, 'excused': 0, 'not voting': 0})
  [32m✓[0m  AZ SB 1372 (57th-2nd-regular): vote tally matches on 2026-04-09 ({'yes': 33, 'no': 20, 'other': 0, 'absent': 0, 'excused': 0, 'not voting': 7})
  [32m✓[0m  AZ SB 1372 (57th-2nd-regular): sponsorship count matches (1)
  [32m✓[0m  AZ SB 1374 (57th-2nd-regular): title matches
  [32m✓[0m  AZ SB 1374 (57th-2nd-regular): latest_action matches
  [32m✓[0m  AZ SB 1374 (57th-2nd-regular): vote event count matches (0)
  [32m✓[0m  AZ SB 1374 (57th-2nd-regular): sponsorship count matches (6)
  [32m✓[0m  AZ SB 1375 (57th-2nd-regular): title matches
  [32m✓[0m  AZ SB 1375 (57th-2nd-regular): latest_action matches
  [32m✓[0m  AZ SB 1375 (57th-2nd-regular): vote event count matches (0)
  [32m✓[0m  AZ SB 1375 (57th-2nd-regular): sponsorship count matches (6)
  [32m✓[0m  AZ SB 1377 (57th-2nd-regular): title matches
  [32m✓[0m  AZ SB 1377 (57th-2nd-regular): latest_action matches
  [32m✓[0m  AZ SB 1377 (57th-2nd-regular): vote event count matches (0)
  [32m✓[0m  AZ SB 1377 (57th-2nd-regular): sponsorship count matches (6)
  [32m✓[0m  AZ SB 1378 (57th-2nd-regular): title matches
  [32m✓[0m  AZ SB 1378 (57th-2nd-regular): latest_action matches
  [32m✓[0m  AZ SB 1378 (57th-2nd-regular): vote event count matches (0)
  [32m✓[0m  AZ SB 1378 (57th-2nd-regular): sponsorship count matches (11)
  [32m✓[0m  AZ SB 1384 (57th-2nd-regular): title matches
  [32m✓[0m  AZ SB 1384 (57th-2nd-regular): latest_action matches
  [32m✓[0m  AZ SB 1384 (57th-2nd-regular): vote event count matches (0)
  [32m✓[0m  AZ SB 1384 (57th-2nd-regular): sponsorship count matches (1)
  [32m✓[0m  AZ SB 1388 (57th-2nd-regular): title matches
  [32m✓[0m  AZ SB 1388 (57th-2nd-regular): latest_action matches
  [32m✓[0m  AZ SB 1388 (57th-2nd-regular): vote event count matches (0)
  [32m✓[0m  AZ SB 1388 (57th-2nd-regular): sponsorship count matches (1)
  [32m✓[0m  AZ SB 1389 (57th-2nd-regular): title matches
  [32m✓[0m  AZ SB 1389 (57th-2nd-regular): latest_action matches
  [32m✓[0m  AZ SB 1389 (57th-2nd-regular): vote event count matches (0)
  [32m✓[0m  AZ SB 1389 (57th-2nd-regular): sponsorship count matches (1)
  [31m✗[0m  AZ SB 1392 (57th-2nd-regular): live API error  [HTTPSConnectionPool(host='v3.openstates.org', port=443): Read timed out. (read timeout=15)]
  [32m✓[0m  AZ SB 1393 (57th-2nd-regular): title matches
  [32m✓[0m  AZ SB 1393 (57th-2nd-regular): latest_action matches
  [32m✓[0m  AZ SB 1393 (57th-2nd-regular): vote event count matches (0)
  [32m✓[0m  AZ SB 1393 (57th-2nd-regular): sponsorship count matches (1)
  [32m✓[0m  AZ SB 1396 (57th-2nd-regular): title matches
  [32m✓[0m  AZ SB 1396 (57th-2nd-regular): latest_action matches
  [32m✓[0m  AZ SB 1396 (57th-2nd-regular): vote event count matches (0)
  [32m✓[0m  AZ SB 1396 (57th-2nd-regular): sponsorship count matches (13)
  [32m✓[0m  AZ SB 1405 (57th-2nd-regular): title matches
  [32m✓[0m  AZ SB 1405 (57th-2nd-regular): latest_action matches
  [32m✓[0m  AZ SB 1405 (57th-2nd-regular): vote event count matches (0)
  [32m✓[0m  AZ SB 1405 (57th-2nd-regular): sponsorship count matches (2)
  [32m✓[0m  AZ SB 1406 (57th-2nd-regular): title matches
  [32m✓[0m  AZ SB 1406 (57th-2nd-regular): latest_action matches
  [32m✓[0m  AZ SB 1406 (57th-2nd-regular): vote event count matches (0)
  [32m✓[0m  AZ SB 1406 (57th-2nd-regular): sponsorship count matches (3)
  [32m✓[0m  AZ SB 1407 (57th-2nd-regular): title matches
  [32m✓[0m  AZ SB 1407 (57th-2nd-regular): latest_action matches
  [32m✓[0m  AZ SB 1407 (57th-2nd-regular): vote event count matches (0)
  [32m✓[0m  AZ SB 1407 (57th-2nd-regular): sponsorship count matches (3)
    ...375/500
  [32m✓[0m  AZ SB 1409 (57th-2nd-regular): title matches
  [32m✓[0m  AZ SB 1409 (57th-2nd-regular): latest_action matches
  [32m✓[0m  AZ SB 1409 (57th-2nd-regular): vote event count matches (0)
  [32m✓[0m  AZ SB 1409 (57th-2nd-regular): sponsorship count matches (8)
  [32m✓[0m  AZ SB 1410 (57th-2nd-regular): title matches
  [32m✓[0m  AZ SB 1410 (57th-2nd-regular): latest_action matches
  [32m✓[0m  AZ SB 1410 (57th-2nd-regular): vote event count matches (0)
  [32m✓[0m  AZ SB 1410 (57th-2nd-regular): sponsorship count matches (2)
  [32m✓[0m  AZ SB 1412 (57th-2nd-regular): title matches
  [32m✓[0m  AZ SB 1412 (57th-2nd-regular): latest_action matches
  [32m✓[0m  AZ SB 1412 (57th-2nd-regular): vote event count matches (0)
  [32m✓[0m  AZ SB 1412 (57th-2nd-regular): sponsorship count matches (1)
  [32m✓[0m  AZ SB 1413 (57th-2nd-regular): title matches
  [32m✓[0m  AZ SB 1413 (57th-2nd-regular): latest_action matches
  [32m✓[0m  AZ SB 1413 (57th-2nd-regular): vote event count matches (5)
  [32m✓[0m  AZ SB 1413 (57th-2nd-regular): vote tally matches on 2026-02-26 ({'yes': 0, 'no': 0, 'other': 0, 'absent': 0, 'excused': 0, 'not voting': 0})
  [32m✓[0m  AZ SB 1413 (57th-2nd-regular): vote tally matches on 2026-02-26 ({'yes': 27, 'no': 1, 'other': 0, 'absent': 0, 'excused': 0, 'not voting': 2})
  [32m✓[0m  AZ SB 1413 (57th-2nd-regular): vote tally matches on 2026-04-09 ({'yes': 0, 'no': 0, 'other': 0, 'absent': 0, 'excused': 0, 'not voting': 0})
  [32m✓[0m  AZ SB 1413 (57th-2nd-regular): vote tally matches on 2026-04-16 ({'yes': 0, 'no': 0, 'other': 0, 'absent': 0, 'excused': 0, 'not voting': 0})
  [32m✓[0m  AZ SB 1413 (57th-2nd-regular): vote tally matches on 2026-04-16 ({'yes': 2, 'no': 48, 'other': 0, 'absent': 0, 'excused': 0, 'not voting': 10})
  [32m✓[0m  AZ SB 1413 (57th-2nd-regular): sponsorship count matches (1)
  [32m✓[0m  AZ SB 1415 (57th-2nd-regular): title matches
  [32m✓[0m  AZ SB 1415 (57th-2nd-regular): latest_action matches
  [32m✓[0m  AZ SB 1415 (57th-2nd-regular): vote event count matches (4)
  [32m✓[0m  AZ SB 1415 (57th-2nd-regular): vote tally matches on 2026-02-23 ({'yes': 27, 'no': 0, 'other': 0, 'absent': 0, 'excused': 0, 'not voting': 3})
  [32m✓[0m  AZ SB 1415 (57th-2nd-regular): vote tally matches on 2026-02-23 ({'yes': 0, 'no': 0, 'other': 0, 'absent': 0, 'excused': 0, 'not voting': 0})
  [32m✓[0m  AZ SB 1415 (57th-2nd-regular): vote tally matches on 2026-03-23 ({'yes': 0, 'no': 0, 'other': 0, 'absent': 0, 'excused': 0, 'not voting': 0})
  [32m✓[0m  AZ SB 1415 (57th-2nd-regular): vote tally matches on 2026-03-26 ({'yes': 46, 'no': 1, 'other': 0, 'absent': 0, 'excused': 0, 'not voting': 13})
  [32m✓[0m  AZ SB 1415 (57th-2nd-regular): sponsorship count matches (1)
  [32m✓[0m  AZ SB 1417 (57th-2nd-regular): title matches
  [32m✓[0m  AZ SB 1417 (57th-2nd-regular): latest_action matches
  [32m✓[0m  AZ SB 1417 (57th-2nd-regular): vote event count matches (0)
  [32m✓[0m  AZ SB 1417 (57th-2nd-regular): sponsorship count matches (1)
  [32m✓[0m  AZ SB 1419 (57th-2nd-regular): title matches
  [32m✓[0m  AZ SB 1419 (57th-2nd-regular): latest_action matches
  [32m✓[0m  AZ SB 1419 (57th-2nd-regular): vote event count matches (9)
  [32m✓[0m  AZ SB 1419 (57th-2nd-regular): vote tally matches on 2026-02-25 ({'yes': 0, 'no': 0, 'other': 0, 'absent': 0, 'excused': 0, 'not voting': 0})
  [32m✓[0m  AZ SB 1419 (57th-2nd-regular): vote tally matches on 2026-03-02 ({'yes': 13, 'no': 14, 'other': 0, 'absent': 0, 'excused': 0, 'not voting': 3})
  [32m✓[0m  AZ SB 1419 (57th-2nd-regular): vote tally matches on 2026-03-02 ({'yes': 0, 'no': 0, 'other': 0, 'absent': 0, 'excused': 0, 'not voting': 0})
  [32m✓[0m  AZ SB 1419 (57th-2nd-regular): vote tally matches on 2026-03-02 ({'yes': 17, 'no': 12, 'other': 0, 'absent': 0, 'excused': 0, 'not voting': 1})
  [32m✓[0m  AZ SB 1419 (57th-2nd-regular): vote tally matches on 2026-04-08 ({'yes': 0, 'no': 0, 'other': 0, 'absent': 0, 'excused': 0, 'not voting': 0})
  [32m✓[0m  AZ SB 1419 (57th-2nd-regular): vote tally matches on 2026-04-28 ({'yes': 0, 'no': 0, 'other': 0, 'absent': 0, 'excused': 0, 'not voting': 0})
  [32m✓[0m  AZ SB 1419 (57th-2nd-regular): vote tally matches on 2026-05-05 ({'yes': 51, 'no': 0, 'other': 0, 'absent': 0, 'excused': 0, 'not voting': 9})
  [33m~[0m  AZ SB 1419 (57th-2nd-regular): vote tally differs on 2026-06-09  [local={'yes': 0, 'no': 0, 'other': 0, 'absent': 0, 'excused': 0, 'not voting': 0} live={'yes': 29, 'no': 0, 'other': 0, 'absent': 0, 'excused': 0, 'not voting': 1} | Analise Ortiz (yes): live only; Brian Fernandez (yes): live only; Carine Werner (yes): live only; Catherine Miranda (yes): live only; David C. Farnsworth (yes): live only; David Gowan (yes): live only; Denise “Mitzi” Epstein (yes): live only; Eva Diaz (yes): live only; Flavio Bravo (yes): live only; Frank Carroll (yes): live only; Hildy Angius (yes): live only; J.D. Mesnard (yes): live only; Jake Hoffman (yes): live only; Janae Shamp (other): live only; John Kavanagh (yes): live only; Kevin Payne (yes): live only; Kiana Sears (yes): live only; Lauren Kuby (yes): live only; Lela Alston (yes): live only; Mark Finchem (yes): live only; Priya Sundareshan (yes): live only; Rosanna Gabaldón (yes): live only; Sally Ann Gonzales (yes): live only; Shawnna Bolick (yes): live only; Theresa Hatathlie (yes): live only; Thomas "T.J." Shope (yes): live only; Timothy "Tim" Dunn (yes): live only; Venden "Vince" Leach (yes): live only; Warren Petersen (yes): live only; Wendy Rogers (yes): live only | 48 other local bill(s) share this signature on 2026-06-09]
  [33m~[0m  AZ SB 1419 (57th-2nd-regular): vote tally differs on 2026-06-09  [local={'yes': 29, 'no': 0, 'other': 0, 'absent': 0, 'excused': 0, 'not voting': 1} live={'yes': 0, 'no': 0, 'other': 0, 'absent': 0, 'excused': 0, 'not voting': 0} | Analise Ortiz (yes): local only; Brian Fernandez (yes): local only; Carine Werner (yes): local only; Catherine Miranda (yes): local only; David C. Farnsworth (yes): local only; David Gowan (yes): local only; Denise “Mitzi” Epstein (yes): local only; Eva Diaz (yes): local only; Flavio Bravo (yes): local only; Frank Carroll (yes): local only; Hildy Angius (yes): local only; J.D. Mesnard (yes): local only; Jake Hoffman (yes): local only; Janae Shamp (other): local only; John Kavanagh (yes): local only; Kevin Payne (yes): local only; Kiana Sears (yes): local only; Lauren Kuby (yes): local only; Lela Alston (yes): local only; Mark Finchem (yes): local only; Priya Sundareshan (yes): local only; Rosanna Gabaldón (yes): local only; Sally Ann Gonzales (yes): local only; Shawnna Bolick (yes): local only; Theresa Hatathlie (yes): local only; Thomas "T.J." Shope (yes): local only; Timothy "Tim" Dunn (yes): local only; Venden "Vince" Leach (yes): local only; Warren Petersen (yes): local only; Wendy Rogers (yes): local only | 48 other local bill(s) share this signature on 2026-06-09]
  [32m✓[0m  AZ SB 1419 (57th-2nd-regular): sponsorship count matches (1)
  [32m✓[0m  AZ SB 1422 (57th-2nd-regular): title matches
  [33m~[0m  AZ SB 1422 (57th-2nd-regular): latest_action differs  [local='transmit to governor' live='signed by governor']
  [32m✓[0m  AZ SB 1422 (57th-2nd-regular): vote event count matches (3)
  [32m✓[0m  AZ SB 1422 (57th-2nd-regular): vote tally matches on 2026-02-26 ({'yes': 26, 'no': 1, 'other': 0, 'absent': 0, 'excused': 0, 'not voting': 3})
  [32m✓[0m  AZ SB 1422 (57th-2nd-regular): vote tally matches on 2026-04-08 ({'yes': 0, 'no': 0, 'other': 0, 'absent': 0, 'excused': 0, 'not voting': 0})
  [32m✓[0m  AZ SB 1422 (57th-2nd-regular): vote tally matches on 2026-06-11 ({'yes': 40, 'no': 17, 'other': 0, 'absent': 0, 'excused': 0, 'not voting': 3})
  [32m✓[0m  AZ SB 1422 (57th-2nd-regular): sponsorship count matches (1)
  [32m✓[0m  AZ SB 1423 (57th-2nd-regular): title matches
  [33m~[0m  AZ SB 1423 (57th-2nd-regular): latest_action differs  [local='transmit to governor' live='signed by governor']
  [32m✓[0m  AZ SB 1423 (57th-2nd-regular): vote event count matches (2)
  [32m✓[0m  AZ SB 1423 (57th-2nd-regular): vote tally matches on 2026-03-03 ({'yes': 28, 'no': 2, 'other': 0, 'absent': 0, 'excused': 0, 'not voting': 0})
  [32m✓[0m  AZ SB 1423 (57th-2nd-regular): vote tally matches on 2026-06-11 ({'yes': 42, 'no': 16, 'other': 0, 'absent': 0, 'excused': 0, 'not voting': 2})
  [32m✓[0m  AZ SB 1423 (57th-2nd-regular): sponsorship count matches (1)
  [32m✓[0m  AZ SB 1424 (57th-2nd-regular): title matches
  [32m✓[0m  AZ SB 1424 (57th-2nd-regular): latest_action matches
  [32m✓[0m  AZ SB 1424 (57th-2nd-regular): vote event count matches (4)
  [32m✓[0m  AZ SB 1424 (57th-2nd-regular): vote tally matches on 2026-02-26 ({'yes': 17, 'no': 11, 'other': 0, 'absent': 0, 'excused': 0, 'not voting': 2})
  [32m✓[0m  AZ SB 1424 (57th-2nd-regular): vote tally matches on 2026-02-26 ({'yes': 0, 'no': 0, 'other': 0, 'absent': 0, 'excused': 0, 'not voting': 0})
  [32m✓[0m  AZ SB 1424 (57th-2nd-regular): vote tally matches on 2026-04-27 ({'yes': 0, 'no': 0, 'other': 0, 'absent': 0, 'excused': 0, 'not voting': 0})
  [32m✓[0m  AZ SB 1424 (57th-2nd-regular): vote tally matches on 2026-06-11 ({'yes': 30, 'no': 28, 'other': 0, 'absent': 0, 'excused': 0, 'not voting': 2})
  [32m✓[0m  AZ SB 1424 (57th-2nd-regular): sponsorship count matches (2)
  [32m✓[0m  AZ SB 1428 (57th-2nd-regular): title matches
  [33m~[0m  AZ SB 1428 (57th-2nd-regular): latest_action differs  [local='transmit to senate' live='signed by governor']
  [32m✓[0m  AZ SB 1428 (57th-2nd-regular): vote event count matches (7)
  [32m✓[0m  AZ SB 1428 (57th-2nd-regular): vote tally matches on 2026-02-26 ({'yes': 18, 'no': 10, 'other': 0, 'absent': 0, 'excused': 0, 'not voting': 2})
  [32m✓[0m  AZ SB 1428 (57th-2nd-regular): vote tally matches on 2026-02-26 ({'yes': 0, 'no': 0, 'other': 0, 'absent': 0, 'excused': 0, 'not voting': 0})
  [32m✓[0m  AZ SB 1428 (57th-2nd-regular): vote tally matches on 2026-04-09 ({'yes': 0, 'no': 0, 'other': 0, 'absent': 0, 'excused': 0, 'not voting': 0})
  [32m✓[0m  AZ SB 1428 (57th-2nd-regular): vote tally matches on 2026-06-11 ({'yes': 0, 'no': 0, 'other': 0, 'absent': 0, 'excused': 0, 'not voting': 0})
  [33m~[0m  AZ SB 1428 (57th-2nd-regular): vote tally differs on 2026-06-12  [local={'yes': 56, 'no': 0, 'other': 0, 'absent': 0, 'excused': 0, 'not voting': 4} live={'yes': 29, 'no': 0, 'other': 0, 'absent': 0, 'excused': 0, 'not voting': 1} | Aaron Márquez (yes): local only; Alexander Kolodin (yes): local only; Alma Hernandez (yes): local only; Anna Abeytia (yes): local only; Betty J Villegas (yes): local only; Beverly Pingerelli (yes): local only; Brian Garcia (yes): local only; Cesar Aguilar (yes): local only; Chris Lopez (yes): local only; Christopher Mathis (yes): local only; Cody Reim (yes): local only; Consuelo Hernandez (yes): local only; David Livingston (yes): local only; Elda Luna-Nájera (yes): local only; Gail Griffin (yes): local only; James Taylor (yes): local only; Janeen Connolly (yes): local only; Jeff Weninger (yes): local only; John Gillette (yes): local only; Julie Willoughby (other): local only; Junelle Cavero (yes): local only; Justin Olson (yes): local only; Justin Wilmeth (yes): local only; Kevin Volk (yes): local only; Khyl Powell (yes): local only; Laurin Hendrix (yes): local only; Leo Biasiucci (yes): local only; Lisa Fink (yes): local only; Lorena Austin (yes): local only; Lupe Contreras (yes): local only; Lupe Diaz (yes): local only; Lydia Hernandez (yes): local only; Mae Peshlakai (yes): local only; Mariana Sandoval (yes): local only; Matt Gress (yes): local only; Michael Carbone (yes): local only; Michael Way (yes): local only; Michele Peña (yes): local only; Myron Tsosie (other): local only; Nancy Gutierrez (other): local only; Neal Carter (yes): local only; Nick Kupper (yes): local only; Oscar De Los Santos (yes): local only; Pamela Carter (yes): local only; Patty Contreras (yes): local only; Quang H Nguyen (yes): local only; Quantá Crews (yes): local only; Rachel Keshel (yes): local only; Ralph Heap (yes): local only; Sarah Liguori (yes): local only; Selina Bliss (yes): local only; Seth Blattman (other): local only; Stacey Travers (yes): local only; Stephanie Simacek (yes): local only; Stephanie Stahl Hamilton (yes): local only; Steve Montenegro (yes): local only; Sylvia Allen (yes): local only; Teresa Martinez (yes): local only; Tony Rivero (yes): local only; Walt Blackman (yes): local only; Analise Ortiz (yes): live only; Brian Fernandez (yes): live only; Carine Werner (yes): live only; Catherine Miranda (yes): live only; David C. Farnsworth (yes): live only; David Gowan (yes): live only; Denise “Mitzi” Epstein (yes): live only; Eva Diaz (yes): live only; Flavio Bravo (yes): live only; Frank Carroll (yes): live only; Hildy Angius (yes): live only; J.D. Mesnard (yes): live only; Jake Hoffman (yes): live only; Janae Shamp (other): live only; John Kavanagh (yes): live only; Kevin Payne (yes): live only; Kiana Sears (yes): live only; Lauren Kuby (yes): live only; Lela Alston (yes): live only; Mark Finchem (yes): live only; Priya Sundareshan (yes): live only; Rosanna Gabaldón (yes): live only; Sally Ann Gonzales (yes): live only; Shawnna Bolick (yes): live only; Theresa Hatathlie (yes): live only; Thomas "T.J." Shope (yes): live only; Timothy "Tim" Dunn (yes): live only; Venden "Vince" Leach (yes): live only; Warren Petersen (yes): live only; Wendy Rogers (yes): live only | 60 other local bill(s) share this signature on 2026-06-12]
  [33m~[0m  AZ SB 1428 (57th-2nd-regular): vote tally differs on 2026-06-12  [local={'yes': 29, 'no': 0, 'other': 0, 'absent': 0, 'excused': 0, 'not voting': 1} live={'yes': 0, 'no': 0, 'other': 0, 'absent': 0, 'excused': 0, 'not voting': 0} | Analise Ortiz (yes): local only; Brian Fernandez (yes): local only; Carine Werner (yes): local only; Catherine Miranda (yes): local only; David C. Farnsworth (yes): local only; David Gowan (yes): local only; Denise “Mitzi” Epstein (yes): local only; Eva Diaz (yes): local only; Flavio Bravo (yes): local only; Frank Carroll (yes): local only; Hildy Angius (yes): local only; J.D. Mesnard (yes): local only; Jake Hoffman (yes): local only; Janae Shamp (other): local only; John Kavanagh (yes): local only; Kevin Payne (yes): local only; Kiana Sears (yes): local only; Lauren Kuby (yes): local only; Lela Alston (yes): local only; Mark Finchem (yes): local only; Priya Sundareshan (yes): local only; Rosanna Gabaldón (yes): local only; Sally Ann Gonzales (yes): local only; Shawnna Bolick (yes): local only; Theresa Hatathlie (yes): local only; Thomas "T.J." Shope (yes): local only; Timothy "Tim" Dunn (yes): local only; Venden "Vince" Leach (yes): local only; Warren Petersen (yes): local only; Wendy Rogers (yes): local only | 47 other local bill(s) share this signature on 2026-06-12]
  [33m~[0m  AZ SB 1428 (57th-2nd-regular): vote tally differs on 2026-06-12  [local={'yes': 0, 'no': 0, 'other': 0, 'absent': 0, 'excused': 0, 'not voting': 0} live={'yes': 56, 'no': 0, 'other': 0, 'absent': 0, 'excused': 0, 'not voting': 4} | Aaron Márquez (yes): live only; Alexander Kolodin (yes): live only; Alma Hernandez (yes): live only; Anna Abeytia (yes): live only; Betty J Villegas (yes): live only; Beverly Pingerelli (yes): live only; Brian Garcia (yes): live only; Cesar Aguilar (yes): live only; Chris Lopez (yes): live only; Christopher Mathis (yes): live only; Cody Reim (yes): live only; Consuelo Hernandez (yes): live only; David Livingston (yes): live only; Elda Luna-Nájera (yes): live only; Gail Griffin (yes): live only; James Taylor (yes): live only; Janeen Connolly (yes): live only; Jeff Weninger (yes): live only; John Gillette (yes): live only; Julie Willoughby (other): live only; Junelle Cavero (yes): live only; Justin Olson (yes): live only; Justin Wilmeth (yes): live only; Kevin Volk (yes): live only; Khyl Powell (yes): live only; Laurin Hendrix (yes): live only; Leo Biasiucci (yes): live only; Lisa Fink (yes): live only; Lorena Austin (yes): live only; Lupe Contreras (yes): live only; Lupe Diaz (yes): live only; Lydia Hernandez (yes): live only; Mae Peshlakai (yes): live only; Mariana Sandoval (yes): live only; Matt Gress (yes): live only; Michael Carbone (yes): live only; Michael Way (yes): live only; Michele Peña (yes): live only; Myron Tsosie (other): live only; Nancy Gutierrez (other): live only; Neal Carter (yes): live only; Nick Kupper (yes): live only; Oscar De Los Santos (yes): live only; Pamela Carter (yes): live only; Patty Contreras (yes): live only; Quang H Nguyen (yes): live only; Quantá Crews (yes): live only; Rachel Keshel (yes): live only; Ralph Heap (yes): live only; Sarah Liguori (yes): live only; Selina Bliss (yes): live only; Seth Blattman (other): live only; Stacey Travers (yes): live only; Stephanie Simacek (yes): live only; Stephanie Stahl Hamilton (yes): live only; Steve Montenegro (yes): live only; Sylvia Allen (yes): live only; Teresa Martinez (yes): live only; Tony Rivero (yes): live only; Walt Blackman (yes): live only | 21 other local bill(s) share this signature on 2026-06-12]
  [32m✓[0m  AZ SB 1428 (57th-2nd-regular): sponsorship count matches (1)
  [32m✓[0m  AZ SB 1430 (57th-2nd-regular): title matches
  [32m✓[0m  AZ SB 1430 (57th-2nd-regular): latest_action matches
  [32m✓[0m  AZ SB 1430 (57th-2nd-regular): vote event count matches (5)
  [32m✓[0m  AZ SB 1430 (57th-2nd-regular): vote tally matches on 2026-02-19 ({'yes': 27, 'no': 0, 'other': 0, 'absent': 0, 'excused': 0, 'not voting': 3})
  [32m✓[0m  AZ SB 1430 (57th-2nd-regular): vote tally matches on 2026-03-23 ({'yes': 0, 'no': 0, 'other': 0, 'absent': 0, 'excused': 0, 'not voting': 0})
  [32m✓[0m  AZ SB 1430 (57th-2nd-regular): vote tally matches on 2026-03-25 ({'yes': 51, 'no': 0, 'other': 0, 'absent': 0, 'excused': 0, 'not voting': 9})
  [32m✓[0m  AZ SB 1430 (57th-2nd-regular): vote tally matches on 2026-04-07 ({'yes': 0, 'no': 0, 'other': 0, 'absent': 0, 'excused': 0, 'not voting': 0})
  [32m✓[0m  AZ SB 1430 (57th-2nd-regular): vote tally matches on 2026-04-07 ({'yes': 29, 'no': 0, 'other': 0, 'absent': 0, 'excused': 0, 'not voting': 1})
  [32m✓[0m  AZ SB 1430 (57th-2nd-regular): sponsorship count matches (1)
  [32m✓[0m  AZ SB 1431 (57th-2nd-regular): title matches
  [32m✓[0m  AZ SB 1431 (57th-2nd-regular): latest_action matches
  [32m✓[0m  AZ SB 1431 (57th-2nd-regular): vote event count matches (6)
  [32m✓[0m  AZ SB 1431 (57th-2nd-regular): vote tally matches on 2026-02-23 ({'yes': 0, 'no': 0, 'other': 0, 'absent': 0, 'excused': 0, 'not voting': 0})
  [32m✓[0m  AZ SB 1431 (57th-2nd-regular): vote tally matches on 2026-03-02 ({'yes': 0, 'no': 0, 'other': 0, 'absent': 0, 'excused': 0, 'not voting': 0})
  [32m✓[0m  AZ SB 1431 (57th-2nd-regular): vote tally matches on 2026-03-02 ({'yes': 17, 'no': 12, 'other': 0, 'absent': 0, 'excused': 0, 'not voting': 1})
  [32m✓[0m  AZ SB 1431 (57th-2nd-regular): vote tally matches on 2026-04-14 ({'yes': 0, 'no': 0, 'other': 0, 'absent': 0, 'excused': 0, 'not voting': 0})
  [32m✓[0m  AZ SB 1431 (57th-2nd-regular): vote tally matches on 2026-06-12 ({'yes': 0, 'no': 0, 'other': 0, 'absent': 0, 'excused': 0, 'not voting': 0})
  [32m✓[0m  AZ SB 1431 (57th-2nd-regular): vote tally matches on 2026-06-12 ({'yes': 0, 'no': 0, 'other': 0, 'absent': 0, 'excused': 0, 'not voting': 0})
  [32m✓[0m  AZ SB 1431 (57th-2nd-regular): sponsorship count matches (10)
  [32m✓[0m  AZ SB 1432 (57th-2nd-regular): title matches
  [32m✓[0m  AZ SB 1432 (57th-2nd-regular): latest_action matches
  [32m✓[0m  AZ SB 1432 (57th-2nd-regular): vote event count matches (2)
  [32m✓[0m  AZ SB 1432 (57th-2nd-regular): vote tally matches on 2026-02-25 ({'yes': 0, 'no': 0, 'other': 0, 'absent': 0, 'excused': 0, 'not voting': 0})
  [32m✓[0m  AZ SB 1432 (57th-2nd-regular): vote tally matches on 2026-02-25 ({'yes': 16, 'no': 11, 'other': 0, 'absent': 0, 'excused': 0, 'not voting': 3})
  [32m✓[0m  AZ SB 1432 (57th-2nd-regular): sponsorship count matches (1)
  [32m✓[0m  AZ SB 1433 (57th-2nd-regular): title matches
  [32m✓[0m  AZ SB 1433 (57th-2nd-regular): latest_action matches
  [32m✓[0m  AZ SB 1433 (57th-2nd-regular): vote event count matches (0)
  [32m✓[0m  AZ SB 1433 (57th-2nd-regular): sponsorship count matches (1)
  [32m✓[0m  AZ SB 1435 (57th-2nd-regular): title matches
  [32m✓[0m  AZ SB 1435 (57th-2nd-regular): latest_action matches
  [32m✓[0m  AZ SB 1435 (57th-2nd-regular): vote event count matches (2)
  [32m✓[0m  AZ SB 1435 (57th-2nd-regular): vote tally matches on 2026-02-24 ({'yes': 0, 'no': 0, 'other': 0, 'absent': 0, 'excused': 0, 'not voting': 0})
  [32m✓[0m  AZ SB 1435 (57th-2nd-regular): vote tally matches on 2026-02-24 ({'yes': 16, 'no': 11, 'other': 0, 'absent': 0, 'excused': 0, 'not voting': 3})
  [32m✓[0m  AZ SB 1435 (57th-2nd-regular): sponsorship count matches (1)
  [32m✓[0m  AZ SB 1438 (57th-2nd-regular): title matches
  [32m✓[0m  AZ SB 1438 (57th-2nd-regular): latest_action matches
  [32m✓[0m  AZ SB 1438 (57th-2nd-regular): vote event count matches (0)
  [32m✓[0m  AZ SB 1438 (57th-2nd-regular): sponsorship count matches (2)
  [32m✓[0m  AZ SB 1439 (57th-2nd-regular): title matches
  [32m✓[0m  AZ SB 1439 (57th-2nd-regular): latest_action matches
  [32m✓[0m  AZ SB 1439 (57th-2nd-regular): vote event count matches (3)
  [32m✓[0m  AZ SB 1439 (57th-2nd-regular): vote tally matches on 2026-02-18 ({'yes': 0, 'no': 0, 'other': 0, 'absent': 0, 'excused': 0, 'not voting': 0})
  [32m✓[0m  AZ SB 1439 (57th-2nd-regular): vote tally matches on 2026-02-18 ({'yes': 16, 'no': 12, 'other': 0, 'absent': 0, 'excused': 0, 'not voting': 2})
  [32m✓[0m  AZ SB 1439 (57th-2nd-regular): vote tally matches on 2026-02-26 ({'yes': 31, 'no': 23, 'other': 0, 'absent': 0, 'excused': 0, 'not voting': 6})
  [32m✓[0m  AZ SB 1439 (57th-2nd-regular): sponsorship count matches (1)
  [32m✓[0m  AZ SB 1441 (57th-2nd-regular): title matches
  [32m✓[0m  AZ SB 1441 (57th-2nd-regular): latest_action matches
  [32m✓[0m  AZ SB 1441 (57th-2nd-regular): vote event count matches (0)
  [32m✓[0m  AZ SB 1441 (57th-2nd-regular): sponsorship count matches (11)
  [32m✓[0m  AZ SB 1455 (57th-2nd-regular): title matches
  [32m✓[0m  AZ SB 1455 (57th-2nd-regular): latest_action matches
  [32m✓[0m  AZ SB 1455 (57th-2nd-regular): vote event count matches (2)
  [32m✓[0m  AZ SB 1455 (57th-2nd-regular): vote tally matches on 2026-03-03 ({'yes': 0, 'no': 0, 'other': 0, 'absent': 0, 'excused': 0, 'not voting': 0})
  [32m✓[0m  AZ SB 1455 (57th-2nd-regular): vote tally matches on 2026-03-19 ({'yes': 17, 'no': 10, 'other': 0, 'absent': 0, 'excused': 0, 'not voting': 3})
  [32m✓[0m  AZ SB 1455 (57th-2nd-regular): sponsorship count matches (1)
  [32m✓[0m  AZ SB 1459 (57th-2nd-regular): title matches
  [32m✓[0m  AZ SB 1459 (57th-2nd-regular): latest_action matches
  [32m✓[0m  AZ SB 1459 (57th-2nd-regular): vote event count matches (0)
  [32m✓[0m  AZ SB 1459 (57th-2nd-regular): sponsorship count matches (9)
  [32m✓[0m  AZ SB 1462 (57th-2nd-regular): title matches
  [32m✓[0m  AZ SB 1462 (57th-2nd-regular): latest_action matches
  [32m✓[0m  AZ SB 1462 (57th-2nd-regular): vote event count matches (0)
  [32m✓[0m  AZ SB 1462 (57th-2nd-regular): sponsorship count matches (1)
  [32m✓[0m  AZ SB 1464 (57th-2nd-regular): title matches
  [32m✓[0m  AZ SB 1464 (57th-2nd-regular): latest_action matches
  [32m✓[0m  AZ SB 1464 (57th-2nd-regular): vote event count matches (0)
  [32m✓[0m  AZ SB 1464 (57th-2nd-regular): sponsorship count matches (14)
  [32m✓[0m  AZ SB 1470 (57th-2nd-regular): title matches
  [32m✓[0m  AZ SB 1470 (57th-2nd-regular): latest_action matches
  [32m✓[0m  AZ SB 1470 (57th-2nd-regular): vote event count matches (0)
  [32m✓[0m  AZ SB 1470 (57th-2nd-regular): sponsorship count matches (1)
  [32m✓[0m  AZ SB 1483 (57th-2nd-regular): title matches
  [32m✓[0m  AZ SB 1483 (57th-2nd-regular): latest_action matches
  [32m✓[0m  AZ SB 1483 (57th-2nd-regular): vote event count matches (0)
  [32m✓[0m  AZ SB 1483 (57th-2nd-regular): sponsorship count matches (4)
    ...400/500
  [32m✓[0m  AZ SB 1485 (57th-2nd-regular): title matches
  [32m✓[0m  AZ SB 1485 (57th-2nd-regular): latest_action matches
  [32m✓[0m  AZ SB 1485 (57th-2nd-regular): vote event count matches (0)
  [32m✓[0m  AZ SB 1485 (57th-2nd-regular): sponsorship count matches (8)
  [32m✓[0m  AZ SB 1491 (57th-2nd-regular): title matches
  [32m✓[0m  AZ SB 1491 (57th-2nd-regular): latest_action matches
  [32m✓[0m  AZ SB 1491 (57th-2nd-regular): vote event count matches (0)
  [32m✓[0m  AZ SB 1491 (57th-2nd-regular): sponsorship count matches (1)
  [32m✓[0m  AZ SB 1493 (57th-2nd-regular): title matches
  [32m✓[0m  AZ SB 1493 (57th-2nd-regular): latest_action matches
  [32m✓[0m  AZ SB 1493 (57th-2nd-regular): vote event count matches (6)
  [32m✓[0m  AZ SB 1493 (57th-2nd-regular): vote tally matches on 2026-02-26 ({'yes': 0, 'no': 0, 'other': 0, 'absent': 0, 'excused': 0, 'not voting': 0})
  [32m✓[0m  AZ SB 1493 (57th-2nd-regular): vote tally matches on 2026-02-26 ({'yes': 17, 'no': 11, 'other': 0, 'absent': 0, 'excused': 0, 'not voting': 2})
  [32m✓[0m  AZ SB 1493 (57th-2nd-regular): vote tally matches on 2026-04-01 ({'yes': 0, 'no': 0, 'other': 0, 'absent': 0, 'excused': 0, 'not voting': 0})
  [32m✓[0m  AZ SB 1493 (57th-2nd-regular): vote tally matches on 2026-04-27 ({'yes': 57, 'no': 0, 'other': 0, 'absent': 0, 'excused': 0, 'not voting': 2})
  [32m✓[0m  AZ SB 1493 (57th-2nd-regular): vote tally matches on 2026-06-09 ({'yes': 19, 'no': 10, 'other': 0, 'absent': 0, 'excused': 0, 'not voting': 1})
  [32m✓[0m  AZ SB 1493 (57th-2nd-regular): vote tally matches on 2026-06-09 ({'yes': 0, 'no': 0, 'other': 0, 'absent': 0, 'excused': 0, 'not voting': 0})
  [32m✓[0m  AZ SB 1493 (57th-2nd-regular): sponsorship count matches (1)
  [32m✓[0m  AZ SB 1495 (57th-2nd-regular): title matches
  [32m✓[0m  AZ SB 1495 (57th-2nd-regular): latest_action matches
  [32m✓[0m  AZ SB 1495 (57th-2nd-regular): vote event count matches (0)
  [32m✓[0m  AZ SB 1495 (57th-2nd-regular): sponsorship count matches (2)
  [32m✓[0m  AZ SB 1500 (57th-2nd-regular): title matches
  [32m✓[0m  AZ SB 1500 (57th-2nd-regular): latest_action matches
  [32m✓[0m  AZ SB 1500 (57th-2nd-regular): vote event count matches (0)
  [32m✓[0m  AZ SB 1500 (57th-2nd-regular): sponsorship count matches (1)
  [32m✓[0m  AZ SB 1501 (57th-2nd-regular): title matches
  [32m✓[0m  AZ SB 1501 (57th-2nd-regular): latest_action matches
  [32m✓[0m  AZ SB 1501 (57th-2nd-regular): vote event count matches (2)
  [32m✓[0m  AZ SB 1501 (57th-2nd-regular): vote tally matches on 2026-03-03 ({'yes': 17, 'no': 13, 'other': 0, 'absent': 0, 'excused': 0, 'not voting': 0})
  [32m✓[0m  AZ SB 1501 (57th-2nd-regular): vote tally matches on 2026-04-14 ({'yes': 0, 'no': 0, 'other': 0, 'absent': 0, 'excused': 0, 'not voting': 0})
  [32m✓[0m  AZ SB 1501 (57th-2nd-regular): sponsorship count matches (1)
  [32m✓[0m  AZ SB 1502 (57th-2nd-regular): title matches
  [32m✓[0m  AZ SB 1502 (57th-2nd-regular): latest_action matches
  [32m✓[0m  AZ SB 1502 (57th-2nd-regular): vote event count matches (5)
  [32m✓[0m  AZ SB 1502 (57th-2nd-regular): vote tally matches on 2026-03-02 ({'yes': 16, 'no': 13, 'other': 0, 'absent': 0, 'excused': 0, 'not voting': 1})
  [32m✓[0m  AZ SB 1502 (57th-2nd-regular): vote tally matches on 2026-03-02 ({'yes': 0, 'no': 0, 'other': 0, 'absent': 0, 'excused': 0, 'not voting': 0})
  [32m✓[0m  AZ SB 1502 (57th-2nd-regular): vote tally matches on 2026-04-21 ({'yes': 0, 'no': 0, 'other': 0, 'absent': 0, 'excused': 0, 'not voting': 0})
  [32m✓[0m  AZ SB 1502 (57th-2nd-regular): vote tally matches on 2026-06-12 ({'yes': 20, 'no': 35, 'other': 0, 'absent': 0, 'excused': 0, 'not voting': 5})
  [32m✓[0m  AZ SB 1502 (57th-2nd-regular): vote tally matches on 2026-06-12 ({'yes': 0, 'no': 0, 'other': 0, 'absent': 0, 'excused': 0, 'not voting': 0})
  [32m✓[0m  AZ SB 1502 (57th-2nd-regular): sponsorship count matches (1)
  [32m✓[0m  AZ SB 1503 (57th-2nd-regular): title matches
  [32m✓[0m  AZ SB 1503 (57th-2nd-regular): latest_action matches
  [32m✓[0m  AZ SB 1503 (57th-2nd-regular): vote event count matches (8)
  [32m✓[0m  AZ SB 1503 (57th-2nd-regular): vote tally matches on 2026-02-26 ({'yes': 0, 'no': 0, 'other': 0, 'absent': 0, 'excused': 0, 'not voting': 0})
  [32m✓[0m  AZ SB 1503 (57th-2nd-regular): vote tally matches on 2026-03-02 ({'yes': 0, 'no': 0, 'other': 0, 'absent': 0, 'excused': 0, 'not voting': 0})
  [32m✓[0m  AZ SB 1503 (57th-2nd-regular): vote tally matches on 2026-03-09 ({'yes': 0, 'no': 0, 'other': 0, 'absent': 0, 'excused': 0, 'not voting': 0})
  [32m✓[0m  AZ SB 1503 (57th-2nd-regular): vote tally matches on 2026-03-10 ({'yes': 16, 'no': 13, 'other': 0, 'absent': 0, 'excused': 0, 'not voting': 1})
  [32m✓[0m  AZ SB 1503 (57th-2nd-regular): vote tally matches on 2026-04-09 ({'yes': 0, 'no': 0, 'other': 0, 'absent': 0, 'excused': 0, 'not voting': 0})
  [32m✓[0m  AZ SB 1503 (57th-2nd-regular): vote tally matches on 2026-04-13 ({'yes': 54, 'no': 0, 'other': 0, 'absent': 0, 'excused': 0, 'not voting': 6})
  [32m✓[0m  AZ SB 1503 (57th-2nd-regular): vote tally matches on 2026-04-15 ({'yes': 26, 'no': 2, 'other': 0, 'absent': 0, 'excused': 0, 'not voting': 2})
  [32m✓[0m  AZ SB 1503 (57th-2nd-regular): vote tally matches on 2026-04-15 ({'yes': 0, 'no': 0, 'other': 0, 'absent': 0, 'excused': 0, 'not voting': 0})
  [32m✓[0m  AZ SB 1503 (57th-2nd-regular): sponsorship count matches (3)
  [32m✓[0m  AZ SB 1521 (57th-2nd-regular): title matches
  [32m✓[0m  AZ SB 1521 (57th-2nd-regular): latest_action matches
  [32m✓[0m  AZ SB 1521 (57th-2nd-regular): vote event count matches (0)
  [32m✓[0m  AZ SB 1521 (57th-2nd-regular): sponsorship count matches (2)
  [32m✓[0m  AZ SB 1523 (57th-2nd-regular): title matches
  [32m✓[0m  AZ SB 1523 (57th-2nd-regular): latest_action matches
  [32m✓[0m  AZ SB 1523 (57th-2nd-regular): vote event count matches (1)
  [32m✓[0m  AZ SB 1523 (57th-2nd-regular): vote tally matches on 2026-03-11 ({'yes': 25, 'no': 3, 'other': 0, 'absent': 0, 'excused': 0, 'not voting': 2})
  [32m✓[0m  AZ SB 1523 (57th-2nd-regular): sponsorship count matches (3)
  [32m✓[0m  AZ SB 1526 (57th-2nd-regular): title matches
  [32m✓[0m  AZ SB 1526 (57th-2nd-regular): latest_action matches
  [32m✓[0m  AZ SB 1526 (57th-2nd-regular): vote event count matches (0)
  [32m✓[0m  AZ SB 1526 (57th-2nd-regular): sponsorship count matches (2)
  [32m✓[0m  AZ SB 1527 (57th-2nd-regular): title matches
  [32m✓[0m  AZ SB 1527 (57th-2nd-regular): latest_action matches
  [32m✓[0m  AZ SB 1527 (57th-2nd-regular): vote event count matches (0)
  [32m✓[0m  AZ SB 1527 (57th-2nd-regular): sponsorship count matches (2)
  [32m✓[0m  AZ SB 1533 (57th-2nd-regular): title matches
  [32m✓[0m  AZ SB 1533 (57th-2nd-regular): latest_action matches
  [32m✓[0m  AZ SB 1533 (57th-2nd-regular): vote event count matches (0)
  [32m✓[0m  AZ SB 1533 (57th-2nd-regular): sponsorship count matches (1)
  [32m✓[0m  AZ SB 1536 (57th-2nd-regular): title matches
  [32m✓[0m  AZ SB 1536 (57th-2nd-regular): latest_action matches
  [32m✓[0m  AZ SB 1536 (57th-2nd-regular): vote event count matches (1)
  [32m✓[0m  AZ SB 1536 (57th-2nd-regular): vote tally matches on 2026-02-26 ({'yes': 27, 'no': 0, 'other': 0, 'absent': 0, 'excused': 0, 'not voting': 3})
  [32m✓[0m  AZ SB 1536 (57th-2nd-regular): sponsorship count matches (1)
  [32m✓[0m  AZ SB 1538 (57th-2nd-regular): title matches
  [32m✓[0m  AZ SB 1538 (57th-2nd-regular): latest_action matches
  [32m✓[0m  AZ SB 1538 (57th-2nd-regular): vote event count matches (6)
  [32m✓[0m  AZ SB 1538 (57th-2nd-regular): vote tally matches on 2026-02-25 ({'yes': 0, 'no': 0, 'other': 0, 'absent': 0, 'excused': 0, 'not voting': 0})
  [32m✓[0m  AZ SB 1538 (57th-2nd-regular): vote tally matches on 2026-02-26 ({'yes': 16, 'no': 12, 'other': 0, 'absent': 0, 'excused': 0, 'not voting': 2})
  [32m✓[0m  AZ SB 1538 (57th-2nd-regular): vote tally matches on 2026-02-26 ({'yes': 0, 'no': 0, 'other': 0, 'absent': 0, 'excused': 0, 'not voting': 0})
  [32m✓[0m  AZ SB 1538 (57th-2nd-regular): vote tally matches on 2026-04-16 ({'yes': 0, 'no': 0, 'other': 0, 'absent': 0, 'excused': 0, 'not voting': 0})
  [32m✓[0m  AZ SB 1538 (57th-2nd-regular): vote tally matches on 2026-06-01 ({'yes': 0, 'no': 0, 'other': 0, 'absent': 0, 'excused': 0, 'not voting': 0})
  [32m✓[0m  AZ SB 1538 (57th-2nd-regular): vote tally matches on 2026-06-11 ({'yes': 21, 'no': 32, 'other': 0, 'absent': 0, 'excused': 0, 'not voting': 7})
  [32m✓[0m  AZ SB 1538 (57th-2nd-regular): sponsorship count matches (1)
  [32m✓[0m  AZ SB 1541 (57th-2nd-regular): title matches
  [32m✓[0m  AZ SB 1541 (57th-2nd-regular): latest_action matches
  [32m✓[0m  AZ SB 1541 (57th-2nd-regular): vote event count matches (0)
  [32m✓[0m  AZ SB 1541 (57th-2nd-regular): sponsorship count matches (1)
  [32m✓[0m  AZ SB 1545 (57th-2nd-regular): title matches
  [32m✓[0m  AZ SB 1545 (57th-2nd-regular): latest_action matches
  [32m✓[0m  AZ SB 1545 (57th-2nd-regular): vote event count matches (0)
  [32m✓[0m  AZ SB 1545 (57th-2nd-regular): sponsorship count matches (1)
  [32m✓[0m  AZ SB 1547 (57th-2nd-regular): title matches
  [32m✓[0m  AZ SB 1547 (57th-2nd-regular): latest_action matches
  [32m✓[0m  AZ SB 1547 (57th-2nd-regular): vote event count matches (0)
  [32m✓[0m  AZ SB 1547 (57th-2nd-regular): sponsorship count matches (1)
  [32m✓[0m  AZ SB 1553 (57th-2nd-regular): title matches
  [32m✓[0m  AZ SB 1553 (57th-2nd-regular): latest_action matches
  [32m✓[0m  AZ SB 1553 (57th-2nd-regular): vote event count matches (0)
  [32m✓[0m  AZ SB 1553 (57th-2nd-regular): sponsorship count matches (1)
  [32m✓[0m  AZ SB 1555 (57th-2nd-regular): title matches
  [32m✓[0m  AZ SB 1555 (57th-2nd-regular): latest_action matches
  [32m✓[0m  AZ SB 1555 (57th-2nd-regular): vote event count matches (0)
  [32m✓[0m  AZ SB 1555 (57th-2nd-regular): sponsorship count matches (1)
  [32m✓[0m  AZ SB 1562 (57th-2nd-regular): title matches
  [32m✓[0m  AZ SB 1562 (57th-2nd-regular): latest_action matches
  [32m✓[0m  AZ SB 1562 (57th-2nd-regular): vote event count matches (0)
  [32m✓[0m  AZ SB 1562 (57th-2nd-regular): sponsorship count matches (1)
  [32m✓[0m  AZ SB 1567 (57th-2nd-regular): title matches
  [32m✓[0m  AZ SB 1567 (57th-2nd-regular): latest_action matches
  [32m✓[0m  AZ SB 1567 (57th-2nd-regular): vote event count matches (2)
  [32m✓[0m  AZ SB 1567 (57th-2nd-regular): vote tally matches on 2026-02-24 ({'yes': 0, 'no': 0, 'other': 0, 'absent': 0, 'excused': 0, 'not voting': 0})
  [32m✓[0m  AZ SB 1567 (57th-2nd-regular): vote tally matches on 2026-02-24 ({'yes': 16, 'no': 11, 'other': 0, 'absent': 0, 'excused': 0, 'not voting': 3})
  [32m✓[0m  AZ SB 1567 (57th-2nd-regular): sponsorship count matches (1)
  [32m✓[0m  AZ SB 1569 (57th-2nd-regular): title matches
  [32m✓[0m  AZ SB 1569 (57th-2nd-regular): latest_action matches
  [32m✓[0m  AZ SB 1569 (57th-2nd-regular): vote event count matches (1)
  [32m✓[0m  AZ SB 1569 (57th-2nd-regular): vote tally matches on 2026-03-03 ({'yes': 0, 'no': 0, 'other': 0, 'absent': 0, 'excused': 0, 'not voting': 0})
  [32m✓[0m  AZ SB 1569 (57th-2nd-regular): sponsorship count matches (1)
  [32m✓[0m  AZ SB 1573 (57th-2nd-regular): title matches
  [32m✓[0m  AZ SB 1573 (57th-2nd-regular): latest_action matches
  [32m✓[0m  AZ SB 1573 (57th-2nd-regular): vote event count matches (4)
  [32m✓[0m  AZ SB 1573 (57th-2nd-regular): vote tally matches on 2026-03-03 ({'yes': 0, 'no': 0, 'other': 0, 'absent': 0, 'excused': 0, 'not voting': 0})
  [32m✓[0m  AZ SB 1573 (57th-2nd-regular): vote tally matches on 2026-03-09 ({'yes': 16, 'no': 13, 'other': 0, 'absent': 0, 'excused': 0, 'not voting': 1})
  [32m✓[0m  AZ SB 1573 (57th-2nd-regular): vote tally matches on 2026-04-21 ({'yes': 0, 'no': 0, 'other': 0, 'absent': 0, 'excused': 0, 'not voting': 0})
  [32m✓[0m  AZ SB 1573 (57th-2nd-regular): vote tally matches on 2026-06-11 ({'yes': 33, 'no': 21, 'other': 0, 'absent': 0, 'excused': 0, 'not voting': 6})
  [32m✓[0m  AZ SB 1573 (57th-2nd-regular): sponsorship count matches (2)
  [32m✓[0m  AZ SB 1576 (57th-2nd-regular): title matches
  [32m✓[0m  AZ SB 1576 (57th-2nd-regular): latest_action matches
  [32m✓[0m  AZ SB 1576 (57th-2nd-regular): vote event count matches (0)
  [32m✓[0m  AZ SB 1576 (57th-2nd-regular): sponsorship count matches (1)
    ...425/500
  [32m✓[0m  AZ SB 1586 (57th-2nd-regular): title matches
  [32m✓[0m  AZ SB 1586 (57th-2nd-regular): latest_action matches
  [32m✓[0m  AZ SB 1586 (57th-2nd-regular): vote event count matches (4)
  [32m✓[0m  AZ SB 1586 (57th-2nd-regular): vote tally matches on 2026-02-25 ({'yes': 0, 'no': 0, 'other': 0, 'absent': 0, 'excused': 0, 'not voting': 0})
  [32m✓[0m  AZ SB 1586 (57th-2nd-regular): vote tally matches on 2026-02-25 ({'yes': 16, 'no': 10, 'other': 0, 'absent': 0, 'excused': 0, 'not voting': 4})
  [32m✓[0m  AZ SB 1586 (57th-2nd-regular): vote tally matches on 2026-04-02 ({'yes': 0, 'no': 0, 'other': 0, 'absent': 0, 'excused': 0, 'not voting': 0})
  [32m✓[0m  AZ SB 1586 (57th-2nd-regular): vote tally matches on 2026-04-08 ({'yes': 33, 'no': 22, 'other': 0, 'absent': 0, 'excused': 0, 'not voting': 5})
  [32m✓[0m  AZ SB 1586 (57th-2nd-regular): sponsorship count matches (1)
  [32m✓[0m  AZ SB 1597 (57th-2nd-regular): title matches
  [32m✓[0m  AZ SB 1597 (57th-2nd-regular): latest_action matches
  [32m✓[0m  AZ SB 1597 (57th-2nd-regular): vote event count matches (0)
  [32m✓[0m  AZ SB 1597 (57th-2nd-regular): sponsorship count matches (2)
  [32m✓[0m  AZ SB 1599 (57th-2nd-regular): title matches
  [32m✓[0m  AZ SB 1599 (57th-2nd-regular): latest_action matches
  [32m✓[0m  AZ SB 1599 (57th-2nd-regular): vote event count matches (0)
  [32m✓[0m  AZ SB 1599 (57th-2nd-regular): sponsorship count matches (10)
  [32m✓[0m  AZ SB 1605 (57th-2nd-regular): title matches
  [32m✓[0m  AZ SB 1605 (57th-2nd-regular): latest_action matches
  [32m✓[0m  AZ SB 1605 (57th-2nd-regular): vote event count matches (0)
  [32m✓[0m  AZ SB 1605 (57th-2nd-regular): sponsorship count matches (11)
  [32m✓[0m  AZ SB 1609 (57th-2nd-regular): title matches
  [32m✓[0m  AZ SB 1609 (57th-2nd-regular): latest_action matches
  [32m✓[0m  AZ SB 1609 (57th-2nd-regular): vote event count matches (0)
  [32m✓[0m  AZ SB 1609 (57th-2nd-regular): sponsorship count matches (1)
  [32m✓[0m  AZ SB 1619 (57th-2nd-regular): title matches
  [32m✓[0m  AZ SB 1619 (57th-2nd-regular): latest_action matches
  [32m✓[0m  AZ SB 1619 (57th-2nd-regular): vote event count matches (0)
  [32m✓[0m  AZ SB 1619 (57th-2nd-regular): sponsorship count matches (1)
  [32m✓[0m  AZ SB 1622 (57th-2nd-regular): title matches
  [32m✓[0m  AZ SB 1622 (57th-2nd-regular): latest_action matches
  [32m✓[0m  AZ SB 1622 (57th-2nd-regular): vote event count matches (0)
  [32m✓[0m  AZ SB 1622 (57th-2nd-regular): sponsorship count matches (1)
  [32m✓[0m  AZ SB 1641 (57th-2nd-regular): title matches
  [32m✓[0m  AZ SB 1641 (57th-2nd-regular): latest_action matches
  [32m✓[0m  AZ SB 1641 (57th-2nd-regular): vote event count matches (2)
  [32m✓[0m  AZ SB 1641 (57th-2nd-regular): vote tally matches on 2026-03-11 ({'yes': 0, 'no': 0, 'other': 0, 'absent': 0, 'excused': 0, 'not voting': 0})
  [32m✓[0m  AZ SB 1641 (57th-2nd-regular): vote tally matches on 2026-03-11 ({'yes': 23, 'no': 5, 'other': 0, 'absent': 0, 'excused': 0, 'not voting': 2})
  [32m✓[0m  AZ SB 1641 (57th-2nd-regular): sponsorship count matches (1)
  [32m✓[0m  AZ SB 1642 (57th-2nd-regular): title matches
  [32m✓[0m  AZ SB 1642 (57th-2nd-regular): latest_action matches
  [32m✓[0m  AZ SB 1642 (57th-2nd-regular): vote event count matches (0)
  [32m✓[0m  AZ SB 1642 (57th-2nd-regular): sponsorship count matches (1)
  [32m✓[0m  AZ SB 1644 (57th-2nd-regular): title matches
  [32m✓[0m  AZ SB 1644 (57th-2nd-regular): latest_action matches
  [32m✓[0m  AZ SB 1644 (57th-2nd-regular): vote event count matches (2)
  [32m✓[0m  AZ SB 1644 (57th-2nd-regular): vote tally matches on 2026-02-26 ({'yes': 0, 'no': 0, 'other': 0, 'absent': 0, 'excused': 0, 'not voting': 0})
  [32m✓[0m  AZ SB 1644 (57th-2nd-regular): vote tally matches on 2026-02-26 ({'yes': 16, 'no': 12, 'other': 0, 'absent': 0, 'excused': 0, 'not voting': 2})
  [32m✓[0m  AZ SB 1644 (57th-2nd-regular): sponsorship count matches (1)
  [32m✓[0m  AZ SB 1649 (57th-2nd-regular): title matches
  [32m✓[0m  AZ SB 1649 (57th-2nd-regular): latest_action matches
  [32m✓[0m  AZ SB 1649 (57th-2nd-regular): vote event count matches (4)
  [32m✓[0m  AZ SB 1649 (57th-2nd-regular): vote tally matches on 2026-03-03 ({'yes': 0, 'no': 0, 'other': 0, 'absent': 0, 'excused': 0, 'not voting': 0})
  [32m✓[0m  AZ SB 1649 (57th-2nd-regular): vote tally matches on 2026-03-09 ({'yes': 16, 'no': 13, 'other': 0, 'absent': 0, 'excused': 0, 'not voting': 1})
  [32m✓[0m  AZ SB 1649 (57th-2nd-regular): vote tally matches on 2026-04-15 ({'yes': 0, 'no': 0, 'other': 0, 'absent': 0, 'excused': 0, 'not voting': 0})
  [32m✓[0m  AZ SB 1649 (57th-2nd-regular): vote tally matches on 2026-06-09 ({'yes': 23, 'no': 31, 'other': 0, 'absent': 0, 'excused': 0, 'not voting': 6})
  [32m✓[0m  AZ SB 1649 (57th-2nd-regular): sponsorship count matches (1)
  [32m✓[0m  AZ SB 1651 (57th-2nd-regular): title matches
  [32m✓[0m  AZ SB 1651 (57th-2nd-regular): latest_action matches
  [32m✓[0m  AZ SB 1651 (57th-2nd-regular): vote event count matches (0)
  [32m✓[0m  AZ SB 1651 (57th-2nd-regular): sponsorship count matches (1)
  [32m✓[0m  AZ SB 1656 (57th-2nd-regular): title matches
  [32m✓[0m  AZ SB 1656 (57th-2nd-regular): latest_action matches
  [32m✓[0m  AZ SB 1656 (57th-2nd-regular): vote event count matches (2)
  [32m✓[0m  AZ SB 1656 (57th-2nd-regular): vote tally matches on 2026-03-02 ({'yes': 0, 'no': 0, 'other': 0, 'absent': 0, 'excused': 0, 'not voting': 0})
  [32m✓[0m  AZ SB 1656 (57th-2nd-regular): vote tally matches on 2026-03-02 ({'yes': 17, 'no': 13, 'other': 0, 'absent': 0, 'excused': 0, 'not voting': 0})
  [32m✓[0m  AZ SB 1656 (57th-2nd-regular): sponsorship count matches (1)
  [32m✓[0m  AZ SB 1659 (57th-2nd-regular): title matches
  [32m✓[0m  AZ SB 1659 (57th-2nd-regular): latest_action matches
  [32m✓[0m  AZ SB 1659 (57th-2nd-regular): vote event count matches (0)
  [32m✓[0m  AZ SB 1659 (57th-2nd-regular): sponsorship count matches (1)
  [32m✓[0m  AZ SB 1660 (57th-2nd-regular): title matches
  [32m✓[0m  AZ SB 1660 (57th-2nd-regular): latest_action matches
  [32m✓[0m  AZ SB 1660 (57th-2nd-regular): vote event count matches (0)
  [32m✓[0m  AZ SB 1660 (57th-2nd-regular): sponsorship count matches (20)
  [32m✓[0m  AZ SB 1661 (57th-2nd-regular): title matches
  [32m✓[0m  AZ SB 1661 (57th-2nd-regular): latest_action matches
  [32m✓[0m  AZ SB 1661 (57th-2nd-regular): vote event count matches (1)
  [32m✓[0m  AZ SB 1661 (57th-2nd-regular): vote tally matches on 2026-03-03 ({'yes': 0, 'no': 0, 'other': 0, 'absent': 0, 'excused': 0, 'not voting': 0})
  [32m✓[0m  AZ SB 1661 (57th-2nd-regular): sponsorship count matches (3)
  [32m✓[0m  AZ SB 1666 (57th-2nd-regular): title matches
  [32m✓[0m  AZ SB 1666 (57th-2nd-regular): latest_action matches
  [32m✓[0m  AZ SB 1666 (57th-2nd-regular): vote event count matches (1)
  [32m✓[0m  AZ SB 1666 (57th-2nd-regular): vote tally matches on 2026-03-03 ({'yes': 17, 'no': 13, 'other': 0, 'absent': 0, 'excused': 0, 'not voting': 0})
  [32m✓[0m  AZ SB 1666 (57th-2nd-regular): sponsorship count matches (1)
  [32m✓[0m  AZ SB 1668 (57th-2nd-regular): title matches
  [32m✓[0m  AZ SB 1668 (57th-2nd-regular): latest_action matches
  [32m✓[0m  AZ SB 1668 (57th-2nd-regular): vote event count matches (5)
  [32m✓[0m  AZ SB 1668 (57th-2nd-regular): vote tally matches on 2026-03-03 ({'yes': 17, 'no': 13, 'other': 0, 'absent': 0, 'excused': 0, 'not voting': 0})
  [32m✓[0m  AZ SB 1668 (57th-2nd-regular): vote tally matches on 2026-04-09 ({'yes': 0, 'no': 0, 'other': 0, 'absent': 0, 'excused': 0, 'not voting': 0})
  [32m✓[0m  AZ SB 1668 (57th-2nd-regular): vote tally matches on 2026-04-14 ({'yes': 55, 'no': 0, 'other': 0, 'absent': 0, 'excused': 0, 'not voting': 5})
  [32m✓[0m  AZ SB 1668 (57th-2nd-regular): vote tally matches on 2026-06-01 ({'yes': 0, 'no': 0, 'other': 0, 'absent': 0, 'excused': 0, 'not voting': 0})
  [32m✓[0m  AZ SB 1668 (57th-2nd-regular): vote tally matches on 2026-06-01 ({'yes': 25, 'no': 1, 'other': 0, 'absent': 0, 'excused': 0, 'not voting': 4})
  [32m✓[0m  AZ SB 1668 (57th-2nd-regular): sponsorship count matches (1)
  [32m✓[0m  AZ SB 1675 (57th-2nd-regular): title matches
  [32m✓[0m  AZ SB 1675 (57th-2nd-regular): latest_action matches
  [32m✓[0m  AZ SB 1675 (57th-2nd-regular): vote event count matches (0)
  [32m✓[0m  AZ SB 1675 (57th-2nd-regular): sponsorship count matches (1)
  [32m✓[0m  AZ SB 1677 (57th-2nd-regular): title matches
  [32m✓[0m  AZ SB 1677 (57th-2nd-regular): latest_action matches
  [32m✓[0m  AZ SB 1677 (57th-2nd-regular): vote event count matches (2)
  [32m✓[0m  AZ SB 1677 (57th-2nd-regular): vote tally matches on 2026-03-03 ({'yes': 0, 'no': 0, 'other': 0, 'absent': 0, 'excused': 0, 'not voting': 0})
  [32m✓[0m  AZ SB 1677 (57th-2nd-regular): vote tally matches on 2026-03-11 ({'yes': 25, 'no': 2, 'other': 0, 'absent': 0, 'excused': 0, 'not voting': 3})
  [32m✓[0m  AZ SB 1677 (57th-2nd-regular): sponsorship count matches (1)
  [32m✓[0m  AZ SB 1687 (57th-2nd-regular): title matches
  [32m✓[0m  AZ SB 1687 (57th-2nd-regular): latest_action matches
  [32m✓[0m  AZ SB 1687 (57th-2nd-regular): vote event count matches (4)
  [32m✓[0m  AZ SB 1687 (57th-2nd-regular): vote tally matches on 2026-02-26 ({'yes': 0, 'no': 0, 'other': 0, 'absent': 0, 'excused': 0, 'not voting': 0})
  [32m✓[0m  AZ SB 1687 (57th-2nd-regular): vote tally matches on 2026-02-26 ({'yes': 16, 'no': 12, 'other': 0, 'absent': 0, 'excused': 0, 'not voting': 2})
  [32m✓[0m  AZ SB 1687 (57th-2nd-regular): vote tally matches on 2026-06-11 ({'yes': 0, 'no': 0, 'other': 0, 'absent': 0, 'excused': 0, 'not voting': 0})
  [32m✓[0m  AZ SB 1687 (57th-2nd-regular): vote tally matches on 2026-06-12 ({'yes': 30, 'no': 26, 'other': 0, 'absent': 0, 'excused': 0, 'not voting': 4})
  [32m✓[0m  AZ SB 1687 (57th-2nd-regular): sponsorship count matches (1)
  [32m✓[0m  AZ SB 1688 (57th-2nd-regular): title matches
  [32m✓[0m  AZ SB 1688 (57th-2nd-regular): latest_action matches
  [32m✓[0m  AZ SB 1688 (57th-2nd-regular): vote event count matches (2)
  [32m✓[0m  AZ SB 1688 (57th-2nd-regular): vote tally matches on 2026-02-26 ({'yes': 17, 'no': 11, 'other': 0, 'absent': 0, 'excused': 0, 'not voting': 2})
  [32m✓[0m  AZ SB 1688 (57th-2nd-regular): vote tally matches on 2026-02-26 ({'yes': 0, 'no': 0, 'other': 0, 'absent': 0, 'excused': 0, 'not voting': 0})
  [32m✓[0m  AZ SB 1688 (57th-2nd-regular): sponsorship count matches (1)
  [32m✓[0m  AZ SB 1689 (57th-2nd-regular): title matches
  [32m✓[0m  AZ SB 1689 (57th-2nd-regular): latest_action matches
  [32m✓[0m  AZ SB 1689 (57th-2nd-regular): vote event count matches (0)
  [32m✓[0m  AZ SB 1689 (57th-2nd-regular): sponsorship count matches (1)
  [32m✓[0m  AZ SB 1690 (57th-2nd-regular): title matches
  [32m✓[0m  AZ SB 1690 (57th-2nd-regular): latest_action matches
  [32m✓[0m  AZ SB 1690 (57th-2nd-regular): vote event count matches (0)
  [32m✓[0m  AZ SB 1690 (57th-2nd-regular): sponsorship count matches (12)
  [32m✓[0m  AZ SB 1696 (57th-2nd-regular): title matches
  [32m✓[0m  AZ SB 1696 (57th-2nd-regular): latest_action matches
  [32m✓[0m  AZ SB 1696 (57th-2nd-regular): vote event count matches (0)
  [32m✓[0m  AZ SB 1696 (57th-2nd-regular): sponsorship count matches (9)
    ...450/500
  [32m✓[0m  AZ SB 1699 (57th-2nd-regular): title matches
  [32m✓[0m  AZ SB 1699 (57th-2nd-regular): latest_action matches
  [32m✓[0m  AZ SB 1699 (57th-2nd-regular): vote event count matches (0)
  [32m✓[0m  AZ SB 1699 (57th-2nd-regular): sponsorship count matches (9)
  [32m✓[0m  AZ SB 1702 (57th-2nd-regular): title matches
  [32m✓[0m  AZ SB 1702 (57th-2nd-regular): latest_action matches
  [32m✓[0m  AZ SB 1702 (57th-2nd-regular): vote event count matches (0)
  [32m✓[0m  AZ SB 1702 (57th-2nd-regular): sponsorship count matches (8)
  [32m✓[0m  AZ SB 1703 (57th-2nd-regular): title matches
  [32m✓[0m  AZ SB 1703 (57th-2nd-regular): latest_action matches
  [32m✓[0m  AZ SB 1703 (57th-2nd-regular): vote event count matches (0)
  [32m✓[0m  AZ SB 1703 (57th-2nd-regular): sponsorship count matches (8)
  [32m✓[0m  AZ SB 1704 (57th-2nd-regular): title matches
  [32m✓[0m  AZ SB 1704 (57th-2nd-regular): latest_action matches
  [32m✓[0m  AZ SB 1704 (57th-2nd-regular): vote event count matches (0)
  [32m✓[0m  AZ SB 1704 (57th-2nd-regular): sponsorship count matches (9)
  [32m✓[0m  AZ SB 1708 (57th-2nd-regular): title matches
  [32m✓[0m  AZ SB 1708 (57th-2nd-regular): latest_action matches
  [32m✓[0m  AZ SB 1708 (57th-2nd-regular): vote event count matches (0)
  [32m✓[0m  AZ SB 1708 (57th-2nd-regular): sponsorship count matches (11)
  [32m✓[0m  AZ SB 1715 (57th-2nd-regular): title matches
  [32m✓[0m  AZ SB 1715 (57th-2nd-regular): latest_action matches
  [32m✓[0m  AZ SB 1715 (57th-2nd-regular): vote event count matches (0)
  [32m✓[0m  AZ SB 1715 (57th-2nd-regular): sponsorship count matches (11)
  [32m✓[0m  AZ SB 1719 (57th-2nd-regular): title matches
  [32m✓[0m  AZ SB 1719 (57th-2nd-regular): latest_action matches
  [32m✓[0m  AZ SB 1719 (57th-2nd-regular): vote event count matches (0)
  [32m✓[0m  AZ SB 1719 (57th-2nd-regular): sponsorship count matches (1)
  [32m✓[0m  AZ SB 1723 (57th-2nd-regular): title matches
  [32m✓[0m  AZ SB 1723 (57th-2nd-regular): latest_action matches
  [32m✓[0m  AZ SB 1723 (57th-2nd-regular): vote event count matches (9)
  [32m✓[0m  AZ SB 1723 (57th-2nd-regular): vote tally matches on 2026-03-09 ({'yes': 0, 'no': 0, 'other': 0, 'absent': 0, 'excused': 0, 'not voting': 0})
  [33m~[0m  AZ SB 1723 (57th-2nd-regular): vote tally differs on 2026-03-10  [local={'yes': 0, 'no': 0, 'other': 0, 'absent': 0, 'excused': 0, 'not voting': 0} live={'yes': 26, 'no': 3, 'other': 0, 'absent': 0, 'excused': 0, 'not voting': 1} | Analise Ortiz (yes): live only; Brian Fernandez (yes): live only; Carine Werner (yes): live only; Catherine Miranda (no): live only; David C. Farnsworth (yes): live only; David Gowan (yes): live only; Denise “Mitzi” Epstein (yes): live only; Eva Diaz (no): live only; Flavio Bravo (yes): live only; Frank Carroll (yes): live only; Hildy Angius (yes): live only; J.D. Mesnard (yes): live only; Jake Hoffman (yes): live only; Janae Shamp (yes): live only; John Kavanagh (yes): live only; Kevin Payne (yes): live only; Kiana Sears (yes): live only; Lauren Kuby (yes): live only; Lela Alston (yes): live only; Mark Finchem (yes): live only; Priya Sundareshan (yes): live only; Rosanna Gabaldón (yes): live only; Sally Ann Gonzales (yes): live only; Shawnna Bolick (yes): live only; Theresa Hatathlie (no): live only; Thomas "T.J." Shope (yes): live only; Timothy "Tim" Dunn (yes): live only; Venden "Vince" Leach (yes): live only; Warren Petersen (yes): live only; Wendy Rogers (other): live only | 23 other local bill(s) share this signature on 2026-03-10]
  [33m~[0m  AZ SB 1723 (57th-2nd-regular): vote tally differs on 2026-03-10  [local={'yes': 28, 'no': 1, 'other': 0, 'absent': 0, 'excused': 0, 'not voting': 1} live={'yes': 0, 'no': 0, 'other': 0, 'absent': 0, 'excused': 0, 'not voting': 0} | Analise Ortiz (yes): local only; Brian Fernandez (yes): local only; Carine Werner (yes): local only; Catherine Miranda (yes): local only; David C. Farnsworth (yes): local only; David Gowan (yes): local only; Denise “Mitzi” Epstein (yes): local only; Eva Diaz (yes): local only; Flavio Bravo (yes): local only; Frank Carroll (yes): local only; Hildy Angius (yes): local only; J.D. Mesnard (yes): local only; Jake Hoffman (no): local only; Janae Shamp (yes): local only; John Kavanagh (yes): local only; Kevin Payne (yes): local only; Kiana Sears (yes): local only; Lauren Kuby (yes): local only; Lela Alston (yes): local only; Mark Finchem (yes): local only; Priya Sundareshan (yes): local only; Rosanna Gabaldón (yes): local only; Sally Ann Gonzales (yes): local only; Shawnna Bolick (yes): local only; Theresa Hatathlie (yes): local only; Thomas "T.J." Shope (yes): local only; Timothy "Tim" Dunn (yes): local only; Venden "Vince" Leach (yes): local only; Warren Petersen (yes): local only; Wendy Rogers (other): local only | 23 other local bill(s) share this signature on 2026-03-10]
  [33m~[0m  AZ SB 1723 (57th-2nd-regular): vote tally differs on 2026-03-10  [local={'yes': 26, 'no': 3, 'other': 0, 'absent': 0, 'excused': 0, 'not voting': 1} live={'yes': 28, 'no': 1, 'other': 0, 'absent': 0, 'excused': 0, 'not voting': 1} | Catherine Miranda (no): local only; Eva Diaz (no): local only; Jake Hoffman (yes): local only; Theresa Hatathlie (no): local only; Catherine Miranda (yes): live only; Eva Diaz (yes): live only; Jake Hoffman (no): live only; Theresa Hatathlie (yes): live only | 23 other local bill(s) share this signature on 2026-03-10]
  [32m✓[0m  AZ SB 1723 (57th-2nd-regular): vote tally matches on 2026-06-01 ({'yes': 0, 'no': 0, 'other': 0, 'absent': 0, 'excused': 0, 'not voting': 0})
  [32m✓[0m  AZ SB 1723 (57th-2nd-regular): vote tally matches on 2026-06-09 ({'yes': 0, 'no': 0, 'other': 0, 'absent': 0, 'excused': 0, 'not voting': 0})
  [32m✓[0m  AZ SB 1723 (57th-2nd-regular): vote tally matches on 2026-06-10 ({'yes': 51, 'no': 0, 'other': 0, 'absent': 0, 'excused': 0, 'not voting': 9})
  [32m✓[0m  AZ SB 1723 (57th-2nd-regular): vote tally matches on 2026-06-12 ({'yes': 29, 'no': 0, 'other': 0, 'absent': 0, 'excused': 0, 'not voting': 1})
  [32m✓[0m  AZ SB 1723 (57th-2nd-regular): vote tally matches on 2026-06-12 ({'yes': 0, 'no': 0, 'other': 0, 'absent': 0, 'excused': 0, 'not voting': 0})
  [32m✓[0m  AZ SB 1723 (57th-2nd-regular): sponsorship count matches (1)
  [32m✓[0m  AZ SB 1724 (57th-2nd-regular): title matches
  [32m✓[0m  AZ SB 1724 (57th-2nd-regular): latest_action matches
  [32m✓[0m  AZ SB 1724 (57th-2nd-regular): vote event count matches (0)
  [32m✓[0m  AZ SB 1724 (57th-2nd-regular): sponsorship count matches (1)
  [32m✓[0m  AZ SB 1734 (57th-2nd-regular): title matches
  [32m✓[0m  AZ SB 1734 (57th-2nd-regular): latest_action matches
  [32m✓[0m  AZ SB 1734 (57th-2nd-regular): vote event count matches (0)
  [32m✓[0m  AZ SB 1734 (57th-2nd-regular): sponsorship count matches (3)
  [32m✓[0m  AZ SB 1739 (57th-2nd-regular): title matches
  [32m✓[0m  AZ SB 1739 (57th-2nd-regular): latest_action matches
  [32m✓[0m  AZ SB 1739 (57th-2nd-regular): vote event count matches (0)
  [32m✓[0m  AZ SB 1739 (57th-2nd-regular): sponsorship count matches (3)
  [32m✓[0m  AZ SB 1750 (57th-2nd-regular): title matches
  [32m✓[0m  AZ SB 1750 (57th-2nd-regular): latest_action matches
  [32m✓[0m  AZ SB 1750 (57th-2nd-regular): vote event count matches (0)
  [32m✓[0m  AZ SB 1750 (57th-2nd-regular): sponsorship count matches (1)
  [32m✓[0m  AZ SB 1751 (57th-2nd-regular): title matches
  [32m✓[0m  AZ SB 1751 (57th-2nd-regular): latest_action matches
  [32m✓[0m  AZ SB 1751 (57th-2nd-regular): vote event count matches (2)
  [32m✓[0m  AZ SB 1751 (57th-2nd-regular): vote tally matches on 2026-03-03 ({'yes': 0, 'no': 0, 'other': 0, 'absent': 0, 'excused': 0, 'not voting': 0})
  [32m✓[0m  AZ SB 1751 (57th-2nd-regular): vote tally matches on 2026-03-18 ({'yes': 16, 'no': 9, 'other': 0, 'absent': 0, 'excused': 0, 'not voting': 5})
  [32m✓[0m  AZ SB 1751 (57th-2nd-regular): sponsorship count matches (1)
  [32m✓[0m  AZ SB 1752 (57th-2nd-regular): title matches
  [32m✓[0m  AZ SB 1752 (57th-2nd-regular): latest_action matches
  [32m✓[0m  AZ SB 1752 (57th-2nd-regular): vote event count matches (2)
  [32m✓[0m  AZ SB 1752 (57th-2nd-regular): vote tally matches on 2026-03-11 ({'yes': 0, 'no': 0, 'other': 0, 'absent': 0, 'excused': 0, 'not voting': 0})
  [32m✓[0m  AZ SB 1752 (57th-2nd-regular): vote tally matches on 2026-03-11 ({'yes': 21, 'no': 7, 'other': 0, 'absent': 0, 'excused': 0, 'not voting': 2})
  [32m✓[0m  AZ SB 1752 (57th-2nd-regular): sponsorship count matches (5)
  [32m✓[0m  AZ SB 1774 (57th-2nd-regular): title matches
  [32m✓[0m  AZ SB 1774 (57th-2nd-regular): latest_action matches
  [32m✓[0m  AZ SB 1774 (57th-2nd-regular): vote event count matches (0)
  [32m✓[0m  AZ SB 1774 (57th-2nd-regular): sponsorship count matches (1)
  [32m✓[0m  AZ SB 1776 (57th-2nd-regular): title matches
  [32m✓[0m  AZ SB 1776 (57th-2nd-regular): latest_action matches
  [32m✓[0m  AZ SB 1776 (57th-2nd-regular): vote event count matches (1)
  [32m✓[0m  AZ SB 1776 (57th-2nd-regular): vote tally matches on 2026-03-11 ({'yes': 23, 'no': 3, 'other': 0, 'absent': 0, 'excused': 0, 'not voting': 4})
  [32m✓[0m  AZ SB 1776 (57th-2nd-regular): sponsorship count matches (10)
  [32m✓[0m  AZ SB 1785 (57th-2nd-regular): title matches
  [32m✓[0m  AZ SB 1785 (57th-2nd-regular): latest_action matches
  [32m✓[0m  AZ SB 1785 (57th-2nd-regular): vote event count matches (2)
  [32m✓[0m  AZ SB 1785 (57th-2nd-regular): vote tally matches on 2026-03-03 ({'yes': 17, 'no': 13, 'other': 0, 'absent': 0, 'excused': 0, 'not voting': 0})
  [32m✓[0m  AZ SB 1785 (57th-2nd-regular): vote tally matches on 2026-04-07 ({'yes': 0, 'no': 0, 'other': 0, 'absent': 0, 'excused': 0, 'not voting': 0})
  [32m✓[0m  AZ SB 1785 (57th-2nd-regular): sponsorship count matches (1)
  [32m✓[0m  AZ SB 1787 (57th-2nd-regular): title matches
  [32m✓[0m  AZ SB 1787 (57th-2nd-regular): latest_action matches
  [32m✓[0m  AZ SB 1787 (57th-2nd-regular): vote event count matches (4)
  [32m✓[0m  AZ SB 1787 (57th-2nd-regular): vote tally matches on 2026-02-26 ({'yes': 23, 'no': 5, 'other': 0, 'absent': 0, 'excused': 0, 'not voting': 2})
  [32m✓[0m  AZ SB 1787 (57th-2nd-regular): vote tally matches on 2026-02-26 ({'yes': 0, 'no': 0, 'other': 0, 'absent': 0, 'excused': 0, 'not voting': 0})
  [32m✓[0m  AZ SB 1787 (57th-2nd-regular): vote tally matches on 2026-02-26 ({'yes': 0, 'no': 0, 'other': 0, 'absent': 0, 'excused': 0, 'not voting': 0})
  [32m✓[0m  AZ SB 1787 (57th-2nd-regular): vote tally matches on 2026-04-01 ({'yes': 31, 'no': 24, 'other': 0, 'absent': 0, 'excused': 0, 'not voting': 5})
  [32m✓[0m  AZ SB 1787 (57th-2nd-regular): sponsorship count matches (1)
  [32m✓[0m  AZ SB 1795 (57th-2nd-regular): title matches
  [32m✓[0m  AZ SB 1795 (57th-2nd-regular): latest_action matches
  [32m✓[0m  AZ SB 1795 (57th-2nd-regular): vote event count matches (0)
  [32m✓[0m  AZ SB 1795 (57th-2nd-regular): sponsorship count matches (2)
  [32m✓[0m  AZ SB 1797 (57th-2nd-regular): title matches
  [32m✓[0m  AZ SB 1797 (57th-2nd-regular): latest_action matches
  [32m✓[0m  AZ SB 1797 (57th-2nd-regular): vote event count matches (0)
  [32m✓[0m  AZ SB 1797 (57th-2nd-regular): sponsorship count matches (6)
  [32m✓[0m  AZ SB 1802 (57th-2nd-regular): title matches
  [32m✓[0m  AZ SB 1802 (57th-2nd-regular): latest_action matches
  [32m✓[0m  AZ SB 1802 (57th-2nd-regular): vote event count matches (0)
  [32m✓[0m  AZ SB 1802 (57th-2nd-regular): sponsorship count matches (4)
  [32m✓[0m  AZ SB 1812 (57th-2nd-regular): title matches
  [32m✓[0m  AZ SB 1812 (57th-2nd-regular): latest_action matches
  [32m✓[0m  AZ SB 1812 (57th-2nd-regular): vote event count matches (0)
  [32m✓[0m  AZ SB 1812 (57th-2nd-regular): sponsorship count matches (1)
  [32m✓[0m  AZ SB 1813 (57th-2nd-regular): title matches
  [32m✓[0m  AZ SB 1813 (57th-2nd-regular): latest_action matches
  [32m✓[0m  AZ SB 1813 (57th-2nd-regular): vote event count matches (2)
  [32m✓[0m  AZ SB 1813 (57th-2nd-regular): vote tally matches on 2026-02-26 ({'yes': 21, 'no': 7, 'other': 0, 'absent': 0, 'excused': 0, 'not voting': 2})
  [32m✓[0m  AZ SB 1813 (57th-2nd-regular): vote tally matches on 2026-02-26 ({'yes': 0, 'no': 0, 'other': 0, 'absent': 0, 'excused': 0, 'not voting': 0})
  [32m✓[0m  AZ SB 1813 (57th-2nd-regular): sponsorship count matches (1)
  [32m✓[0m  AZ SB 1818 (57th-2nd-regular): title matches
  [32m✓[0m  AZ SB 1818 (57th-2nd-regular): latest_action matches
  [32m✓[0m  AZ SB 1818 (57th-2nd-regular): vote event count matches (2)
  [32m✓[0m  AZ SB 1818 (57th-2nd-regular): vote tally matches on 2026-03-03 ({'yes': 0, 'no': 0, 'other': 0, 'absent': 0, 'excused': 0, 'not voting': 0})
  [32m✓[0m  AZ SB 1818 (57th-2nd-regular): vote tally matches on 2026-03-10 ({'yes': 25, 'no': 4, 'other': 0, 'absent': 0, 'excused': 0, 'not voting': 1})
  [32m✓[0m  AZ SB 1818 (57th-2nd-regular): sponsorship count matches (1)
  [32m✓[0m  AZ SB 1824 (57th-2nd-regular): title matches
  [32m✓[0m  AZ SB 1824 (57th-2nd-regular): latest_action matches
  [32m✓[0m  AZ SB 1824 (57th-2nd-regular): vote event count matches (0)
  [32m✓[0m  AZ SB 1824 (57th-2nd-regular): sponsorship count matches (1)
    ...475/500
  [32m✓[0m  AZ SB 1838 (57th-2nd-regular): title matches
  [32m✓[0m  AZ SB 1838 (57th-2nd-regular): latest_action matches
  [32m✓[0m  AZ SB 1838 (57th-2nd-regular): vote event count matches (1)
  [32m✓[0m  AZ SB 1838 (57th-2nd-regular): vote tally matches on 2026-05-04 ({'yes': 0, 'no': 0, 'other': 0, 'absent': 0, 'excused': 0, 'not voting': 0})
  [32m✓[0m  AZ SB 1838 (57th-2nd-regular): sponsorship count matches (2)
  [32m✓[0m  AZ SB 1839 (57th-2nd-regular): title matches
  [32m✓[0m  AZ SB 1839 (57th-2nd-regular): latest_action matches
  [32m✓[0m  AZ SB 1839 (57th-2nd-regular): vote event count matches (1)
  [32m✓[0m  AZ SB 1839 (57th-2nd-regular): vote tally matches on 2026-05-04 ({'yes': 0, 'no': 0, 'other': 0, 'absent': 0, 'excused': 0, 'not voting': 0})
  [32m✓[0m  AZ SB 1839 (57th-2nd-regular): sponsorship count matches (2)
  [32m✓[0m  AZ SB 1854 (57th-2nd-regular): title matches
  [32m✓[0m  AZ SB 1854 (57th-2nd-regular): latest_action matches
  [32m✓[0m  AZ SB 1854 (57th-2nd-regular): vote event count matches (1)
  [32m✓[0m  AZ SB 1854 (57th-2nd-regular): vote tally matches on 2026-06-11 ({'yes': 0, 'no': 0, 'other': 0, 'absent': 0, 'excused': 0, 'not voting': 0})
  [32m✓[0m  AZ SB 1854 (57th-2nd-regular): sponsorship count matches (1)
  [32m✓[0m  AZ SB 1857 (57th-2nd-regular): title matches
  [32m✓[0m  AZ SB 1857 (57th-2nd-regular): latest_action matches
  [32m✓[0m  AZ SB 1857 (57th-2nd-regular): vote event count matches (1)
  [32m✓[0m  AZ SB 1857 (57th-2nd-regular): vote tally matches on 2026-06-11 ({'yes': 0, 'no': 0, 'other': 0, 'absent': 0, 'excused': 0, 'not voting': 0})
  [32m✓[0m  AZ SB 1857 (57th-2nd-regular): sponsorship count matches (1)
  [32m✓[0m  AZ SB 1862 (57th-2nd-regular): title matches
  [32m✓[0m  AZ SB 1862 (57th-2nd-regular): latest_action matches
  [32m✓[0m  AZ SB 1862 (57th-2nd-regular): vote event count matches (1)
  [32m✓[0m  AZ SB 1862 (57th-2nd-regular): vote tally matches on 2026-06-11 ({'yes': 0, 'no': 0, 'other': 0, 'absent': 0, 'excused': 0, 'not voting': 0})
  [32m✓[0m  AZ SB 1862 (57th-2nd-regular): sponsorship count matches (1)
  [32m✓[0m  AZ SCM 1007 (57th-2nd-regular): title matches
  [32m✓[0m  AZ SCM 1007 (57th-2nd-regular): latest_action matches
  [32m✓[0m  AZ SCM 1007 (57th-2nd-regular): vote event count matches (3)
  [32m✓[0m  AZ SCM 1007 (57th-2nd-regular): vote tally matches on 2026-03-03 ({'yes': 29, 'no': 1, 'other': 0, 'absent': 0, 'excused': 0, 'not voting': 0})
  [32m✓[0m  AZ SCM 1007 (57th-2nd-regular): vote tally matches on 2026-04-08 ({'yes': 0, 'no': 0, 'other': 0, 'absent': 0, 'excused': 0, 'not voting': 0})
  [32m✓[0m  AZ SCM 1007 (57th-2nd-regular): vote tally matches on 2026-06-09 ({'yes': 54, 'no': 0, 'other': 0, 'absent': 0, 'excused': 0, 'not voting': 6})
  [32m✓[0m  AZ SCM 1007 (57th-2nd-regular): sponsorship count matches (1)
  [32m✓[0m  AZ SCR 1006 (57th-2nd-regular): title matches
  [32m✓[0m  AZ SCR 1006 (57th-2nd-regular): latest_action matches
  [32m✓[0m  AZ SCR 1006 (57th-2nd-regular): vote event count matches (2)
  [32m✓[0m  AZ SCR 1006 (57th-2nd-regular): vote tally matches on 2026-02-23 ({'yes': 0, 'no': 0, 'other': 0, 'absent': 0, 'excused': 0, 'not voting': 0})
  [32m✓[0m  AZ SCR 1006 (57th-2nd-regular): vote tally matches on 2026-02-23 ({'yes': 16, 'no': 11, 'other': 0, 'absent': 0, 'excused': 0, 'not voting': 3})
  [32m✓[0m  AZ SCR 1006 (57th-2nd-regular): sponsorship count matches (1)
  [32m✓[0m  AZ SCR 1008 (57th-2nd-regular): title matches
  [32m✓[0m  AZ SCR 1008 (57th-2nd-regular): latest_action matches
  [32m✓[0m  AZ SCR 1008 (57th-2nd-regular): vote event count matches (0)
  [32m✓[0m  AZ SCR 1008 (57th-2nd-regular): sponsorship count matches (1)
  [32m✓[0m  AZ SCR 1014 (57th-2nd-regular): title matches
  [32m✓[0m  AZ SCR 1014 (57th-2nd-regular): latest_action matches
  [32m✓[0m  AZ SCR 1014 (57th-2nd-regular): vote event count matches (2)
  [32m✓[0m  AZ SCR 1014 (57th-2nd-regular): vote tally matches on 2026-02-23 ({'yes': 16, 'no': 11, 'other': 0, 'absent': 0, 'excused': 0, 'not voting': 3})
  [32m✓[0m  AZ SCR 1014 (57th-2nd-regular): vote tally matches on 2026-02-23 ({'yes': 0, 'no': 0, 'other': 0, 'absent': 0, 'excused': 0, 'not voting': 0})
  [32m✓[0m  AZ SCR 1014 (57th-2nd-regular): sponsorship count matches (1)
  [32m✓[0m  AZ SCR 1023 (57th-2nd-regular): title matches
  [32m✓[0m  AZ SCR 1023 (57th-2nd-regular): latest_action matches
  [32m✓[0m  AZ SCR 1023 (57th-2nd-regular): vote event count matches (3)
  [32m✓[0m  AZ SCR 1023 (57th-2nd-regular): vote tally matches on 2026-03-02 ({'yes': 0, 'no': 0, 'other': 0, 'absent': 0, 'excused': 0, 'not voting': 0})
  [32m✓[0m  AZ SCR 1023 (57th-2nd-regular): vote tally matches on 2026-03-03 ({'yes': 0, 'no': 0, 'other': 0, 'absent': 0, 'excused': 0, 'not voting': 0})
  [32m✓[0m  AZ SCR 1023 (57th-2nd-regular): vote tally matches on 2026-03-09 ({'yes': 16, 'no': 13, 'other': 0, 'absent': 0, 'excused': 0, 'not voting': 1})
  [32m✓[0m  AZ SCR 1023 (57th-2nd-regular): sponsorship count matches (1)
  [32m✓[0m  AZ SCR 1028 (57th-2nd-regular): title matches
  [32m✓[0m  AZ SCR 1028 (57th-2nd-regular): latest_action matches
  [32m✓[0m  AZ SCR 1028 (57th-2nd-regular): vote event count matches (2)
  [32m✓[0m  AZ SCR 1028 (57th-2nd-regular): vote tally matches on 2026-02-25 ({'yes': 16, 'no': 11, 'other': 0, 'absent': 0, 'excused': 0, 'not voting': 3})
  [32m✓[0m  AZ SCR 1028 (57th-2nd-regular): vote tally matches on 2026-02-25 ({'yes': 0, 'no': 0, 'other': 0, 'absent': 0, 'excused': 0, 'not voting': 0})
  [32m✓[0m  AZ SCR 1028 (57th-2nd-regular): sponsorship count matches (1)
  [32m✓[0m  AZ SCR 1029 (57th-2nd-regular): title matches
  [32m✓[0m  AZ SCR 1029 (57th-2nd-regular): latest_action matches
  [32m✓[0m  AZ SCR 1029 (57th-2nd-regular): vote event count matches (1)
  [32m✓[0m  AZ SCR 1029 (57th-2nd-regular): vote tally matches on 2026-03-03 ({'yes': 18, 'no': 12, 'other': 0, 'absent': 0, 'excused': 0, 'not voting': 0})
  [32m✓[0m  AZ SCR 1029 (57th-2nd-regular): sponsorship count matches (1)
  [32m✓[0m  AZ SCR 1032 (57th-2nd-regular): title matches
  [32m✓[0m  AZ SCR 1032 (57th-2nd-regular): latest_action matches
  [32m✓[0m  AZ SCR 1032 (57th-2nd-regular): vote event count matches (3)
  [32m✓[0m  AZ SCR 1032 (57th-2nd-regular): vote tally matches on 2026-03-23 ({'yes': 16, 'no': 12, 'other': 0, 'absent': 0, 'excused': 0, 'not voting': 2})
  [32m✓[0m  AZ SCR 1032 (57th-2nd-regular): vote tally matches on 2026-03-23 ({'yes': 0, 'no': 0, 'other': 0, 'absent': 0, 'excused': 0, 'not voting': 0})
  [32m✓[0m  AZ SCR 1032 (57th-2nd-regular): vote tally matches on 2026-06-13 ({'yes': 31, 'no': 22, 'other': 0, 'absent': 0, 'excused': 0, 'not voting': 7})
  [32m✓[0m  AZ SCR 1032 (57th-2nd-regular): sponsorship count matches (1)
  [32m✓[0m  AZ SCR 1034 (57th-2nd-regular): title matches
  [32m✓[0m  AZ SCR 1034 (57th-2nd-regular): latest_action matches
  [32m✓[0m  AZ SCR 1034 (57th-2nd-regular): vote event count matches (0)
  [32m✓[0m  AZ SCR 1034 (57th-2nd-regular): sponsorship count matches (1)
  [32m✓[0m  AZ SCR 1035 (57th-2nd-regular): title matches
  [32m✓[0m  AZ SCR 1035 (57th-2nd-regular): latest_action matches
  [32m✓[0m  AZ SCR 1035 (57th-2nd-regular): vote event count matches (0)
  [32m✓[0m  AZ SCR 1035 (57th-2nd-regular): sponsorship count matches (6)
  [32m✓[0m  AZ SCR 1040 (57th-2nd-regular): title matches
  [32m✓[0m  AZ SCR 1040 (57th-2nd-regular): latest_action matches
  [32m✓[0m  AZ SCR 1040 (57th-2nd-regular): vote event count matches (2)
  [32m✓[0m  AZ SCR 1040 (57th-2nd-regular): vote tally matches on 2026-03-02 ({'yes': 0, 'no': 0, 'other': 0, 'absent': 0, 'excused': 0, 'not voting': 0})
  [32m✓[0m  AZ SCR 1040 (57th-2nd-regular): vote tally matches on 2026-03-02 ({'yes': 17, 'no': 13, 'other': 0, 'absent': 0, 'excused': 0, 'not voting': 0})
  [32m✓[0m  AZ SCR 1040 (57th-2nd-regular): sponsorship count matches (1)
  [32m✓[0m  AZ SCR 1041 (57th-2nd-regular): title matches
  [32m✓[0m  AZ SCR 1041 (57th-2nd-regular): latest_action matches
  [32m✓[0m  AZ SCR 1041 (57th-2nd-regular): vote event count matches (0)
  [32m✓[0m  AZ SCR 1041 (57th-2nd-regular): sponsorship count matches (1)
  [32m✓[0m  AZ SCR 1042 (57th-2nd-regular): title matches
  [32m✓[0m  AZ SCR 1042 (57th-2nd-regular): latest_action matches
  [32m✓[0m  AZ SCR 1042 (57th-2nd-regular): vote event count matches (0)
  [32m✓[0m  AZ SCR 1042 (57th-2nd-regular): sponsorship count matches (9)
  [32m✓[0m  AZ SCR 1044 (57th-2nd-regular): title matches
  [32m✓[0m  AZ SCR 1044 (57th-2nd-regular): latest_action matches
  [32m✓[0m  AZ SCR 1044 (57th-2nd-regular): vote event count matches (0)
  [32m✓[0m  AZ SCR 1044 (57th-2nd-regular): sponsorship count matches (9)
  [32m✓[0m  AZ SCR 1045 (57th-2nd-regular): title matches
  [32m✓[0m  AZ SCR 1045 (57th-2nd-regular): latest_action matches
  [32m✓[0m  AZ SCR 1045 (57th-2nd-regular): vote event count matches (0)
  [32m✓[0m  AZ SCR 1045 (57th-2nd-regular): sponsorship count matches (8)
  [32m✓[0m  AZ SCR 1046 (57th-2nd-regular): title matches
  [32m✓[0m  AZ SCR 1046 (57th-2nd-regular): latest_action matches
  [32m✓[0m  AZ SCR 1046 (57th-2nd-regular): vote event count matches (0)
  [32m✓[0m  AZ SCR 1046 (57th-2nd-regular): sponsorship count matches (9)
  [32m✓[0m  AZ SCR 1048 (57th-2nd-regular): title matches
  [32m✓[0m  AZ SCR 1048 (57th-2nd-regular): latest_action matches
  [32m✓[0m  AZ SCR 1048 (57th-2nd-regular): vote event count matches (3)
  [32m✓[0m  AZ SCR 1048 (57th-2nd-regular): vote tally matches on 2026-03-03 ({'yes': 0, 'no': 0, 'other': 0, 'absent': 0, 'excused': 0, 'not voting': 0})
  [32m✓[0m  AZ SCR 1048 (57th-2nd-regular): vote tally matches on 2026-03-09 ({'yes': 0, 'no': 0, 'other': 0, 'absent': 0, 'excused': 0, 'not voting': 0})
  [32m✓[0m  AZ SCR 1048 (57th-2nd-regular): vote tally matches on 2026-03-09 ({'yes': 14, 'no': 15, 'other': 0, 'absent': 0, 'excused': 0, 'not voting': 1})
  [32m✓[0m  AZ SCR 1048 (57th-2nd-regular): sponsorship count matches (1)
  [32m✓[0m  AZ SCR 1052 (57th-2nd-regular): title matches
  [32m✓[0m  AZ SCR 1052 (57th-2nd-regular): latest_action matches
  [32m✓[0m  AZ SCR 1052 (57th-2nd-regular): vote event count matches (0)
  [32m✓[0m  AZ SCR 1052 (57th-2nd-regular): sponsorship count matches (1)
  [32m✓[0m  AZ SR 1001 (57th-2nd-regular): title matches
  [32m✓[0m  AZ SR 1001 (57th-2nd-regular): latest_action matches
  [32m✓[0m  AZ SR 1001 (57th-2nd-regular): vote event count matches (0)
  [32m✓[0m  AZ SR 1001 (57th-2nd-regular): sponsorship count matches (2)

────────────────────────────────────────────────────────────
  2552/2635 passed  |  56 warnings  |  27 failures  |  0 skipped
────────────────────────────────────────────────────────────

  (full output also written to logs/quality-check/az_57th-2nd-regular.log)
=== 2026-08-12T02:28:24Z ALL DONE ===
