
════════════════════════════════════════════════════════════
  COVERAGE CHECK: UT 2026
════════════════════════════════════════════════════════════
  Fetching full identifier set from live API (paginated)...
    ...page 50/51, 1000 identifiers so far
  live=1016  local=1016  missing=0  extra=0  both=1016
  [32m✓[0m  UT 2026: Tier 1 coverage — no missing bills (1016 local == 1016 live)
  Running Tier 2 sub-record checks on 500 of 1016 bills present in both...
  [32m✓[0m  UT HB 1 (2026): title matches
  [32m✓[0m  UT HB 1 (2026): latest_action matches
  [32m✓[0m  UT HB 1 (2026): vote event count matches (2)
  [32m✓[0m  UT HB 1 (2026): vote tally matches on 2026-01-28 ({'yes': 71, 'no': 0, 'other': 4})
  [32m✓[0m  UT HB 1 (2026): vote tally matches on 2026-01-29 ({'yes': 28, 'no': 0, 'other': 1})
  [32m✓[0m  UT HB 1 (2026): sponsorship count matches (2)
    ...0/500
  [32m✓[0m  UT HB 101 (2026): title matches
  [32m✓[0m  UT HB 101 (2026): latest_action matches
  [32m✓[0m  UT HB 101 (2026): vote event count matches (4)
  [32m✓[0m  UT HB 101 (2026): vote tally matches on 2026-02-04 ({'yes': 68, 'no': 0, 'other': 7})
  [32m✓[0m  UT HB 101 (2026): vote tally matches on 2026-02-18 ({'yes': 19, 'no': 1, 'other': 9})
  [32m✓[0m  UT HB 101 (2026): vote tally matches on 2026-02-19 ({'yes': 24, 'no': 1, 'other': 4})
  [32m✓[0m  UT HB 101 (2026): vote tally matches on 2026-02-20 ({'yes': 70, 'no': 1, 'other': 4})
  [32m✓[0m  UT HB 101 (2026): sponsorship count matches (2)
  [32m✓[0m  UT HB 102 (2026): title matches
  [32m✓[0m  UT HB 102 (2026): latest_action matches
  [32m✓[0m  UT HB 102 (2026): vote event count matches (2)
  [32m✓[0m  UT HB 102 (2026): vote tally matches on 2026-02-17 ({'yes': 65, 'no': 3, 'other': 7})
  [32m✓[0m  UT HB 102 (2026): vote tally matches on 2026-03-05 ({'yes': 26, 'no': 0, 'other': 3})
  [32m✓[0m  UT HB 102 (2026): sponsorship count matches (2)
  [32m✓[0m  UT HB 103 (2026): title matches
  [32m✓[0m  UT HB 103 (2026): latest_action matches
  [32m✓[0m  UT HB 103 (2026): vote event count matches (3)
  [32m✓[0m  UT HB 103 (2026): vote tally matches on 2026-02-03 ({'yes': 69, 'no': 0, 'other': 6})
  [32m✓[0m  UT HB 103 (2026): vote tally matches on 2026-03-02 ({'yes': 20, 'no': 0, 'other': 9})
  [32m✓[0m  UT HB 103 (2026): vote tally matches on 2026-03-03 ({'yes': 29, 'no': 0, 'other': 0})
  [32m✓[0m  UT HB 103 (2026): sponsorship count matches (2)
  [32m✓[0m  UT HB 106 (2026): title matches
  [32m✓[0m  UT HB 106 (2026): latest_action matches
  [32m✓[0m  UT HB 106 (2026): vote event count matches (0)
  [32m✓[0m  UT HB 106 (2026): sponsorship count matches (1)
  [32m✓[0m  UT HB 107 (2026): title matches
  [32m✓[0m  UT HB 107 (2026): latest_action matches
  [32m✓[0m  UT HB 107 (2026): vote event count matches (0)
  [32m✓[0m  UT HB 107 (2026): sponsorship count matches (1)
  [32m✓[0m  UT HB 108 (2026): title matches
  [32m✓[0m  UT HB 108 (2026): latest_action matches
  [32m✓[0m  UT HB 108 (2026): vote event count matches (3)
  [32m✓[0m  UT HB 108 (2026): vote tally matches on 2026-02-04 ({'yes': 66, 'no': 0, 'other': 9})
  [32m✓[0m  UT HB 108 (2026): vote tally matches on 2026-02-18 ({'yes': 21, 'no': 0, 'other': 8})
  [32m✓[0m  UT HB 108 (2026): vote tally matches on 2026-03-05 ({'yes': 26, 'no': 0, 'other': 3})
  [32m✓[0m  UT HB 108 (2026): sponsorship count matches (2)
  [32m✓[0m  UT HB 110 (2026): title matches
  [32m✓[0m  UT HB 110 (2026): latest_action matches
  [32m✓[0m  UT HB 110 (2026): vote event count matches (4)
  [32m✓[0m  UT HB 110 (2026): vote tally matches on 2026-02-10 ({'yes': 61, 'no': 1, 'other': 13})
  [32m✓[0m  UT HB 110 (2026): vote tally matches on 2026-02-19 ({'yes': 28, 'no': 1, 'other': 0})
  [32m✓[0m  UT HB 110 (2026): vote tally matches on 2026-03-04 ({'yes': 27, 'no': 0, 'other': 2})
  [32m✓[0m  UT HB 110 (2026): vote tally matches on 2026-03-05 ({'yes': 69, 'no': 0, 'other': 6})
  [32m✓[0m  UT HB 110 (2026): sponsorship count matches (2)
  [32m✓[0m  UT HB 111 (2026): title matches
  [32m✓[0m  UT HB 111 (2026): latest_action matches
  [32m✓[0m  UT HB 111 (2026): vote event count matches (3)
  [32m✓[0m  UT HB 111 (2026): vote tally matches on 2026-02-06 ({'yes': 65, 'no': 1, 'other': 9})
  [32m✓[0m  UT HB 111 (2026): vote tally matches on 2026-03-07 ({'yes': 18, 'no': 5, 'other': 6})
  [32m✓[0m  UT HB 111 (2026): vote tally matches on 2026-03-07 ({'yes': 50, 'no': 15, 'other': 10})
  [32m✓[0m  UT HB 111 (2026): sponsorship count matches (2)
  [32m✓[0m  UT HB 113 (2026): title matches
  [32m✓[0m  UT HB 113 (2026): latest_action matches
  [32m✓[0m  UT HB 113 (2026): vote event count matches (3)
  [32m✓[0m  UT HB 113 (2026): vote tally matches on 2026-02-03 ({'yes': 70, 'no': 0, 'other': 5})
  [32m✓[0m  UT HB 113 (2026): vote tally matches on 2026-03-06 ({'yes': 64, 'no': 0, 'other': 11})
  [32m✓[0m  UT HB 113 (2026): vote tally matches on 2026-03-06 ({'yes': 23, 'no': 1, 'other': 5})
  [32m✓[0m  UT HB 113 (2026): sponsorship count matches (2)
  [32m✓[0m  UT HB 117 (2026): title matches
  [32m✓[0m  UT HB 117 (2026): latest_action matches
  [32m✓[0m  UT HB 117 (2026): vote event count matches (3)
  [32m✓[0m  UT HB 117 (2026): vote tally matches on 2026-02-10 ({'yes': 59, 'no': 10, 'other': 6})
  [32m✓[0m  UT HB 117 (2026): vote tally matches on 2026-02-25 ({'yes': 23, 'no': 1, 'other': 5})
  [32m✓[0m  UT HB 117 (2026): vote tally matches on 2026-02-26 ({'yes': 19, 'no': 1, 'other': 9})
  [32m✓[0m  UT HB 117 (2026): sponsorship count matches (2)
  [32m✓[0m  UT HB 119 (2026): title matches
  [32m✓[0m  UT HB 119 (2026): latest_action matches
  [32m✓[0m  UT HB 119 (2026): vote event count matches (3)
  [32m✓[0m  UT HB 119 (2026): vote tally matches on 2026-02-25 ({'yes': 67, 'no': 1, 'other': 7})
  [32m✓[0m  UT HB 119 (2026): vote tally matches on 2026-03-07 ({'yes': 68, 'no': 1, 'other': 6})
  [32m✓[0m  UT HB 119 (2026): vote tally matches on 2026-03-07 ({'yes': 25, 'no': 0, 'other': 4})
  [32m✓[0m  UT HB 119 (2026): sponsorship count matches (2)
  [32m✓[0m  UT HB 124 (2026): title matches
  [32m✓[0m  UT HB 124 (2026): latest_action matches
  [32m✓[0m  UT HB 124 (2026): vote event count matches (1)
  [32m✓[0m  UT HB 124 (2026): vote tally matches on 2026-02-20 ({'yes': 70, 'no': 0, 'other': 5})
  [32m✓[0m  UT HB 124 (2026): sponsorship count matches (2)
  [32m✓[0m  UT HB 127 (2026): title matches
  [32m✓[0m  UT HB 127 (2026): latest_action matches
  [32m✓[0m  UT HB 127 (2026): vote event count matches (0)
  [32m✓[0m  UT HB 127 (2026): sponsorship count matches (1)
  [32m✓[0m  UT HB 13 (2026): title matches
  [32m✓[0m  UT HB 13 (2026): latest_action matches
  [32m✓[0m  UT HB 13 (2026): vote event count matches (1)
  [32m✓[0m  UT HB 13 (2026): vote tally matches on 2026-02-09 ({'yes': 32, 'no': 39, 'other': 4})
  [32m✓[0m  UT HB 13 (2026): sponsorship count matches (2)
  [32m✓[0m  UT HB 131 (2026): title matches
  [32m✓[0m  UT HB 131 (2026): latest_action matches
  [32m✓[0m  UT HB 131 (2026): vote event count matches (0)
  [32m✓[0m  UT HB 131 (2026): sponsorship count matches (1)
  [32m✓[0m  UT HB 132 (2026): title matches
  [32m✓[0m  UT HB 132 (2026): latest_action matches
  [32m✓[0m  UT HB 132 (2026): vote event count matches (3)
  [32m✓[0m  UT HB 132 (2026): vote tally matches on 2026-02-04 ({'yes': 67, 'no': 0, 'other': 8})
  [32m✓[0m  UT HB 132 (2026): vote tally matches on 2026-02-18 ({'yes': 26, 'no': 0, 'other': 3})
  [32m✓[0m  UT HB 132 (2026): vote tally matches on 2026-02-19 ({'yes': 26, 'no': 0, 'other': 3})
  [32m✓[0m  UT HB 132 (2026): sponsorship count matches (2)
  [31m✗[0m  UT HB 133 (2026): live API error  [429 Client Error: Too Many Requests for url: https://v3.openstates.org/bills?jurisdiction=ut&session=2026&identifier=HB+133&include=votes&include=sponsorships&include=actions&apikey=REDACTED-API-KEY]
  [31m✗[0m  UT HB 134 (2026): live API error  [429 Client Error: Too Many Requests for url: https://v3.openstates.org/bills?jurisdiction=ut&session=2026&identifier=HB+134&include=votes&include=sponsorships&include=actions&apikey=REDACTED-API-KEY]
  [31m✗[0m  UT HB 136 (2026): live API error  [429 Client Error: Too Many Requests for url: https://v3.openstates.org/bills?jurisdiction=ut&session=2026&identifier=HB+136&include=votes&include=sponsorships&include=actions&apikey=REDACTED-API-KEY]
  [31m✗[0m  UT HB 137 (2026): live API error  [429 Client Error: Too Many Requests for url: https://v3.openstates.org/bills?jurisdiction=ut&session=2026&identifier=HB+137&include=votes&include=sponsorships&include=actions&apikey=REDACTED-API-KEY]
  [31m✗[0m  UT HB 138 (2026): live API error  [429 Client Error: Too Many Requests for url: https://v3.openstates.org/bills?jurisdiction=ut&session=2026&identifier=HB+138&include=votes&include=sponsorships&include=actions&apikey=REDACTED-API-KEY]
  [31m✗[0m  UT HB 139 (2026): live API error  [429 Client Error: Too Many Requests for url: https://v3.openstates.org/bills?jurisdiction=ut&session=2026&identifier=HB+139&include=votes&include=sponsorships&include=actions&apikey=REDACTED-API-KEY]
  [31m✗[0m  UT HB 142 (2026): live API error  [429 Client Error: Too Many Requests for url: https://v3.openstates.org/bills?jurisdiction=ut&session=2026&identifier=HB+142&include=votes&include=sponsorships&include=actions&apikey=REDACTED-API-KEY]
  [31m✗[0m  UT HB 143 (2026): live API error  [429 Client Error: Too Many Requests for url: https://v3.openstates.org/bills?jurisdiction=ut&session=2026&identifier=HB+143&include=votes&include=sponsorships&include=actions&apikey=REDACTED-API-KEY]
  [31m✗[0m  UT HB 144 (2026): live API error  [429 Client Error: Too Many Requests for url: https://v3.openstates.org/bills?jurisdiction=ut&session=2026&identifier=HB+144&include=votes&include=sponsorships&include=actions&apikey=REDACTED-API-KEY]
    ...25/500
  [31m✗[0m  UT HB 145 (2026): live API error  [429 Client Error: Too Many Requests for url: https://v3.openstates.org/bills?jurisdiction=ut&session=2026&identifier=HB+145&include=votes&include=sponsorships&include=actions&apikey=REDACTED-API-KEY]
  [32m✓[0m  UT HB 146 (2026): title matches
  [32m✓[0m  UT HB 146 (2026): latest_action matches
  [32m✓[0m  UT HB 146 (2026): vote event count matches (4)
  [32m✓[0m  UT HB 146 (2026): vote tally matches on 2026-02-02 ({'yes': 71, 'no': 0, 'other': 4})
  [32m✓[0m  UT HB 146 (2026): vote tally matches on 2026-02-19 ({'yes': 26, 'no': 0, 'other': 3})
  [32m✓[0m  UT HB 146 (2026): vote tally matches on 2026-03-04 ({'yes': 27, 'no': 0, 'other': 2})
  [32m✓[0m  UT HB 146 (2026): vote tally matches on 2026-03-05 ({'yes': 71, 'no': 0, 'other': 4})
  [32m✓[0m  UT HB 146 (2026): sponsorship count matches (2)
  [32m✓[0m  UT HB 147 (2026): title matches
  [32m✓[0m  UT HB 147 (2026): latest_action matches
  [32m✓[0m  UT HB 147 (2026): vote event count matches (3)
  [32m✓[0m  UT HB 147 (2026): vote tally matches on 2026-02-23 ({'yes': 67, 'no': 0, 'other': 8})
  [32m✓[0m  UT HB 147 (2026): vote tally matches on 2026-03-06 ({'yes': 27, 'no': 0, 'other': 2})
  [32m✓[0m  UT HB 147 (2026): vote tally matches on 2026-03-06 ({'yes': 69, 'no': 1, 'other': 5})
  [32m✓[0m  UT HB 147 (2026): sponsorship count matches (2)
  [32m✓[0m  UT HB 15 (2026): title matches
  [32m✓[0m  UT HB 15 (2026): latest_action matches
  [32m✓[0m  UT HB 15 (2026): vote event count matches (2)
  [32m✓[0m  UT HB 15 (2026): vote tally matches on 2026-02-24 ({'yes': 63, 'no': 1, 'other': 11})
  [32m✓[0m  UT HB 15 (2026): vote tally matches on 2026-03-06 ({'yes': 27, 'no': 0, 'other': 2})
  [32m✓[0m  UT HB 15 (2026): sponsorship count matches (2)
  [32m✓[0m  UT HB 154 (2026): title matches
  [32m✓[0m  UT HB 154 (2026): latest_action matches
  [32m✓[0m  UT HB 154 (2026): vote event count matches (1)
  [32m✓[0m  UT HB 154 (2026): vote tally matches on 2026-02-17 ({'yes': 48, 'no': 22, 'other': 5})
  [32m✓[0m  UT HB 154 (2026): sponsorship count matches (2)
  [32m✓[0m  UT HB 155 (2026): title matches
  [32m✓[0m  UT HB 155 (2026): latest_action matches
  [32m✓[0m  UT HB 155 (2026): vote event count matches (0)
  [32m✓[0m  UT HB 155 (2026): sponsorship count matches (1)
  [32m✓[0m  UT HB 156 (2026): title matches
  [32m✓[0m  UT HB 156 (2026): latest_action matches
  [32m✓[0m  UT HB 156 (2026): vote event count matches (1)
  [32m✓[0m  UT HB 156 (2026): vote tally matches on 2026-02-05 ({'yes': 64, 'no': 7, 'other': 4})
  [32m✓[0m  UT HB 156 (2026): sponsorship count matches (2)
  [32m✓[0m  UT HB 157 (2026): title matches
  [32m✓[0m  UT HB 157 (2026): latest_action matches
  [32m✓[0m  UT HB 157 (2026): vote event count matches (2)
  [32m✓[0m  UT HB 157 (2026): vote tally matches on 2026-02-19 ({'yes': 57, 'no': 1, 'other': 17})
  [32m✓[0m  UT HB 157 (2026): vote tally matches on 2026-03-02 ({'yes': 22, 'no': 0, 'other': 7})
  [32m✓[0m  UT HB 157 (2026): sponsorship count matches (2)
  [32m✓[0m  UT HB 158 (2026): title matches
  [32m✓[0m  UT HB 158 (2026): latest_action matches
  [32m✓[0m  UT HB 158 (2026): vote event count matches (3)
  [32m✓[0m  UT HB 158 (2026): vote tally matches on 2026-02-13 ({'yes': 66, 'no': 1, 'other': 8})
  [32m✓[0m  UT HB 158 (2026): vote tally matches on 2026-03-05 ({'yes': 24, 'no': 0, 'other': 5})
  [32m✓[0m  UT HB 158 (2026): vote tally matches on 2026-03-05 ({'yes': 66, 'no': 1, 'other': 8})
  [32m✓[0m  UT HB 158 (2026): sponsorship count matches (2)
  [32m✓[0m  UT HB 16 (2026): title matches
  [32m✓[0m  UT HB 16 (2026): latest_action matches
  [32m✓[0m  UT HB 16 (2026): vote event count matches (4)
  [32m✓[0m  UT HB 16 (2026): vote tally matches on 2026-01-23 ({'yes': 61, 'no': 8, 'other': 6})
  [32m✓[0m  UT HB 16 (2026): vote tally matches on 2026-02-05 ({'yes': 21, 'no': 7, 'other': 1})
  [32m✓[0m  UT HB 16 (2026): vote tally matches on 2026-02-18 ({'yes': 20, 'no': 6, 'other': 3})
  [32m✓[0m  UT HB 16 (2026): vote tally matches on 2026-02-20 ({'yes': 61, 'no': 6, 'other': 8})
  [32m✓[0m  UT HB 16 (2026): sponsorship count matches (2)
  [32m✓[0m  UT HB 160 (2026): title matches
  [32m✓[0m  UT HB 160 (2026): latest_action matches
  [32m✓[0m  UT HB 160 (2026): vote event count matches (0)
  [32m✓[0m  UT HB 160 (2026): sponsorship count matches (1)
  [32m✓[0m  UT HB 161 (2026): title matches
  [32m✓[0m  UT HB 161 (2026): latest_action matches
  [32m✓[0m  UT HB 161 (2026): vote event count matches (0)
  [32m✓[0m  UT HB 161 (2026): sponsorship count matches (1)
  [32m✓[0m  UT HB 162 (2026): title matches
  [32m✓[0m  UT HB 162 (2026): latest_action matches
  [32m✓[0m  UT HB 162 (2026): vote event count matches (0)
  [32m✓[0m  UT HB 162 (2026): sponsorship count matches (1)
  [32m✓[0m  UT HB 163 (2026): title matches
  [32m✓[0m  UT HB 163 (2026): latest_action matches
  [32m✓[0m  UT HB 163 (2026): vote event count matches (3)
  [32m✓[0m  UT HB 163 (2026): vote tally matches on 2026-02-05 ({'yes': 71, 'no': 0, 'other': 4})
  [32m✓[0m  UT HB 163 (2026): vote tally matches on 2026-02-18 ({'yes': 25, 'no': 0, 'other': 4})
  [32m✓[0m  UT HB 163 (2026): vote tally matches on 2026-02-19 ({'yes': 25, 'no': 0, 'other': 4})
  [32m✓[0m  UT HB 163 (2026): sponsorship count matches (2)
  [32m✓[0m  UT HB 164 (2026): title matches
  [32m✓[0m  UT HB 164 (2026): latest_action matches
  [32m✓[0m  UT HB 164 (2026): vote event count matches (3)
  [32m✓[0m  UT HB 164 (2026): vote tally matches on 2026-02-02 ({'yes': 72, 'no': 0, 'other': 3})
  [32m✓[0m  UT HB 164 (2026): vote tally matches on 2026-02-19 ({'yes': 24, 'no': 0, 'other': 5})
  [32m✓[0m  UT HB 164 (2026): vote tally matches on 2026-02-20 ({'yes': 70, 'no': 0, 'other': 5})
  [32m✓[0m  UT HB 164 (2026): sponsorship count matches (2)
  [32m✓[0m  UT HB 165 (2026): title matches
  [32m✓[0m  UT HB 165 (2026): latest_action matches
  [32m✓[0m  UT HB 165 (2026): vote event count matches (5)
  [32m✓[0m  UT HB 165 (2026): vote tally matches on 2026-02-11 ({'yes': 60, 'no': 0, 'other': 15})
  [32m✓[0m  UT HB 165 (2026): vote tally matches on 2026-02-25 ({'yes': 23, 'no': 0, 'other': 6})
  [32m✓[0m  UT HB 165 (2026): vote tally matches on 2026-02-26 ({'yes': 20, 'no': 0, 'other': 9})
  [32m✓[0m  UT HB 165 (2026): vote tally matches on 2026-02-27 ({'yes': 24, 'no': 0, 'other': 5})
  [32m✓[0m  UT HB 165 (2026): vote tally matches on 2026-03-02 ({'yes': 68, 'no': 1, 'other': 6})
  [32m✓[0m  UT HB 165 (2026): sponsorship count matches (2)
  [32m✓[0m  UT HB 166 (2026): title matches
  [32m✓[0m  UT HB 166 (2026): latest_action matches
  [32m✓[0m  UT HB 166 (2026): vote event count matches (0)
  [32m✓[0m  UT HB 166 (2026): sponsorship count matches (1)
  [32m✓[0m  UT HB 17 (2026): title matches
  [32m✓[0m  UT HB 17 (2026): latest_action matches
  [32m✓[0m  UT HB 17 (2026): vote event count matches (3)
  [32m✓[0m  UT HB 17 (2026): vote tally matches on 2026-01-23 ({'yes': 70, 'no': 0, 'other': 5})
  [32m✓[0m  UT HB 17 (2026): vote tally matches on 2026-02-05 ({'yes': 24, 'no': 0, 'other': 5})
  [32m✓[0m  UT HB 17 (2026): vote tally matches on 2026-02-06 ({'yes': 26, 'no': 0, 'other': 3})
  [32m✓[0m  UT HB 17 (2026): sponsorship count matches (2)
  [32m✓[0m  UT HB 173 (2026): title matches
  [32m✓[0m  UT HB 173 (2026): latest_action matches
  [32m✓[0m  UT HB 173 (2026): vote event count matches (0)
  [32m✓[0m  UT HB 173 (2026): sponsorship count matches (1)
  [32m✓[0m  UT HB 175 (2026): title matches
  [32m✓[0m  UT HB 175 (2026): latest_action matches
  [32m✓[0m  UT HB 175 (2026): vote event count matches (0)
  [32m✓[0m  UT HB 175 (2026): sponsorship count matches (1)
  [32m✓[0m  UT HB 177 (2026): title matches
  [32m✓[0m  UT HB 177 (2026): latest_action matches
  [32m✓[0m  UT HB 177 (2026): vote event count matches (4)
  [32m✓[0m  UT HB 177 (2026): vote tally matches on 2026-02-10 ({'yes': 69, 'no': 2, 'other': 4})
  [32m✓[0m  UT HB 177 (2026): vote tally matches on 2026-02-25 ({'yes': 22, 'no': 0, 'other': 7})
  [32m✓[0m  UT HB 177 (2026): vote tally matches on 2026-02-26 ({'yes': 20, 'no': 0, 'other': 9})
  [32m✓[0m  UT HB 177 (2026): vote tally matches on 2026-02-27 ({'yes': 69, 'no': 0, 'other': 6})
  [32m✓[0m  UT HB 177 (2026): sponsorship count matches (2)
  [32m✓[0m  UT HB 182 (2026): title matches
  [32m✓[0m  UT HB 182 (2026): latest_action matches
  [32m✓[0m  UT HB 182 (2026): vote event count matches (4)
  [32m✓[0m  UT HB 182 (2026): vote tally matches on 2026-01-29 ({'yes': 69, 'no': 0, 'other': 6})
  [32m✓[0m  UT HB 182 (2026): vote tally matches on 2026-02-05 ({'yes': 24, 'no': 0, 'other': 5})
  [32m✓[0m  UT HB 182 (2026): vote tally matches on 2026-02-19 ({'yes': 26, 'no': 0, 'other': 3})
  [32m✓[0m  UT HB 182 (2026): vote tally matches on 2026-02-20 ({'yes': 67, 'no': 0, 'other': 8})
  [32m✓[0m  UT HB 182 (2026): sponsorship count matches (2)
  [32m✓[0m  UT HB 183 (2026): title matches
  [32m✓[0m  UT HB 183 (2026): latest_action matches
  [32m✓[0m  UT HB 183 (2026): vote event count matches (1)
  [32m✓[0m  UT HB 183 (2026): vote tally matches on 2026-03-02 ({'yes': 58, 'no': 14, 'other': 3})
  [32m✓[0m  UT HB 183 (2026): sponsorship count matches (2)
  [32m✓[0m  UT HB 184 (2026): title matches
  [32m✓[0m  UT HB 184 (2026): latest_action matches
  [32m✓[0m  UT HB 184 (2026): vote event count matches (0)
  [32m✓[0m  UT HB 184 (2026): sponsorship count matches (2)
  [32m✓[0m  UT HB 186 (2026): title matches
  [32m✓[0m  UT HB 186 (2026): latest_action matches
  [32m✓[0m  UT HB 186 (2026): vote event count matches (3)
  [32m✓[0m  UT HB 186 (2026): vote tally matches on 2026-02-03 ({'yes': 70, 'no': 0, 'other': 5})
  [32m✓[0m  UT HB 186 (2026): vote tally matches on 2026-02-12 ({'yes': 23, 'no': 2, 'other': 4})
  [32m✓[0m  UT HB 186 (2026): vote tally matches on 2026-02-13 ({'yes': 25, 'no': 1, 'other': 3})
  [32m✓[0m  UT HB 186 (2026): sponsorship count matches (2)
    ...50/500
  [32m✓[0m  UT HB 19 (2026): title matches
  [32m✓[0m  UT HB 19 (2026): latest_action matches
  [32m✓[0m  UT HB 19 (2026): vote event count matches (3)
  [32m✓[0m  UT HB 19 (2026): vote tally matches on 2026-01-20 ({'yes': 75, 'no': 0, 'other': 0})
  [32m✓[0m  UT HB 19 (2026): vote tally matches on 2026-02-04 ({'yes': 23, 'no': 0, 'other': 6})
  [32m✓[0m  UT HB 19 (2026): vote tally matches on 2026-02-05 ({'yes': 28, 'no': 0, 'other': 1})
  [32m✓[0m  UT HB 19 (2026): sponsorship count matches (2)
  [32m✓[0m  UT HB 191 (2026): title matches
  [32m✓[0m  UT HB 191 (2026): latest_action matches
  [32m✓[0m  UT HB 191 (2026): vote event count matches (0)
  [32m✓[0m  UT HB 191 (2026): sponsorship count matches (2)
  [32m✓[0m  UT HB 192 (2026): title matches
  [32m✓[0m  UT HB 192 (2026): latest_action matches
  [32m✓[0m  UT HB 192 (2026): vote event count matches (3)
  [32m✓[0m  UT HB 192 (2026): vote tally matches on 2026-02-05 ({'yes': 40, 'no': 31, 'other': 4})
  [32m✓[0m  UT HB 192 (2026): vote tally matches on 2026-02-19 ({'yes': 22, 'no': 1, 'other': 6})
  [32m✓[0m  UT HB 192 (2026): vote tally matches on 2026-02-20 ({'yes': 24, 'no': 0, 'other': 5})
  [32m✓[0m  UT HB 192 (2026): sponsorship count matches (2)
  [32m✓[0m  UT HB 194 (2026): title matches
  [32m✓[0m  UT HB 194 (2026): latest_action matches
  [32m✓[0m  UT HB 194 (2026): vote event count matches (3)
  [32m✓[0m  UT HB 194 (2026): vote tally matches on 2026-02-18 ({'yes': 61, 'no': 2, 'other': 12})
  [32m✓[0m  UT HB 194 (2026): vote tally matches on 2026-03-07 ({'yes': 25, 'no': 0, 'other': 4})
  [32m✓[0m  UT HB 194 (2026): vote tally matches on 2026-03-07 ({'yes': 63, 'no': 1, 'other': 11})
  [32m✓[0m  UT HB 194 (2026): sponsorship count matches (2)
  [32m✓[0m  UT HB 198 (2026): title matches
  [32m✓[0m  UT HB 198 (2026): latest_action matches
  [32m✓[0m  UT HB 198 (2026): vote event count matches (0)
  [32m✓[0m  UT HB 198 (2026): sponsorship count matches (1)
  [32m✓[0m  UT HB 201 (2026): title matches
  [32m✓[0m  UT HB 201 (2026): latest_action matches
  [32m✓[0m  UT HB 201 (2026): vote event count matches (0)
  [32m✓[0m  UT HB 201 (2026): sponsorship count matches (2)
  [32m✓[0m  UT HB 205 (2026): title matches
  [32m✓[0m  UT HB 205 (2026): latest_action matches
  [32m✓[0m  UT HB 205 (2026): vote event count matches (4)
  [32m✓[0m  UT HB 205 (2026): vote tally matches on 2026-02-11 ({'yes': 71, 'no': 1, 'other': 3})
  [32m✓[0m  UT HB 205 (2026): vote tally matches on 2026-03-06 ({'yes': 28, 'no': 0, 'other': 1})
  [32m✓[0m  UT HB 205 (2026): vote tally matches on 2026-03-06 ({'yes': 28, 'no': 0, 'other': 1})
  [32m✓[0m  UT HB 205 (2026): vote tally matches on 2026-03-06 ({'yes': 69, 'no': 1, 'other': 5})
  [32m✓[0m  UT HB 205 (2026): sponsorship count matches (2)
  [32m✓[0m  UT HB 209 (2026): title matches
  [32m✓[0m  UT HB 209 (2026): latest_action matches
  [32m✓[0m  UT HB 209 (2026): vote event count matches (4)
  [32m✓[0m  UT HB 209 (2026): vote tally matches on 2026-01-26 ({'yes': 62, 'no': 13, 'other': 0})
  [32m✓[0m  UT HB 209 (2026): vote tally matches on 2026-02-12 ({'yes': 21, 'no': 8, 'other': 0})
  [32m✓[0m  UT HB 209 (2026): vote tally matches on 2026-03-04 ({'yes': 17, 'no': 8, 'other': 4})
  [32m✓[0m  UT HB 209 (2026): vote tally matches on 2026-03-05 ({'yes': 51, 'no': 16, 'other': 8})
  [32m✓[0m  UT HB 209 (2026): sponsorship count matches (2)
  [32m✓[0m  UT HB 212 (2026): title matches
  [32m✓[0m  UT HB 212 (2026): latest_action matches
  [32m✓[0m  UT HB 212 (2026): vote event count matches (3)
  [32m✓[0m  UT HB 212 (2026): vote tally matches on 2026-02-20 ({'yes': 56, 'no': 10, 'other': 9})
  [33m~[0m  UT HB 212 (2026): vote tally differs on 2026-03-07  [local={'yes': 17, 'no': 12, 'other': 0} live={'yes': 13, 'no': 14, 'other': 2} | Ipson, D. (yes): local only; Johnson, J. (yes): local only; Plumb, J. (no): local only; Stevenson, J. (yes): local only; Vickers, E. (yes): local only; Weiler, T. (no): local only; Wilson, C. (yes): local only; Ipson, D. (no): live only; Johnson, J. (other): live only; Plumb, J. (other): live only; Stevenson, J. (no): live only; Vickers, E. (no): live only; Weiler, T. (yes): live only; Wilson, C. (no): live only | 62 other local bill(s) share this signature on 2026-03-07]
  [33m~[0m  UT HB 212 (2026): vote tally differs on 2026-03-07  [local={'yes': 13, 'no': 14, 'other': 2} live={'yes': 17, 'no': 12, 'other': 0} | Ipson, D. (no): local only; Johnson, J. (other): local only; Plumb, J. (other): local only; Stevenson, J. (no): local only; Vickers, E. (no): local only; Weiler, T. (yes): local only; Wilson, C. (no): local only; Ipson, D. (yes): live only; Johnson, J. (yes): live only; Plumb, J. (no): live only; Stevenson, J. (yes): live only; Vickers, E. (yes): live only; Weiler, T. (no): live only; Wilson, C. (yes): live only | 62 other local bill(s) share this signature on 2026-03-07]
  [32m✓[0m  UT HB 212 (2026): sponsorship count matches (2)
  [32m✓[0m  UT HB 213 (2026): title matches
  [32m✓[0m  UT HB 213 (2026): latest_action matches
  [32m✓[0m  UT HB 213 (2026): vote event count matches (0)
  [32m✓[0m  UT HB 213 (2026): sponsorship count matches (1)
  [32m✓[0m  UT HB 214 (2026): title matches
  [32m✓[0m  UT HB 214 (2026): latest_action matches
  [32m✓[0m  UT HB 214 (2026): vote event count matches (3)
  [32m✓[0m  UT HB 214 (2026): vote tally matches on 2026-02-05 ({'yes': 61, 'no': 12, 'other': 2})
  [32m✓[0m  UT HB 214 (2026): vote tally matches on 2026-02-19 ({'yes': 20, 'no': 7, 'other': 2})
  [32m✓[0m  UT HB 214 (2026): vote tally matches on 2026-02-20 ({'yes': 19, 'no': 6, 'other': 4})
  [32m✓[0m  UT HB 214 (2026): sponsorship count matches (2)
  [32m✓[0m  UT HB 216 (2026): title matches
  [32m✓[0m  UT HB 216 (2026): latest_action matches
  [32m✓[0m  UT HB 216 (2026): vote event count matches (1)
  [32m✓[0m  UT HB 216 (2026): vote tally matches on 2026-02-23 ({'yes': 68, 'no': 0, 'other': 7})
  [32m✓[0m  UT HB 216 (2026): sponsorship count matches (2)
  [32m✓[0m  UT HB 217 (2026): title matches
  [32m✓[0m  UT HB 217 (2026): latest_action matches
  [32m✓[0m  UT HB 217 (2026): vote event count matches (3)
  [32m✓[0m  UT HB 217 (2026): vote tally matches on 2026-02-12 ({'yes': 69, 'no': 0, 'other': 6})
  [32m✓[0m  UT HB 217 (2026): vote tally matches on 2026-02-26 ({'yes': 23, 'no': 0, 'other': 6})
  [32m✓[0m  UT HB 217 (2026): vote tally matches on 2026-02-27 ({'yes': 25, 'no': 0, 'other': 4})
  [32m✓[0m  UT HB 217 (2026): sponsorship count matches (2)
  [32m✓[0m  UT HB 218 (2026): title matches
  [32m✓[0m  UT HB 218 (2026): latest_action matches
  [32m✓[0m  UT HB 218 (2026): vote event count matches (2)
  [32m✓[0m  UT HB 218 (2026): vote tally matches on 2026-02-17 ({'yes': 73, 'no': 0, 'other': 2})
  [32m✓[0m  UT HB 218 (2026): vote tally matches on 2026-03-06 ({'yes': 26, 'no': 0, 'other': 3})
  [32m✓[0m  UT HB 218 (2026): sponsorship count matches (2)
  [32m✓[0m  UT HB 219 (2026): title matches
  [32m✓[0m  UT HB 219 (2026): latest_action matches
  [32m✓[0m  UT HB 219 (2026): vote event count matches (2)
  [32m✓[0m  UT HB 219 (2026): vote tally matches on 2026-02-23 ({'yes': 38, 'no': 31, 'other': 6})
  [32m✓[0m  UT HB 219 (2026): vote tally matches on 2026-03-06 ({'yes': 17, 'no': 3, 'other': 9})
  [32m✓[0m  UT HB 219 (2026): sponsorship count matches (2)
  [32m✓[0m  UT HB 220 (2026): title matches
  [32m✓[0m  UT HB 220 (2026): latest_action matches
  [32m✓[0m  UT HB 220 (2026): vote event count matches (3)
  [32m✓[0m  UT HB 220 (2026): vote tally matches on 2026-02-11 ({'yes': 69, 'no': 1, 'other': 5})
  [32m✓[0m  UT HB 220 (2026): vote tally matches on 2026-02-19 ({'yes': 24, 'no': 0, 'other': 5})
  [32m✓[0m  UT HB 220 (2026): vote tally matches on 2026-02-20 ({'yes': 25, 'no': 0, 'other': 4})
  [32m✓[0m  UT HB 220 (2026): sponsorship count matches (2)
  [32m✓[0m  UT HB 222 (2026): title matches
  [32m✓[0m  UT HB 222 (2026): latest_action matches
  [32m✓[0m  UT HB 222 (2026): vote event count matches (3)
  [32m✓[0m  UT HB 222 (2026): vote tally matches on 2026-02-10 ({'yes': 63, 'no': 8, 'other': 4})
  [32m✓[0m  UT HB 222 (2026): vote tally matches on 2026-02-19 ({'yes': 20, 'no': 6, 'other': 3})
  [32m✓[0m  UT HB 222 (2026): vote tally matches on 2026-02-20 ({'yes': 20, 'no': 6, 'other': 3})
  [32m✓[0m  UT HB 222 (2026): sponsorship count matches (2)
  [32m✓[0m  UT HB 224 (2026): title matches
  [32m✓[0m  UT HB 224 (2026): latest_action matches
  [32m✓[0m  UT HB 224 (2026): vote event count matches (0)
  [32m✓[0m  UT HB 224 (2026): sponsorship count matches (2)
  [32m✓[0m  UT HB 226 (2026): title matches
  [32m✓[0m  UT HB 226 (2026): latest_action matches
  [32m✓[0m  UT HB 226 (2026): vote event count matches (0)
  [32m✓[0m  UT HB 226 (2026): sponsorship count matches (1)
  [32m✓[0m  UT HB 227 (2026): title matches
  [32m✓[0m  UT HB 227 (2026): latest_action matches
  [32m✓[0m  UT HB 227 (2026): vote event count matches (0)
  [32m✓[0m  UT HB 227 (2026): sponsorship count matches (1)
  [32m✓[0m  UT HB 23 (2026): title matches
  [32m✓[0m  UT HB 23 (2026): latest_action matches
  [32m✓[0m  UT HB 23 (2026): vote event count matches (3)
  [32m✓[0m  UT HB 23 (2026): vote tally matches on 2026-02-17 ({'yes': 69, 'no': 0, 'other': 6})
  [32m✓[0m  UT HB 23 (2026): vote tally matches on 2026-02-26 ({'yes': 25, 'no': 0, 'other': 4})
  [32m✓[0m  UT HB 23 (2026): vote tally matches on 2026-02-27 ({'yes': 27, 'no': 0, 'other': 2})
  [32m✓[0m  UT HB 23 (2026): sponsorship count matches (2)
  [32m✓[0m  UT HB 230 (2026): title matches
  [32m✓[0m  UT HB 230 (2026): latest_action matches
  [32m✓[0m  UT HB 230 (2026): vote event count matches (3)
  [32m✓[0m  UT HB 230 (2026): vote tally matches on 2026-02-06 ({'yes': 66, 'no': 0, 'other': 9})
  [32m✓[0m  UT HB 230 (2026): vote tally matches on 2026-02-19 ({'yes': 28, 'no': 0, 'other': 1})
  [32m✓[0m  UT HB 230 (2026): vote tally matches on 2026-03-05 ({'yes': 28, 'no': 0, 'other': 1})
  [32m✓[0m  UT HB 230 (2026): sponsorship count matches (2)
  [32m✓[0m  UT HB 231 (2026): title matches
  [32m✓[0m  UT HB 231 (2026): latest_action matches
  [32m✓[0m  UT HB 231 (2026): vote event count matches (1)
  [32m✓[0m  UT HB 231 (2026): vote tally matches on 2026-03-03 ({'yes': 21, 'no': 52, 'other': 2})
  [32m✓[0m  UT HB 231 (2026): sponsorship count matches (2)
  [32m✓[0m  UT HB 232 (2026): title matches
  [32m✓[0m  UT HB 232 (2026): latest_action matches
  [32m✓[0m  UT HB 232 (2026): vote event count matches (0)
  [32m✓[0m  UT HB 232 (2026): sponsorship count matches (1)
  [32m✓[0m  UT HB 233 (2026): title matches
  [32m✓[0m  UT HB 233 (2026): latest_action matches
  [32m✓[0m  UT HB 233 (2026): vote event count matches (0)
  [32m✓[0m  UT HB 233 (2026): sponsorship count matches (1)
    ...75/500
  [32m✓[0m  UT HB 234 (2026): title matches
  [32m✓[0m  UT HB 234 (2026): latest_action matches
  [32m✓[0m  UT HB 234 (2026): vote event count matches (1)
  [32m✓[0m  UT HB 234 (2026): vote tally matches on 2026-02-11 ({'yes': 32, 'no': 42, 'other': 1})
  [32m✓[0m  UT HB 234 (2026): sponsorship count matches (2)
  [32m✓[0m  UT HB 237 (2026): title matches
  [32m✓[0m  UT HB 237 (2026): latest_action matches
  [32m✓[0m  UT HB 237 (2026): vote event count matches (0)
  [32m✓[0m  UT HB 237 (2026): sponsorship count matches (1)
  [32m✓[0m  UT HB 239 (2026): title matches
  [32m✓[0m  UT HB 239 (2026): latest_action matches
  [32m✓[0m  UT HB 239 (2026): vote event count matches (0)
  [32m✓[0m  UT HB 239 (2026): sponsorship count matches (1)
  [32m✓[0m  UT HB 240 (2026): title matches
  [32m✓[0m  UT HB 240 (2026): latest_action matches
  [32m✓[0m  UT HB 240 (2026): vote event count matches (2)
  [32m✓[0m  UT HB 240 (2026): vote tally matches on 2026-02-18 ({'yes': 47, 'no': 23, 'other': 5})
  [32m✓[0m  UT HB 240 (2026): vote tally matches on 2026-03-06 ({'yes': 17, 'no': 10, 'other': 2})
  [32m✓[0m  UT HB 240 (2026): sponsorship count matches (2)
  [32m✓[0m  UT HB 242 (2026): title matches
  [32m✓[0m  UT HB 242 (2026): latest_action matches
  [32m✓[0m  UT HB 242 (2026): vote event count matches (3)
  [32m✓[0m  UT HB 242 (2026): vote tally matches on 2026-02-04 ({'yes': 68, 'no': 0, 'other': 7})
  [32m✓[0m  UT HB 242 (2026): vote tally matches on 2026-03-07 ({'yes': 21, 'no': 7, 'other': 1})
  [32m✓[0m  UT HB 242 (2026): vote tally matches on 2026-03-07 ({'yes': 57, 'no': 12, 'other': 6})
  [32m✓[0m  UT HB 242 (2026): sponsorship count matches (2)
  [32m✓[0m  UT HB 246 (2026): title matches
  [32m✓[0m  UT HB 246 (2026): latest_action matches
  [32m✓[0m  UT HB 246 (2026): vote event count matches (2)
  [32m✓[0m  UT HB 246 (2026): vote tally matches on 2026-02-06 ({'yes': 69, 'no': 0, 'other': 6})
  [32m✓[0m  UT HB 246 (2026): vote tally matches on 2026-02-25 ({'yes': 27, 'no': 0, 'other': 2})
  [32m✓[0m  UT HB 246 (2026): sponsorship count matches (2)
  [32m✓[0m  UT HB 247 (2026): title matches
  [32m✓[0m  UT HB 247 (2026): latest_action matches
  [32m✓[0m  UT HB 247 (2026): vote event count matches (3)
  [32m✓[0m  UT HB 247 (2026): vote tally matches on 2026-02-17 ({'yes': 71, 'no': 0, 'other': 4})
  [32m✓[0m  UT HB 247 (2026): vote tally matches on 2026-03-06 ({'yes': 21, 'no': 0, 'other': 8})
  [32m✓[0m  UT HB 247 (2026): vote tally matches on 2026-03-06 ({'yes': 67, 'no': 0, 'other': 8})
  [32m✓[0m  UT HB 247 (2026): sponsorship count matches (2)
  [32m✓[0m  UT HB 248 (2026): title matches
  [32m✓[0m  UT HB 248 (2026): latest_action matches
  [32m✓[0m  UT HB 248 (2026): vote event count matches (4)
  [32m✓[0m  UT HB 248 (2026): vote tally matches on 2026-02-10 ({'yes': 66, 'no': 3, 'other': 6})
  [32m✓[0m  UT HB 248 (2026): vote tally matches on 2026-02-19 ({'yes': 24, 'no': 0, 'other': 5})
  [32m✓[0m  UT HB 248 (2026): vote tally matches on 2026-03-05 ({'yes': 65, 'no': 1, 'other': 9})
  [32m✓[0m  UT HB 248 (2026): vote tally matches on 2026-03-05 ({'yes': 24, 'no': 0, 'other': 5})
  [32m✓[0m  UT HB 248 (2026): sponsorship count matches (2)
  [32m✓[0m  UT HB 25 (2026): title matches
  [32m✓[0m  UT HB 25 (2026): latest_action matches
  [32m✓[0m  UT HB 25 (2026): vote event count matches (0)
  [32m✓[0m  UT HB 25 (2026): sponsorship count matches (2)
  [32m✓[0m  UT HB 251 (2026): title matches
  [32m✓[0m  UT HB 251 (2026): latest_action matches
  [32m✓[0m  UT HB 251 (2026): vote event count matches (3)
  [32m✓[0m  UT HB 251 (2026): vote tally matches on 2026-02-12 ({'yes': 68, 'no': 0, 'other': 7})
  [32m✓[0m  UT HB 251 (2026): vote tally matches on 2026-02-25 ({'yes': 24, 'no': 0, 'other': 5})
  [32m✓[0m  UT HB 251 (2026): vote tally matches on 2026-02-26 ({'yes': 19, 'no': 0, 'other': 10})
  [32m✓[0m  UT HB 251 (2026): sponsorship count matches (2)
  [32m✓[0m  UT HB 252 (2026): title matches
  [32m✓[0m  UT HB 252 (2026): latest_action matches
  [32m✓[0m  UT HB 252 (2026): vote event count matches (0)
  [32m✓[0m  UT HB 252 (2026): sponsorship count matches (1)
  [32m✓[0m  UT HB 259 (2026): title matches
  [32m✓[0m  UT HB 259 (2026): latest_action matches
  [32m✓[0m  UT HB 259 (2026): vote event count matches (3)
  [32m✓[0m  UT HB 259 (2026): vote tally matches on 2026-02-19 ({'yes': 61, 'no': 11, 'other': 3})
  [32m✓[0m  UT HB 259 (2026): vote tally matches on 2026-03-06 ({'yes': 56, 'no': 14, 'other': 5})
  [32m✓[0m  UT HB 259 (2026): vote tally matches on 2026-03-06 ({'yes': 22, 'no': 6, 'other': 1})
  [32m✓[0m  UT HB 259 (2026): sponsorship count matches (2)
  [32m✓[0m  UT HB 26 (2026): title matches
  [32m✓[0m  UT HB 26 (2026): latest_action matches
  [32m✓[0m  UT HB 26 (2026): vote event count matches (3)
  [32m✓[0m  UT HB 26 (2026): vote tally matches on 2026-01-20 ({'yes': 74, 'no': 1, 'other': 0})
  [32m✓[0m  UT HB 26 (2026): vote tally matches on 2026-02-04 ({'yes': 24, 'no': 0, 'other': 5})
  [32m✓[0m  UT HB 26 (2026): vote tally matches on 2026-02-05 ({'yes': 29, 'no': 0, 'other': 0})
  [32m✓[0m  UT HB 26 (2026): sponsorship count matches (2)
  [32m✓[0m  UT HB 265 (2026): title matches
  [32m✓[0m  UT HB 265 (2026): latest_action matches
  [32m✓[0m  UT HB 265 (2026): vote event count matches (3)
  [32m✓[0m  UT HB 265 (2026): vote tally matches on 2026-02-10 ({'yes': 72, 'no': 0, 'other': 3})
  [32m✓[0m  UT HB 265 (2026): vote tally matches on 2026-03-06 ({'yes': 27, 'no': 0, 'other': 2})
  [32m✓[0m  UT HB 265 (2026): vote tally matches on 2026-03-06 ({'yes': 64, 'no': 1, 'other': 10})
  [32m✓[0m  UT HB 265 (2026): sponsorship count matches (2)
  [32m✓[0m  UT HB 272 (2026): title matches
  [32m✓[0m  UT HB 272 (2026): latest_action matches
  [32m✓[0m  UT HB 272 (2026): vote event count matches (3)
  [32m✓[0m  UT HB 272 (2026): vote tally matches on 2026-02-05 ({'yes': 71, 'no': 0, 'other': 4})
  [32m✓[0m  UT HB 272 (2026): vote tally matches on 2026-02-18 ({'yes': 27, 'no': 0, 'other': 2})
  [32m✓[0m  UT HB 272 (2026): vote tally matches on 2026-02-19 ({'yes': 26, 'no': 0, 'other': 3})
  [32m✓[0m  UT HB 272 (2026): sponsorship count matches (2)
  [32m✓[0m  UT HB 273 (2026): title matches
  [32m✓[0m  UT HB 273 (2026): latest_action matches
  [32m✓[0m  UT HB 273 (2026): vote event count matches (3)
  [32m✓[0m  UT HB 273 (2026): vote tally matches on 2026-02-18 ({'yes': 68, 'no': 1, 'other': 6})
  [32m✓[0m  UT HB 273 (2026): vote tally matches on 2026-03-05 ({'yes': 17, 'no': 9, 'other': 3})
  [32m✓[0m  UT HB 273 (2026): vote tally matches on 2026-03-05 ({'yes': 62, 'no': 6, 'other': 7})
  [32m✓[0m  UT HB 273 (2026): sponsorship count matches (2)
  [32m✓[0m  UT HB 275 (2026): title matches
  [32m✓[0m  UT HB 275 (2026): latest_action matches
  [32m✓[0m  UT HB 275 (2026): vote event count matches (0)
  [32m✓[0m  UT HB 275 (2026): sponsorship count matches (1)
  [32m✓[0m  UT HB 276 (2026): title matches
  [32m✓[0m  UT HB 276 (2026): latest_action matches
  [32m✓[0m  UT HB 276 (2026): vote event count matches (3)
  [32m✓[0m  UT HB 276 (2026): vote tally matches on 2026-02-20 ({'yes': 66, 'no': 0, 'other': 9})
  [32m✓[0m  UT HB 276 (2026): vote tally matches on 2026-03-05 ({'yes': 23, 'no': 3, 'other': 3})
  [32m✓[0m  UT HB 276 (2026): vote tally matches on 2026-03-05 ({'yes': 66, 'no': 0, 'other': 9})
  [32m✓[0m  UT HB 276 (2026): sponsorship count matches (2)
  [32m✓[0m  UT HB 278 (2026): title matches
  [32m✓[0m  UT HB 278 (2026): latest_action matches
  [32m✓[0m  UT HB 278 (2026): vote event count matches (0)
  [32m✓[0m  UT HB 278 (2026): sponsorship count matches (1)
  [32m✓[0m  UT HB 28 (2026): title matches
  [32m✓[0m  UT HB 28 (2026): latest_action matches
  [32m✓[0m  UT HB 28 (2026): vote event count matches (2)
  [32m✓[0m  UT HB 28 (2026): vote tally matches on 2026-01-20 ({'yes': 73, 'no': 1, 'other': 1})
  [32m✓[0m  UT HB 28 (2026): vote tally matches on 2026-02-05 ({'yes': 27, 'no': 0, 'other': 2})
  [32m✓[0m  UT HB 28 (2026): sponsorship count matches (2)
  [32m✓[0m  UT HB 280 (2026): title matches
  [32m✓[0m  UT HB 280 (2026): latest_action matches
  [32m✓[0m  UT HB 280 (2026): vote event count matches (2)
  [32m✓[0m  UT HB 280 (2026): vote tally matches on 2026-02-24 ({'yes': 67, 'no': 1, 'other': 7})
  [32m✓[0m  UT HB 280 (2026): vote tally matches on 2026-03-05 ({'yes': 25, 'no': 0, 'other': 4})
  [32m✓[0m  UT HB 280 (2026): sponsorship count matches (2)
  [32m✓[0m  UT HB 281 (2026): title matches
  [32m✓[0m  UT HB 281 (2026): latest_action matches
  [32m✓[0m  UT HB 281 (2026): vote event count matches (0)
  [32m✓[0m  UT HB 281 (2026): sponsorship count matches (1)
  [32m✓[0m  UT HB 283 (2026): title matches
  [32m✓[0m  UT HB 283 (2026): latest_action matches
  [32m✓[0m  UT HB 283 (2026): vote event count matches (0)
  [32m✓[0m  UT HB 283 (2026): sponsorship count matches (1)
  [32m✓[0m  UT HB 284 (2026): title matches
  [32m✓[0m  UT HB 284 (2026): latest_action matches
  [32m✓[0m  UT HB 284 (2026): vote event count matches (2)
  [32m✓[0m  UT HB 284 (2026): vote tally matches on 2026-02-19 ({'yes': 57, 'no': 0, 'other': 18})
  [32m✓[0m  UT HB 284 (2026): vote tally matches on 2026-03-03 ({'yes': 27, 'no': 1, 'other': 1})
  [32m✓[0m  UT HB 284 (2026): sponsorship count matches (2)
  [32m✓[0m  UT HB 287 (2026): title matches
  [32m✓[0m  UT HB 287 (2026): latest_action matches
  [32m✓[0m  UT HB 287 (2026): vote event count matches (0)
  [32m✓[0m  UT HB 287 (2026): sponsorship count matches (1)
    ...100/500
  [32m✓[0m  UT HB 288 (2026): title matches
  [32m✓[0m  UT HB 288 (2026): latest_action matches
  [32m✓[0m  UT HB 288 (2026): vote event count matches (1)
  [32m✓[0m  UT HB 288 (2026): vote tally matches on 2026-02-09 ({'yes': 39, 'no': 32, 'other': 4})
  [32m✓[0m  UT HB 288 (2026): sponsorship count matches (2)
  [32m✓[0m  UT HB 289 (2026): title matches
  [32m✓[0m  UT HB 289 (2026): latest_action matches
  [32m✓[0m  UT HB 289 (2026): vote event count matches (2)
  [32m✓[0m  UT HB 289 (2026): vote tally matches on 2026-02-17 ({'yes': 71, 'no': 0, 'other': 4})
  [32m✓[0m  UT HB 289 (2026): vote tally matches on 2026-03-06 ({'yes': 25, 'no': 0, 'other': 4})
  [32m✓[0m  UT HB 289 (2026): sponsorship count matches (2)
  [32m✓[0m  UT HB 292 (2026): title matches
  [32m✓[0m  UT HB 292 (2026): latest_action matches
  [32m✓[0m  UT HB 292 (2026): vote event count matches (0)
  [32m✓[0m  UT HB 292 (2026): sponsorship count matches (2)
  [32m✓[0m  UT HB 294 (2026): title matches
  [32m✓[0m  UT HB 294 (2026): latest_action matches
  [32m✓[0m  UT HB 294 (2026): vote event count matches (1)
  [32m✓[0m  UT HB 294 (2026): vote tally matches on 2026-02-24 ({'yes': 55, 'no': 14, 'other': 6})
  [32m✓[0m  UT HB 294 (2026): sponsorship count matches (2)
  [32m✓[0m  UT HB 295 (2026): title matches
  [32m✓[0m  UT HB 295 (2026): latest_action matches
  [32m✓[0m  UT HB 295 (2026): vote event count matches (1)
  [32m✓[0m  UT HB 295 (2026): vote tally matches on 2026-02-27 ({'yes': 59, 'no': 2, 'other': 14})
  [32m✓[0m  UT HB 295 (2026): sponsorship count matches (2)
  [32m✓[0m  UT HB 296 (2026): title matches
  [32m✓[0m  UT HB 296 (2026): latest_action matches
  [32m✓[0m  UT HB 296 (2026): vote event count matches (3)
  [32m✓[0m  UT HB 296 (2026): vote tally matches on 2026-02-06 ({'yes': 48, 'no': 19, 'other': 8})
  [32m✓[0m  UT HB 296 (2026): vote tally matches on 2026-02-19 ({'yes': 23, 'no': 2, 'other': 4})
  [32m✓[0m  UT HB 296 (2026): vote tally matches on 2026-02-20 ({'yes': 25, 'no': 2, 'other': 2})
  [32m✓[0m  UT HB 296 (2026): sponsorship count matches (2)
  [32m✓[0m  UT HB 297 (2026): title matches
  [32m✓[0m  UT HB 297 (2026): latest_action matches
  [32m✓[0m  UT HB 297 (2026): vote event count matches (0)
  [32m✓[0m  UT HB 297 (2026): sponsorship count matches (1)
  [32m✓[0m  UT HB 299 (2026): title matches
  [32m✓[0m  UT HB 299 (2026): latest_action matches
  [32m✓[0m  UT HB 299 (2026): vote event count matches (3)
  [32m✓[0m  UT HB 299 (2026): vote tally matches on 2026-02-09 ({'yes': 66, 'no': 2, 'other': 7})
  [32m✓[0m  UT HB 299 (2026): vote tally matches on 2026-02-19 ({'yes': 27, 'no': 0, 'other': 2})
  [32m✓[0m  UT HB 299 (2026): vote tally matches on 2026-02-20 ({'yes': 24, 'no': 0, 'other': 5})
  [32m✓[0m  UT HB 299 (2026): sponsorship count matches (2)
  [32m✓[0m  UT HB 301 (2026): title matches
  [32m✓[0m  UT HB 301 (2026): latest_action matches
  [32m✓[0m  UT HB 301 (2026): vote event count matches (2)
  [32m✓[0m  UT HB 301 (2026): vote tally matches on 2026-02-19 ({'yes': 58, 'no': 1, 'other': 16})
  [32m✓[0m  UT HB 301 (2026): vote tally matches on 2026-03-03 ({'yes': 28, 'no': 0, 'other': 1})
  [32m✓[0m  UT HB 301 (2026): sponsorship count matches (2)
  [32m✓[0m  UT HB 302 (2026): title matches
  [32m✓[0m  UT HB 302 (2026): latest_action matches
  [32m✓[0m  UT HB 302 (2026): vote event count matches (1)
  [32m✓[0m  UT HB 302 (2026): vote tally matches on 2026-02-23 ({'yes': 57, 'no': 12, 'other': 6})
  [32m✓[0m  UT HB 302 (2026): sponsorship count matches (2)
  [32m✓[0m  UT HB 309 (2026): title matches
  [32m✓[0m  UT HB 309 (2026): latest_action matches
  [32m✓[0m  UT HB 309 (2026): vote event count matches (3)
  [32m✓[0m  UT HB 309 (2026): vote tally matches on 2026-02-10 ({'yes': 71, 'no': 0, 'other': 4})
  [32m✓[0m  UT HB 309 (2026): vote tally matches on 2026-02-26 ({'yes': 24, 'no': 0, 'other': 5})
  [32m✓[0m  UT HB 309 (2026): vote tally matches on 2026-02-27 ({'yes': 23, 'no': 3, 'other': 3})
  [32m✓[0m  UT HB 309 (2026): sponsorship count matches (2)
  [32m✓[0m  UT HB 31 (2026): title matches
  [32m✓[0m  UT HB 31 (2026): latest_action matches
  [32m✓[0m  UT HB 31 (2026): vote event count matches (0)
  [32m✓[0m  UT HB 31 (2026): sponsorship count matches (1)
  [32m✓[0m  UT HB 311 (2026): title matches
  [32m✓[0m  UT HB 311 (2026): latest_action matches
  [32m✓[0m  UT HB 311 (2026): vote event count matches (3)
  [32m✓[0m  UT HB 311 (2026): vote tally matches on 2026-02-09 ({'yes': 68, 'no': 1, 'other': 6})
  [32m✓[0m  UT HB 311 (2026): vote tally matches on 2026-03-06 ({'yes': 22, 'no': 5, 'other': 2})
  [32m✓[0m  UT HB 311 (2026): vote tally matches on 2026-03-06 ({'yes': 60, 'no': 12, 'other': 3})
  [32m✓[0m  UT HB 311 (2026): sponsorship count matches (2)
  [32m✓[0m  UT HB 312 (2026): title matches
  [32m✓[0m  UT HB 312 (2026): latest_action matches
  [32m✓[0m  UT HB 312 (2026): vote event count matches (4)
  [32m✓[0m  UT HB 312 (2026): vote tally matches on 2026-02-21 ({'yes': 51, 'no': 17, 'other': 7})
  [32m✓[0m  UT HB 312 (2026): vote tally matches on 2026-03-05 ({'yes': 20, 'no': 8, 'other': 1})
  [32m✓[0m  UT HB 312 (2026): vote tally matches on 2026-03-06 ({'yes': 19, 'no': 5, 'other': 5})
  [32m✓[0m  UT HB 312 (2026): vote tally matches on 2026-03-06 ({'yes': 65, 'no': 3, 'other': 7})
  [32m✓[0m  UT HB 312 (2026): sponsorship count matches (2)
  [32m✓[0m  UT HB 314 (2026): title matches
  [32m✓[0m  UT HB 314 (2026): latest_action matches
  [32m✓[0m  UT HB 314 (2026): vote event count matches (3)
  [32m✓[0m  UT HB 314 (2026): vote tally matches on 2026-02-10 ({'yes': 64, 'no': 4, 'other': 7})
  [32m✓[0m  UT HB 314 (2026): vote tally matches on 2026-02-19 ({'yes': 21, 'no': 5, 'other': 3})
  [32m✓[0m  UT HB 314 (2026): vote tally matches on 2026-02-20 ({'yes': 18, 'no': 6, 'other': 5})
  [32m✓[0m  UT HB 314 (2026): sponsorship count matches (2)
  [32m✓[0m  UT HB 315 (2026): title matches
  [32m✓[0m  UT HB 315 (2026): latest_action matches
  [32m✓[0m  UT HB 315 (2026): vote event count matches (1)
  [32m✓[0m  UT HB 315 (2026): vote tally matches on 2026-03-02 ({'yes': 40, 'no': 28, 'other': 7})
  [32m✓[0m  UT HB 315 (2026): sponsorship count matches (2)
  [32m✓[0m  UT HB 316 (2026): title matches
  [32m✓[0m  UT HB 316 (2026): latest_action matches
  [32m✓[0m  UT HB 316 (2026): vote event count matches (0)
  [32m✓[0m  UT HB 316 (2026): sponsorship count matches (1)
  [32m✓[0m  UT HB 317 (2026): title matches
  [32m✓[0m  UT HB 317 (2026): latest_action matches
  [32m✓[0m  UT HB 317 (2026): vote event count matches (0)
  [32m✓[0m  UT HB 317 (2026): sponsorship count matches (1)
  [32m✓[0m  UT HB 318 (2026): title matches
  [32m✓[0m  UT HB 318 (2026): latest_action matches
  [32m✓[0m  UT HB 318 (2026): vote event count matches (3)
  [32m✓[0m  UT HB 318 (2026): vote tally matches on 2026-02-17 ({'yes': 70, 'no': 0, 'other': 5})
  [32m✓[0m  UT HB 318 (2026): vote tally matches on 2026-02-26 ({'yes': 21, 'no': 0, 'other': 8})
  [32m✓[0m  UT HB 318 (2026): vote tally matches on 2026-03-04 ({'yes': 27, 'no': 0, 'other': 2})
  [32m✓[0m  UT HB 318 (2026): sponsorship count matches (2)
  [32m✓[0m  UT HB 320 (2026): title matches
  [32m✓[0m  UT HB 320 (2026): latest_action matches
  [32m✓[0m  UT HB 320 (2026): vote event count matches (3)
  [32m✓[0m  UT HB 320 (2026): vote tally matches on 2026-02-17 ({'yes': 69, 'no': 0, 'other': 6})
  [32m✓[0m  UT HB 320 (2026): vote tally matches on 2026-02-26 ({'yes': 26, 'no': 0, 'other': 3})
  [32m✓[0m  UT HB 320 (2026): vote tally matches on 2026-02-27 ({'yes': 28, 'no': 0, 'other': 1})
  [32m✓[0m  UT HB 320 (2026): sponsorship count matches (2)
  [32m✓[0m  UT HB 323 (2026): title matches
  [32m✓[0m  UT HB 323 (2026): latest_action matches
  [32m✓[0m  UT HB 323 (2026): vote event count matches (2)
  [32m✓[0m  UT HB 323 (2026): vote tally matches on 2026-02-25 ({'yes': 63, 'no': 2, 'other': 10})
  [32m✓[0m  UT HB 323 (2026): vote tally matches on 2026-03-05 ({'yes': 24, 'no': 3, 'other': 2})
  [32m✓[0m  UT HB 323 (2026): sponsorship count matches (2)
  [32m✓[0m  UT HB 325 (2026): title matches
  [32m✓[0m  UT HB 325 (2026): latest_action matches
  [32m✓[0m  UT HB 325 (2026): vote event count matches (2)
  [32m✓[0m  UT HB 325 (2026): vote tally matches on 2026-02-13 ({'yes': 69, 'no': 0, 'other': 6})
  [32m✓[0m  UT HB 325 (2026): vote tally matches on 2026-03-07 ({'yes': 21, 'no': 2, 'other': 6})
  [32m✓[0m  UT HB 325 (2026): sponsorship count matches (2)
  [32m✓[0m  UT HB 327 (2026): title matches
  [32m✓[0m  UT HB 327 (2026): latest_action matches
  [32m✓[0m  UT HB 327 (2026): vote event count matches (0)
  [32m✓[0m  UT HB 327 (2026): sponsorship count matches (1)
  [32m✓[0m  UT HB 328 (2026): title matches
  [32m✓[0m  UT HB 328 (2026): latest_action matches
  [32m✓[0m  UT HB 328 (2026): vote event count matches (1)
  [32m✓[0m  UT HB 328 (2026): vote tally matches on 2026-02-18 ({'yes': 39, 'no': 29, 'other': 7})
  [32m✓[0m  UT HB 328 (2026): sponsorship count matches (2)
  [32m✓[0m  UT HB 329 (2026): title matches
  [32m✓[0m  UT HB 329 (2026): latest_action matches
  [32m✓[0m  UT HB 329 (2026): vote event count matches (2)
  [32m✓[0m  UT HB 329 (2026): vote tally matches on 2026-02-17 ({'yes': 53, 'no': 18, 'other': 4})
  [32m✓[0m  UT HB 329 (2026): vote tally matches on 2026-03-05 ({'yes': 25, 'no': 2, 'other': 2})
  [32m✓[0m  UT HB 329 (2026): sponsorship count matches (2)
    ...125/500
  [32m✓[0m  UT HB 331 (2026): title matches
  [32m✓[0m  UT HB 331 (2026): latest_action matches
  [32m✓[0m  UT HB 331 (2026): vote event count matches (2)
  [32m✓[0m  UT HB 331 (2026): vote tally matches on 2026-02-25 ({'yes': 62, 'no': 0, 'other': 13})
  [32m✓[0m  UT HB 331 (2026): vote tally matches on 2026-03-05 ({'yes': 21, 'no': 6, 'other': 2})
  [32m✓[0m  UT HB 331 (2026): sponsorship count matches (2)
  [32m✓[0m  UT HB 332 (2026): title matches
  [32m✓[0m  UT HB 332 (2026): latest_action matches
  [32m✓[0m  UT HB 332 (2026): vote event count matches (0)
  [32m✓[0m  UT HB 332 (2026): sponsorship count matches (1)
  [32m✓[0m  UT HB 333 (2026): title matches
  [32m✓[0m  UT HB 333 (2026): latest_action matches
  [32m✓[0m  UT HB 333 (2026): vote event count matches (2)
  [32m✓[0m  UT HB 333 (2026): vote tally matches on 2026-02-20 ({'yes': 72, 'no': 0, 'other': 3})
  [32m✓[0m  UT HB 333 (2026): vote tally matches on 2026-03-03 ({'yes': 27, 'no': 0, 'other': 2})
  [32m✓[0m  UT HB 333 (2026): sponsorship count matches (2)
  [32m✓[0m  UT HB 334 (2026): title matches
  [32m✓[0m  UT HB 334 (2026): latest_action matches
  [32m✓[0m  UT HB 334 (2026): vote event count matches (2)
  [32m✓[0m  UT HB 334 (2026): vote tally matches on 2026-02-27 ({'yes': 61, 'no': 6, 'other': 8})
  [32m✓[0m  UT HB 334 (2026): vote tally matches on 2026-03-07 ({'yes': 8, 'no': 20, 'other': 1})
  [32m✓[0m  UT HB 334 (2026): sponsorship count matches (2)
  [32m✓[0m  UT HB 337 (2026): title matches
  [32m✓[0m  UT HB 337 (2026): latest_action matches
  [32m✓[0m  UT HB 337 (2026): vote event count matches (4)
  [32m✓[0m  UT HB 337 (2026): vote tally matches on 2026-02-23 ({'yes': 47, 'no': 20, 'other': 8})
  [32m✓[0m  UT HB 337 (2026): vote tally matches on 2026-03-05 ({'yes': 26, 'no': 0, 'other': 3})
  [32m✓[0m  UT HB 337 (2026): vote tally matches on 2026-03-06 ({'yes': 27, 'no': 0, 'other': 2})
  [32m✓[0m  UT HB 337 (2026): vote tally matches on 2026-03-06 ({'yes': 51, 'no': 19, 'other': 5})
  [32m✓[0m  UT HB 337 (2026): sponsorship count matches (2)
  [32m✓[0m  UT HB 341 (2026): title matches
  [32m✓[0m  UT HB 341 (2026): latest_action matches
  [32m✓[0m  UT HB 341 (2026): vote event count matches (1)
  [32m✓[0m  UT HB 341 (2026): vote tally matches on 2026-02-26 ({'yes': 64, 'no': 8, 'other': 3})
  [32m✓[0m  UT HB 341 (2026): sponsorship count matches (2)
  [32m✓[0m  UT HB 35 (2026): title matches
  [32m✓[0m  UT HB 35 (2026): latest_action matches
  [32m✓[0m  UT HB 35 (2026): vote event count matches (2)
  [32m✓[0m  UT HB 35 (2026): vote tally matches on 2026-01-20 ({'yes': 72, 'no': 0, 'other': 3})
  [32m✓[0m  UT HB 35 (2026): vote tally matches on 2026-02-04 ({'yes': 23, 'no': 0, 'other': 6})
  [32m✓[0m  UT HB 35 (2026): sponsorship count matches (2)
  [32m✓[0m  UT HB 351 (2026): title matches
  [32m✓[0m  UT HB 351 (2026): latest_action matches
  [32m✓[0m  UT HB 351 (2026): vote event count matches (2)
  [32m✓[0m  UT HB 351 (2026): vote tally matches on 2026-02-10 ({'yes': 69, 'no': 1, 'other': 5})
  [32m✓[0m  UT HB 351 (2026): vote tally matches on 2026-02-23 ({'yes': 21, 'no': 0, 'other': 8})
  [32m✓[0m  UT HB 351 (2026): sponsorship count matches (2)
  [32m✓[0m  UT HB 353 (2026): title matches
  [32m✓[0m  UT HB 353 (2026): latest_action matches
  [32m✓[0m  UT HB 353 (2026): vote event count matches (3)
  [32m✓[0m  UT HB 353 (2026): vote tally matches on 2026-02-09 ({'yes': 72, 'no': 0, 'other': 3})
  [32m✓[0m  UT HB 353 (2026): vote tally matches on 2026-02-26 ({'yes': 27, 'no': 0, 'other': 2})
  [32m✓[0m  UT HB 353 (2026): vote tally matches on 2026-02-27 ({'yes': 23, 'no': 1, 'other': 5})
  [32m✓[0m  UT HB 353 (2026): sponsorship count matches (2)
  [32m✓[0m  UT HB 356 (2026): title matches
  [32m✓[0m  UT HB 356 (2026): latest_action matches
  [32m✓[0m  UT HB 356 (2026): vote event count matches (3)
  [32m✓[0m  UT HB 356 (2026): vote tally matches on 2026-02-04 ({'yes': 70, 'no': 0, 'other': 5})
  [32m✓[0m  UT HB 356 (2026): vote tally matches on 2026-02-18 ({'yes': 21, 'no': 0, 'other': 8})
  [32m✓[0m  UT HB 356 (2026): vote tally matches on 2026-02-19 ({'yes': 25, 'no': 0, 'other': 4})
  [32m✓[0m  UT HB 356 (2026): sponsorship count matches (2)
  [32m✓[0m  UT HB 357 (2026): title matches
  [32m✓[0m  UT HB 357 (2026): latest_action matches
  [32m✓[0m  UT HB 357 (2026): vote event count matches (3)
  [32m✓[0m  UT HB 357 (2026): vote tally matches on 2026-02-19 ({'yes': 65, 'no': 1, 'other': 9})
  [32m✓[0m  UT HB 357 (2026): vote tally matches on 2026-03-07 ({'yes': 57, 'no': 0, 'other': 18})
  [32m✓[0m  UT HB 357 (2026): vote tally matches on 2026-03-07 ({'yes': 19, 'no': 10, 'other': 0})
  [32m✓[0m  UT HB 357 (2026): sponsorship count matches (2)
  [32m✓[0m  UT HB 36 (2026): title matches
  [32m✓[0m  UT HB 36 (2026): latest_action matches
  [32m✓[0m  UT HB 36 (2026): vote event count matches (2)
  [32m✓[0m  UT HB 36 (2026): vote tally matches on 2026-02-20 ({'yes': 71, 'no': 1, 'other': 3})
  [32m✓[0m  UT HB 36 (2026): vote tally matches on 2026-03-04 ({'yes': 26, 'no': 0, 'other': 3})
  [32m✓[0m  UT HB 36 (2026): sponsorship count matches (2)
  [32m✓[0m  UT HB 360 (2026): title matches
  [32m✓[0m  UT HB 360 (2026): latest_action matches
  [32m✓[0m  UT HB 360 (2026): vote event count matches (0)
  [32m✓[0m  UT HB 360 (2026): sponsorship count matches (1)
  [32m✓[0m  UT HB 361 (2026): title matches
  [32m✓[0m  UT HB 361 (2026): latest_action matches
  [32m✓[0m  UT HB 361 (2026): vote event count matches (3)
  [32m✓[0m  UT HB 361 (2026): vote tally matches on 2026-02-27 ({'yes': 67, 'no': 0, 'other': 8})
  [32m✓[0m  UT HB 361 (2026): vote tally matches on 2026-03-06 ({'yes': 63, 'no': 1, 'other': 11})
  [32m✓[0m  UT HB 361 (2026): vote tally matches on 2026-03-06 ({'yes': 27, 'no': 0, 'other': 2})
  [32m✓[0m  UT HB 361 (2026): sponsorship count matches (2)
  [32m✓[0m  UT HB 362 (2026): title matches
  [32m✓[0m  UT HB 362 (2026): latest_action matches
  [32m✓[0m  UT HB 362 (2026): vote event count matches (1)
  [32m✓[0m  UT HB 362 (2026): vote tally matches on 2026-02-23 ({'yes': 56, 'no': 11, 'other': 8})
  [32m✓[0m  UT HB 362 (2026): sponsorship count matches (2)
  [32m✓[0m  UT HB 364 (2026): title matches
  [32m✓[0m  UT HB 364 (2026): latest_action matches
  [32m✓[0m  UT HB 364 (2026): vote event count matches (0)
  [32m✓[0m  UT HB 364 (2026): sponsorship count matches (1)
  [32m✓[0m  UT HB 365 (2026): title matches
  [32m✓[0m  UT HB 365 (2026): latest_action matches
  [32m✓[0m  UT HB 365 (2026): vote event count matches (1)
  [32m✓[0m  UT HB 365 (2026): vote tally matches on 2026-02-25 ({'yes': 67, 'no': 2, 'other': 6})
  [32m✓[0m  UT HB 365 (2026): sponsorship count matches (2)
  [32m✓[0m  UT HB 369 (2026): title matches
  [32m✓[0m  UT HB 369 (2026): latest_action matches
  [32m✓[0m  UT HB 369 (2026): vote event count matches (3)
  [32m✓[0m  UT HB 369 (2026): vote tally matches on 2026-02-12 ({'yes': 65, 'no': 1, 'other': 9})
  [32m✓[0m  UT HB 369 (2026): vote tally matches on 2026-02-25 ({'yes': 26, 'no': 0, 'other': 3})
  [32m✓[0m  UT HB 369 (2026): vote tally matches on 2026-02-26 ({'yes': 19, 'no': 0, 'other': 10})
  [32m✓[0m  UT HB 369 (2026): sponsorship count matches (2)
  [32m✓[0m  UT HB 37 (2026): title matches
  [32m✓[0m  UT HB 37 (2026): latest_action matches
  [32m✓[0m  UT HB 37 (2026): vote event count matches (4)
  [32m✓[0m  UT HB 37 (2026): vote tally matches on 2026-02-03 ({'yes': 69, 'no': 1, 'other': 5})
  [32m✓[0m  UT HB 37 (2026): vote tally matches on 2026-02-18 ({'yes': 19, 'no': 2, 'other': 8})
  [32m✓[0m  UT HB 37 (2026): vote tally matches on 2026-02-19 ({'yes': 24, 'no': 1, 'other': 4})
  [32m✓[0m  UT HB 37 (2026): vote tally matches on 2026-02-20 ({'yes': 69, 'no': 1, 'other': 5})
  [32m✓[0m  UT HB 37 (2026): sponsorship count matches (2)
  [32m✓[0m  UT HB 371 (2026): title matches
  [32m✓[0m  UT HB 371 (2026): latest_action matches
  [32m✓[0m  UT HB 371 (2026): vote event count matches (0)
  [32m✓[0m  UT HB 371 (2026): sponsorship count matches (1)
  [32m✓[0m  UT HB 372 (2026): title matches
  [32m✓[0m  UT HB 372 (2026): latest_action matches
  [32m✓[0m  UT HB 372 (2026): vote event count matches (2)
  [32m✓[0m  UT HB 372 (2026): vote tally matches on 2026-02-23 ({'yes': 68, 'no': 0, 'other': 7})
  [32m✓[0m  UT HB 372 (2026): vote tally matches on 2026-03-05 ({'yes': 25, 'no': 0, 'other': 4})
  [32m✓[0m  UT HB 372 (2026): sponsorship count matches (2)
  [32m✓[0m  UT HB 376 (2026): title matches
  [32m✓[0m  UT HB 376 (2026): latest_action matches
  [32m✓[0m  UT HB 376 (2026): vote event count matches (3)
  [32m✓[0m  UT HB 376 (2026): vote tally matches on 2026-02-12 ({'yes': 68, 'no': 1, 'other': 6})
  [32m✓[0m  UT HB 376 (2026): vote tally matches on 2026-03-04 ({'yes': 27, 'no': 0, 'other': 2})
  [32m✓[0m  UT HB 376 (2026): vote tally matches on 2026-03-05 ({'yes': 70, 'no': 1, 'other': 4})
  [32m✓[0m  UT HB 376 (2026): sponsorship count matches (2)
  [32m✓[0m  UT HB 377 (2026): title matches
  [32m✓[0m  UT HB 377 (2026): latest_action matches
  [32m✓[0m  UT HB 377 (2026): vote event count matches (3)
  [32m✓[0m  UT HB 377 (2026): vote tally matches on 2026-02-23 ({'yes': 67, 'no': 1, 'other': 7})
  [32m✓[0m  UT HB 377 (2026): vote tally matches on 2026-03-07 ({'yes': 25, 'no': 0, 'other': 4})
  [32m✓[0m  UT HB 377 (2026): vote tally matches on 2026-03-07 ({'yes': 53, 'no': 13, 'other': 9})
  [32m✓[0m  UT HB 377 (2026): sponsorship count matches (2)
  [32m✓[0m  UT HB 379 (2026): title matches
  [32m✓[0m  UT HB 379 (2026): latest_action matches
  [32m✓[0m  UT HB 379 (2026): vote event count matches (2)
  [32m✓[0m  UT HB 379 (2026): vote tally matches on 2026-02-27 ({'yes': 66, 'no': 1, 'other': 8})
  [32m✓[0m  UT HB 379 (2026): vote tally matches on 2026-03-07 ({'yes': 23, 'no': 3, 'other': 3})
  [32m✓[0m  UT HB 379 (2026): sponsorship count matches (2)
  [32m✓[0m  UT HB 380 (2026): title matches
  [32m✓[0m  UT HB 380 (2026): latest_action matches
  [32m✓[0m  UT HB 380 (2026): vote event count matches (4)
  [32m✓[0m  UT HB 380 (2026): vote tally matches on 2026-02-18 ({'yes': 68, 'no': 1, 'other': 6})
  [32m✓[0m  UT HB 380 (2026): vote tally matches on 2026-02-26 ({'yes': 26, 'no': 0, 'other': 3})
  [32m✓[0m  UT HB 380 (2026): vote tally matches on 2026-02-27 ({'yes': 23, 'no': 1, 'other': 5})
  [32m✓[0m  UT HB 380 (2026): vote tally matches on 2026-03-02 ({'yes': 67, 'no': 1, 'other': 7})
  [32m✓[0m  UT HB 380 (2026): sponsorship count matches (2)
    ...150/500
  [32m✓[0m  UT HB 383 (2026): title matches
  [32m✓[0m  UT HB 383 (2026): latest_action matches
  [32m✓[0m  UT HB 383 (2026): vote event count matches (3)
  [32m✓[0m  UT HB 383 (2026): vote tally matches on 2026-02-17 ({'yes': 69, 'no': 0, 'other': 6})
  [32m✓[0m  UT HB 383 (2026): vote tally matches on 2026-02-26 ({'yes': 24, 'no': 0, 'other': 5})
  [32m✓[0m  UT HB 383 (2026): vote tally matches on 2026-02-27 ({'yes': 25, 'no': 0, 'other': 4})
  [32m✓[0m  UT HB 383 (2026): sponsorship count matches (2)
  [32m✓[0m  UT HB 384 (2026): title matches
  [32m✓[0m  UT HB 384 (2026): latest_action matches
  [32m✓[0m  UT HB 384 (2026): vote event count matches (3)
  [32m✓[0m  UT HB 384 (2026): vote tally matches on 2026-02-17 ({'yes': 69, 'no': 0, 'other': 6})
  [32m✓[0m  UT HB 384 (2026): vote tally matches on 2026-02-26 ({'yes': 18, 'no': 0, 'other': 11})
  [32m✓[0m  UT HB 384 (2026): vote tally matches on 2026-02-27 ({'yes': 27, 'no': 0, 'other': 2})
  [32m✓[0m  UT HB 384 (2026): sponsorship count matches (2)
  [32m✓[0m  UT HB 386 (2026): title matches
  [32m✓[0m  UT HB 386 (2026): latest_action matches
  [32m✓[0m  UT HB 386 (2026): vote event count matches (2)
  [32m✓[0m  UT HB 386 (2026): vote tally matches on 2026-02-27 ({'yes': 40, 'no': 31, 'other': 4})
  [32m✓[0m  UT HB 386 (2026): vote tally matches on 2026-02-27 ({'yes': 39, 'no': 33, 'other': 3})
  [32m✓[0m  UT HB 386 (2026): sponsorship count matches (1)
  [32m✓[0m  UT HB 388 (2026): title matches
  [32m✓[0m  UT HB 388 (2026): latest_action matches
  [32m✓[0m  UT HB 388 (2026): vote event count matches (1)
  [32m✓[0m  UT HB 388 (2026): vote tally matches on 2026-02-18 ({'yes': 67, 'no': 1, 'other': 7})
  [32m✓[0m  UT HB 388 (2026): sponsorship count matches (2)
  [32m✓[0m  UT HB 39 (2026): title matches
  [32m✓[0m  UT HB 39 (2026): latest_action matches
  [32m✓[0m  UT HB 39 (2026): vote event count matches (2)
  [32m✓[0m  UT HB 39 (2026): vote tally matches on 2026-01-20 ({'yes': 69, 'no': 1, 'other': 5})
  [32m✓[0m  UT HB 39 (2026): vote tally matches on 2026-02-04 ({'yes': 26, 'no': 0, 'other': 3})
  [32m✓[0m  UT HB 39 (2026): sponsorship count matches (2)
  [32m✓[0m  UT HB 390 (2026): title matches
  [32m✓[0m  UT HB 390 (2026): latest_action matches
  [32m✓[0m  UT HB 390 (2026): vote event count matches (3)
  [32m✓[0m  UT HB 390 (2026): vote tally matches on 2026-02-18 ({'yes': 68, 'no': 2, 'other': 5})
  [32m✓[0m  UT HB 390 (2026): vote tally matches on 2026-02-27 ({'yes': 29, 'no': 0, 'other': 0})
  [32m✓[0m  UT HB 390 (2026): vote tally matches on 2026-03-04 ({'yes': 27, 'no': 0, 'other': 2})
  [32m✓[0m  UT HB 390 (2026): sponsorship count matches (2)
  [32m✓[0m  UT HB 391 (2026): title matches
  [32m✓[0m  UT HB 391 (2026): latest_action matches
  [32m✓[0m  UT HB 391 (2026): vote event count matches (1)
  [32m✓[0m  UT HB 391 (2026): vote tally matches on 2026-02-17 ({'yes': 55, 'no': 13, 'other': 7})
  [32m✓[0m  UT HB 391 (2026): sponsorship count matches (2)
  [32m✓[0m  UT HB 392 (2026): title matches
  [32m✓[0m  UT HB 392 (2026): latest_action matches
  [32m✓[0m  UT HB 392 (2026): vote event count matches (4)
  [32m✓[0m  UT HB 392 (2026): vote tally matches on 2026-02-04 ({'yes': 56, 'no': 15, 'other': 4})
  [32m✓[0m  UT HB 392 (2026): vote tally matches on 2026-02-11 ({'yes': 21, 'no': 7, 'other': 1})
  [32m✓[0m  UT HB 392 (2026): vote tally matches on 2026-02-12 ({'yes': 22, 'no': 7, 'other': 0})
  [32m✓[0m  UT HB 392 (2026): vote tally matches on 2026-02-13 ({'yes': 55, 'no': 16, 'other': 4})
  [32m✓[0m  UT HB 392 (2026): sponsorship count matches (2)
  [32m✓[0m  UT HB 397 (2026): title matches
  [32m✓[0m  UT HB 397 (2026): latest_action matches
  [32m✓[0m  UT HB 397 (2026): vote event count matches (0)
  [32m✓[0m  UT HB 397 (2026): sponsorship count matches (2)
  [32m✓[0m  UT HB 40 (2026): title matches
  [32m✓[0m  UT HB 40 (2026): latest_action matches
  [32m✓[0m  UT HB 40 (2026): vote event count matches (3)
  [32m✓[0m  UT HB 40 (2026): vote tally matches on 2026-01-30 ({'yes': 70, 'no': 1, 'other': 4})
  [32m✓[0m  UT HB 40 (2026): vote tally matches on 2026-02-11 ({'yes': 28, 'no': 1, 'other': 0})
  [32m✓[0m  UT HB 40 (2026): vote tally matches on 2026-02-12 ({'yes': 24, 'no': 1, 'other': 4})
  [32m✓[0m  UT HB 40 (2026): sponsorship count matches (2)
  [32m✓[0m  UT HB 400 (2026): title matches
  [32m✓[0m  UT HB 400 (2026): latest_action matches
  [32m✓[0m  UT HB 400 (2026): vote event count matches (0)
  [32m✓[0m  UT HB 400 (2026): sponsorship count matches (2)
  [32m✓[0m  UT HB 401 (2026): title matches
  [32m✓[0m  UT HB 401 (2026): latest_action matches
  [32m✓[0m  UT HB 401 (2026): vote event count matches (4)
  [32m✓[0m  UT HB 401 (2026): vote tally matches on 2026-02-12 ({'yes': 61, 'no': 10, 'other': 4})
  [32m✓[0m  UT HB 401 (2026): vote tally matches on 2026-02-25 ({'yes': 23, 'no': 0, 'other': 6})
  [32m✓[0m  UT HB 401 (2026): vote tally matches on 2026-03-05 ({'yes': 26, 'no': 0, 'other': 3})
  [32m✓[0m  UT HB 401 (2026): vote tally matches on 2026-03-06 ({'yes': 66, 'no': 4, 'other': 5})
  [32m✓[0m  UT HB 401 (2026): sponsorship count matches (2)
  [32m✓[0m  UT HB 402 (2026): title matches
  [32m✓[0m  UT HB 402 (2026): latest_action matches
  [32m✓[0m  UT HB 402 (2026): vote event count matches (2)
  [32m✓[0m  UT HB 402 (2026): vote tally matches on 2026-02-24 ({'yes': 66, 'no': 1, 'other': 8})
  [32m✓[0m  UT HB 402 (2026): vote tally matches on 2026-03-04 ({'yes': 23, 'no': 0, 'other': 6})
  [32m✓[0m  UT HB 402 (2026): sponsorship count matches (2)
  [32m✓[0m  UT HB 404 (2026): title matches
  [32m✓[0m  UT HB 404 (2026): latest_action matches
  [32m✓[0m  UT HB 404 (2026): vote event count matches (3)
  [32m✓[0m  UT HB 404 (2026): vote tally matches on 2026-02-10 ({'yes': 50, 'no': 20, 'other': 5})
  [32m✓[0m  UT HB 404 (2026): vote tally matches on 2026-02-19 ({'yes': 19, 'no': 7, 'other': 3})
  [32m✓[0m  UT HB 404 (2026): vote tally matches on 2026-02-20 ({'yes': 19, 'no': 7, 'other': 3})
  [32m✓[0m  UT HB 404 (2026): sponsorship count matches (2)
  [32m✓[0m  UT HB 405 (2026): title matches
  [32m✓[0m  UT HB 405 (2026): latest_action matches
  [32m✓[0m  UT HB 405 (2026): vote event count matches (1)
  [32m✓[0m  UT HB 405 (2026): vote tally matches on 2026-02-20 ({'yes': 42, 'no': 23, 'other': 10})
  [32m✓[0m  UT HB 405 (2026): sponsorship count matches (2)
  [32m✓[0m  UT HB 406 (2026): title matches
  [32m✓[0m  UT HB 406 (2026): latest_action matches
  [32m✓[0m  UT HB 406 (2026): vote event count matches (0)
  [32m✓[0m  UT HB 406 (2026): sponsorship count matches (1)
  [32m✓[0m  UT HB 411 (2026): title matches
  [32m✓[0m  UT HB 411 (2026): latest_action matches
  [32m✓[0m  UT HB 411 (2026): vote event count matches (2)
  [32m✓[0m  UT HB 411 (2026): vote tally matches on 2026-02-27 ({'yes': 56, 'no': 2, 'other': 17})
  [32m✓[0m  UT HB 411 (2026): vote tally matches on 2026-03-07 ({'yes': 10, 'no': 12, 'other': 7})
  [32m✓[0m  UT HB 411 (2026): sponsorship count matches (2)
  [32m✓[0m  UT HB 412 (2026): title matches
  [32m✓[0m  UT HB 412 (2026): latest_action matches
  [32m✓[0m  UT HB 412 (2026): vote event count matches (3)
  [32m✓[0m  UT HB 412 (2026): vote tally matches on 2026-02-19 ({'yes': 70, 'no': 1, 'other': 4})
  [32m✓[0m  UT HB 412 (2026): vote tally matches on 2026-03-06 ({'yes': 23, 'no': 0, 'other': 6})
  [32m✓[0m  UT HB 412 (2026): vote tally matches on 2026-03-06 ({'yes': 64, 'no': 0, 'other': 11})
  [32m✓[0m  UT HB 412 (2026): sponsorship count matches (2)
  [32m✓[0m  UT HB 413 (2026): title matches
  [32m✓[0m  UT HB 413 (2026): latest_action matches
  [32m✓[0m  UT HB 413 (2026): vote event count matches (0)
  [32m✓[0m  UT HB 413 (2026): sponsorship count matches (1)
  [32m✓[0m  UT HB 42 (2026): title matches
  [32m✓[0m  UT HB 42 (2026): latest_action matches
  [32m✓[0m  UT HB 42 (2026): vote event count matches (1)
  [32m✓[0m  UT HB 42 (2026): vote tally matches on 2026-02-17 ({'yes': 70, 'no': 2, 'other': 3})
  [32m✓[0m  UT HB 42 (2026): sponsorship count matches (2)
  [32m✓[0m  UT HB 422 (2026): title matches
  [32m✓[0m  UT HB 422 (2026): latest_action matches
  [32m✓[0m  UT HB 422 (2026): vote event count matches (1)
  [32m✓[0m  UT HB 422 (2026): vote tally matches on 2026-02-24 ({'yes': 66, 'no': 1, 'other': 8})
  [32m✓[0m  UT HB 422 (2026): sponsorship count matches (2)
  [32m✓[0m  UT HB 423 (2026): title matches
  [32m✓[0m  UT HB 423 (2026): latest_action matches
  [32m✓[0m  UT HB 423 (2026): vote event count matches (4)
  [32m✓[0m  UT HB 423 (2026): vote tally matches on 2026-02-20 ({'yes': 65, 'no': 0, 'other': 10})
  [32m✓[0m  UT HB 423 (2026): vote tally matches on 2026-03-05 ({'yes': 64, 'no': 1, 'other': 10})
  [32m✓[0m  UT HB 423 (2026): vote tally matches on 2026-03-05 ({'yes': 27, 'no': 0, 'other': 2})
  [32m✓[0m  UT HB 423 (2026): vote tally matches on 2026-03-05 ({'yes': 25, 'no': 0, 'other': 4})
  [32m✓[0m  UT HB 423 (2026): sponsorship count matches (2)
  [32m✓[0m  UT HB 424 (2026): title matches
  [32m✓[0m  UT HB 424 (2026): latest_action matches
  [32m✓[0m  UT HB 424 (2026): vote event count matches (0)
  [32m✓[0m  UT HB 424 (2026): sponsorship count matches (1)
  [32m✓[0m  UT HB 425 (2026): title matches
  [32m✓[0m  UT HB 425 (2026): latest_action matches
  [32m✓[0m  UT HB 425 (2026): vote event count matches (3)
  [32m✓[0m  UT HB 425 (2026): vote tally matches on 2026-02-18 ({'yes': 68, 'no': 0, 'other': 7})
  [32m✓[0m  UT HB 425 (2026): vote tally matches on 2026-02-26 ({'yes': 20, 'no': 0, 'other': 9})
  [32m✓[0m  UT HB 425 (2026): vote tally matches on 2026-02-27 ({'yes': 26, 'no': 0, 'other': 3})
  [32m✓[0m  UT HB 425 (2026): sponsorship count matches (2)
  [32m✓[0m  UT HB 427 (2026): title matches
  [32m✓[0m  UT HB 427 (2026): latest_action matches
  [32m✓[0m  UT HB 427 (2026): vote event count matches (0)
  [32m✓[0m  UT HB 427 (2026): sponsorship count matches (1)
    ...175/500
  [32m✓[0m  UT HB 429 (2026): title matches
  [32m✓[0m  UT HB 429 (2026): latest_action matches
  [32m✓[0m  UT HB 429 (2026): vote event count matches (4)
  [32m✓[0m  UT HB 429 (2026): vote tally matches on 2026-02-17 ({'yes': 68, 'no': 0, 'other': 7})
  [32m✓[0m  UT HB 429 (2026): vote tally matches on 2026-02-26 ({'yes': 24, 'no': 0, 'other': 5})
  [32m✓[0m  UT HB 429 (2026): vote tally matches on 2026-03-05 ({'yes': 26, 'no': 3, 'other': 0})
  [32m✓[0m  UT HB 429 (2026): vote tally matches on 2026-03-06 ({'yes': 73, 'no': 0, 'other': 2})
  [32m✓[0m  UT HB 429 (2026): sponsorship count matches (2)
  [32m✓[0m  UT HB 431 (2026): title matches
  [32m✓[0m  UT HB 431 (2026): latest_action matches
  [32m✓[0m  UT HB 431 (2026): vote event count matches (2)
  [32m✓[0m  UT HB 431 (2026): vote tally matches on 2026-02-19 ({'yes': 61, 'no': 5, 'other': 9})
  [32m✓[0m  UT HB 431 (2026): vote tally matches on 2026-03-05 ({'yes': 25, 'no': 1, 'other': 3})
  [32m✓[0m  UT HB 431 (2026): sponsorship count matches (2)
  [32m✓[0m  UT HB 434 (2026): title matches
  [32m✓[0m  UT HB 434 (2026): latest_action matches
  [32m✓[0m  UT HB 434 (2026): vote event count matches (0)
  [32m✓[0m  UT HB 434 (2026): sponsorship count matches (2)
  [32m✓[0m  UT HB 44 (2026): title matches
  [32m✓[0m  UT HB 44 (2026): latest_action matches
  [32m✓[0m  UT HB 44 (2026): vote event count matches (3)
  [32m✓[0m  UT HB 44 (2026): vote tally matches on 2026-02-26 ({'yes': 71, 'no': 0, 'other': 4})
  [32m✓[0m  UT HB 44 (2026): vote tally matches on 2026-03-06 ({'yes': 24, 'no': 1, 'other': 4})
  [32m✓[0m  UT HB 44 (2026): vote tally matches on 2026-03-07 ({'yes': 67, 'no': 0, 'other': 8})
  [32m✓[0m  UT HB 44 (2026): sponsorship count matches (2)
  [32m✓[0m  UT HB 441 (2026): title matches
  [32m✓[0m  UT HB 441 (2026): latest_action matches
  [32m✓[0m  UT HB 441 (2026): vote event count matches (0)
  [32m✓[0m  UT HB 441 (2026): sponsorship count matches (1)
  [32m✓[0m  UT HB 443 (2026): title matches
  [32m✓[0m  UT HB 443 (2026): latest_action matches
  [32m✓[0m  UT HB 443 (2026): vote event count matches (1)
  [32m✓[0m  UT HB 443 (2026): vote tally matches on 2026-02-20 ({'yes': 21, 'no': 49, 'other': 5})
  [32m✓[0m  UT HB 443 (2026): sponsorship count matches (1)
  [32m✓[0m  UT HB 444 (2026): title matches
  [32m✓[0m  UT HB 444 (2026): latest_action matches
  [32m✓[0m  UT HB 444 (2026): vote event count matches (3)
  [32m✓[0m  UT HB 444 (2026): vote tally matches on 2026-02-24 ({'yes': 66, 'no': 0, 'other': 9})
  [32m✓[0m  UT HB 444 (2026): vote tally matches on 2026-03-07 ({'yes': 66, 'no': 0, 'other': 9})
  [32m✓[0m  UT HB 444 (2026): vote tally matches on 2026-03-07 ({'yes': 26, 'no': 0, 'other': 3})
  [32m✓[0m  UT HB 444 (2026): sponsorship count matches (2)
  [32m✓[0m  UT HB 445 (2026): title matches
  [32m✓[0m  UT HB 445 (2026): latest_action matches
  [32m✓[0m  UT HB 445 (2026): vote event count matches (3)
  [32m✓[0m  UT HB 445 (2026): vote tally matches on 2026-02-20 ({'yes': 51, 'no': 20, 'other': 4})
  [32m✓[0m  UT HB 445 (2026): vote tally matches on 2026-03-06 ({'yes': 22, 'no': 4, 'other': 3})
  [32m✓[0m  UT HB 445 (2026): vote tally matches on 2026-03-06 ({'yes': 55, 'no': 10, 'other': 10})
  [32m✓[0m  UT HB 445 (2026): sponsorship count matches (2)
  [32m✓[0m  UT HB 446 (2026): title matches
  [32m✓[0m  UT HB 446 (2026): latest_action matches
  [32m✓[0m  UT HB 446 (2026): vote event count matches (1)
  [32m✓[0m  UT HB 446 (2026): vote tally matches on 2026-02-23 ({'yes': 27, 'no': 37, 'other': 11})
  [32m✓[0m  UT HB 446 (2026): sponsorship count matches (1)
  [32m✓[0m  UT HB 447 (2026): title matches
  [32m✓[0m  UT HB 447 (2026): latest_action matches
  [32m✓[0m  UT HB 447 (2026): vote event count matches (2)
  [32m✓[0m  UT HB 447 (2026): vote tally matches on 2026-02-23 ({'yes': 66, 'no': 1, 'other': 8})
  [32m✓[0m  UT HB 447 (2026): vote tally matches on 2026-03-04 ({'yes': 27, 'no': 0, 'other': 2})
  [32m✓[0m  UT HB 447 (2026): sponsorship count matches (2)
  [32m✓[0m  UT HB 449 (2026): title matches
  [32m✓[0m  UT HB 449 (2026): latest_action matches
  [32m✓[0m  UT HB 449 (2026): vote event count matches (0)
  [32m✓[0m  UT HB 449 (2026): sponsorship count matches (1)
  [32m✓[0m  UT HB 451 (2026): title matches
  [32m✓[0m  UT HB 451 (2026): latest_action matches
  [32m✓[0m  UT HB 451 (2026): vote event count matches (0)
  [32m✓[0m  UT HB 451 (2026): sponsorship count matches (1)
  [32m✓[0m  UT HB 452 (2026): title matches
  [32m✓[0m  UT HB 452 (2026): latest_action matches
  [32m✓[0m  UT HB 452 (2026): vote event count matches (0)
  [32m✓[0m  UT HB 452 (2026): sponsorship count matches (1)
  [32m✓[0m  UT HB 453 (2026): title matches
  [32m✓[0m  UT HB 453 (2026): latest_action matches
  [32m✓[0m  UT HB 453 (2026): vote event count matches (1)
  [32m✓[0m  UT HB 453 (2026): vote tally matches on 2026-02-24 ({'yes': 23, 'no': 42, 'other': 10})
  [32m✓[0m  UT HB 453 (2026): sponsorship count matches (2)
  [32m✓[0m  UT HB 454 (2026): title matches
  [32m✓[0m  UT HB 454 (2026): latest_action matches
  [32m✓[0m  UT HB 454 (2026): vote event count matches (2)
  [32m✓[0m  UT HB 454 (2026): vote tally matches on 2026-02-23 ({'yes': 66, 'no': 0, 'other': 9})
  [32m✓[0m  UT HB 454 (2026): vote tally matches on 2026-03-06 ({'yes': 24, 'no': 1, 'other': 4})
  [32m✓[0m  UT HB 454 (2026): sponsorship count matches (2)
  [32m✓[0m  UT HB 455 (2026): title matches
  [32m✓[0m  UT HB 455 (2026): latest_action matches
  [32m✓[0m  UT HB 455 (2026): vote event count matches (1)
  [32m✓[0m  UT HB 455 (2026): vote tally matches on 2026-02-23 ({'yes': 72, 'no': 0, 'other': 3})
  [32m✓[0m  UT HB 455 (2026): sponsorship count matches (2)
  [32m✓[0m  UT HB 457 (2026): title matches
  [32m✓[0m  UT HB 457 (2026): latest_action matches
  [32m✓[0m  UT HB 457 (2026): vote event count matches (3)
  [32m✓[0m  UT HB 457 (2026): vote tally matches on 2026-02-27 ({'yes': 62, 'no': 2, 'other': 11})
  [32m✓[0m  UT HB 457 (2026): vote tally matches on 2026-03-06 ({'yes': 25, 'no': 1, 'other': 3})
  [32m✓[0m  UT HB 457 (2026): vote tally matches on 2026-03-07 ({'yes': 61, 'no': 6, 'other': 8})
  [32m✓[0m  UT HB 457 (2026): sponsorship count matches (2)
  [32m✓[0m  UT HB 46 (2026): title matches
  [32m✓[0m  UT HB 46 (2026): latest_action matches
  [32m✓[0m  UT HB 46 (2026): vote event count matches (4)
  [32m✓[0m  UT HB 46 (2026): vote tally matches on 2026-02-02 ({'yes': 70, 'no': 2, 'other': 3})
  [32m✓[0m  UT HB 46 (2026): vote tally matches on 2026-02-11 ({'yes': 28, 'no': 0, 'other': 1})
  [32m✓[0m  UT HB 46 (2026): vote tally matches on 2026-03-05 ({'yes': 21, 'no': 5, 'other': 3})
  [32m✓[0m  UT HB 46 (2026): vote tally matches on 2026-03-05 ({'yes': 61, 'no': 9, 'other': 5})
  [32m✓[0m  UT HB 46 (2026): sponsorship count matches (2)
  [32m✓[0m  UT HB 463 (2026): title matches
  [32m✓[0m  UT HB 463 (2026): latest_action matches
  [32m✓[0m  UT HB 463 (2026): vote event count matches (0)
  [32m✓[0m  UT HB 463 (2026): sponsorship count matches (1)
  [32m✓[0m  UT HB 464 (2026): title matches
  [32m✓[0m  UT HB 464 (2026): latest_action matches
  [32m✓[0m  UT HB 464 (2026): vote event count matches (1)
  [32m✓[0m  UT HB 464 (2026): vote tally matches on 2026-02-25 ({'yes': 42, 'no': 26, 'other': 7})
  [32m✓[0m  UT HB 464 (2026): sponsorship count matches (2)
  [32m✓[0m  UT HB 469 (2026): title matches
  [32m✓[0m  UT HB 469 (2026): latest_action matches
  [32m✓[0m  UT HB 469 (2026): vote event count matches (0)
  [32m✓[0m  UT HB 469 (2026): sponsorship count matches (2)
  [32m✓[0m  UT HB 470 (2026): title matches
  [32m✓[0m  UT HB 470 (2026): latest_action matches
  [32m✓[0m  UT HB 470 (2026): vote event count matches (0)
  [32m✓[0m  UT HB 470 (2026): sponsorship count matches (1)
  [32m✓[0m  UT HB 473 (2026): title matches
  [32m✓[0m  UT HB 473 (2026): latest_action matches
  [32m✓[0m  UT HB 473 (2026): vote event count matches (2)
  [32m✓[0m  UT HB 473 (2026): vote tally matches on 2026-02-19 ({'yes': 65, 'no': 1, 'other': 9})
  [32m✓[0m  UT HB 473 (2026): vote tally matches on 2026-03-05 ({'yes': 25, 'no': 1, 'other': 3})
  [32m✓[0m  UT HB 473 (2026): sponsorship count matches (2)
  [32m✓[0m  UT HB 475 (2026): title matches
  [32m✓[0m  UT HB 475 (2026): latest_action matches
  [32m✓[0m  UT HB 475 (2026): vote event count matches (3)
  [32m✓[0m  UT HB 475 (2026): vote tally matches on 2026-02-20 ({'yes': 61, 'no': 4, 'other': 10})
  [32m✓[0m  UT HB 475 (2026): vote tally matches on 2026-03-05 ({'yes': 58, 'no': 2, 'other': 15})
  [32m✓[0m  UT HB 475 (2026): vote tally matches on 2026-03-05 ({'yes': 27, 'no': 2, 'other': 0})
  [32m✓[0m  UT HB 475 (2026): sponsorship count matches (2)
  [32m✓[0m  UT HB 48 (2026): title matches
  [32m✓[0m  UT HB 48 (2026): latest_action matches
  [32m✓[0m  UT HB 48 (2026): vote event count matches (3)
  [32m✓[0m  UT HB 48 (2026): vote tally matches on 2026-02-17 ({'yes': 56, 'no': 14, 'other': 5})
  [32m✓[0m  UT HB 48 (2026): vote tally matches on 2026-03-05 ({'yes': 52, 'no': 15, 'other': 8})
  [32m✓[0m  UT HB 48 (2026): vote tally matches on 2026-03-05 ({'yes': 20, 'no': 7, 'other': 2})
  [32m✓[0m  UT HB 48 (2026): sponsorship count matches (2)
    ...200/500
  [32m✓[0m  UT HB 481 (2026): title matches
  [32m✓[0m  UT HB 481 (2026): latest_action matches
  [32m✓[0m  UT HB 481 (2026): vote event count matches (4)
  [32m✓[0m  UT HB 481 (2026): vote tally matches on 2026-02-19 ({'yes': 68, 'no': 0, 'other': 7})
  [32m✓[0m  UT HB 481 (2026): vote tally matches on 2026-03-06 ({'yes': 26, 'no': 1, 'other': 2})
  [32m✓[0m  UT HB 481 (2026): vote tally matches on 2026-03-07 ({'yes': 27, 'no': 0, 'other': 2})
  [32m✓[0m  UT HB 481 (2026): vote tally matches on 2026-03-07 ({'yes': 64, 'no': 1, 'other': 10})
  [32m✓[0m  UT HB 481 (2026): sponsorship count matches (2)
  [32m✓[0m  UT HB 482 (2026): title matches
  [32m✓[0m  UT HB 482 (2026): latest_action matches
  [32m✓[0m  UT HB 482 (2026): vote event count matches (0)
  [32m✓[0m  UT HB 482 (2026): sponsorship count matches (1)
  [32m✓[0m  UT HB 484 (2026): title matches
  [32m✓[0m  UT HB 484 (2026): latest_action matches
  [32m✓[0m  UT HB 484 (2026): vote event count matches (0)
  [32m✓[0m  UT HB 484 (2026): sponsorship count matches (1)
  [32m✓[0m  UT HB 487 (2026): title matches
  [32m✓[0m  UT HB 487 (2026): latest_action matches
  [32m✓[0m  UT HB 487 (2026): vote event count matches (1)
  [32m✓[0m  UT HB 487 (2026): vote tally matches on 2026-02-25 ({'yes': 64, 'no': 0, 'other': 11})
  [32m✓[0m  UT HB 487 (2026): sponsorship count matches (2)
  [32m✓[0m  UT HB 489 (2026): title matches
  [32m✓[0m  UT HB 489 (2026): latest_action matches
  [32m✓[0m  UT HB 489 (2026): vote event count matches (1)
  [32m✓[0m  UT HB 489 (2026): vote tally matches on 2026-02-24 ({'yes': 60, 'no': 5, 'other': 10})
  [32m✓[0m  UT HB 489 (2026): sponsorship count matches (2)
  [32m✓[0m  UT HB 492 (2026): title matches
  [32m✓[0m  UT HB 492 (2026): latest_action matches
  [32m✓[0m  UT HB 492 (2026): vote event count matches (4)
  [32m✓[0m  UT HB 492 (2026): vote tally matches on 2026-02-24 ({'yes': 61, 'no': 8, 'other': 6})
  [32m✓[0m  UT HB 492 (2026): vote tally matches on 2026-03-07 ({'yes': 66, 'no': 5, 'other': 4})
  [32m✓[0m  UT HB 492 (2026): vote tally matches on 2026-03-07 ({'yes': 27, 'no': 0, 'other': 2})
  [32m✓[0m  UT HB 492 (2026): vote tally matches on 2026-03-07 ({'yes': 24, 'no': 5, 'other': 0})
  [32m✓[0m  UT HB 492 (2026): sponsorship count matches (2)
  [32m✓[0m  UT HB 495 (2026): title matches
  [32m✓[0m  UT HB 495 (2026): latest_action matches
  [32m✓[0m  UT HB 495 (2026): vote event count matches (3)
  [32m✓[0m  UT HB 495 (2026): vote tally matches on 2026-02-25 ({'yes': 56, 'no': 13, 'other': 6})
  [32m✓[0m  UT HB 495 (2026): vote tally matches on 2026-03-06 ({'yes': 55, 'no': 12, 'other': 8})
  [32m✓[0m  UT HB 495 (2026): vote tally matches on 2026-03-06 ({'yes': 20, 'no': 6, 'other': 3})
  [32m✓[0m  UT HB 495 (2026): sponsorship count matches (2)
  [32m✓[0m  UT HB 496 (2026): title matches
  [32m✓[0m  UT HB 496 (2026): latest_action matches
  [32m✓[0m  UT HB 496 (2026): vote event count matches (3)
  [32m✓[0m  UT HB 496 (2026): vote tally matches on 2026-02-27 ({'yes': 55, 'no': 15, 'other': 5})
  [32m✓[0m  UT HB 496 (2026): vote tally matches on 2026-03-05 ({'yes': 61, 'no': 5, 'other': 9})
  [32m✓[0m  UT HB 496 (2026): vote tally matches on 2026-03-05 ({'yes': 27, 'no': 1, 'other': 1})
  [32m✓[0m  UT HB 496 (2026): sponsorship count matches (2)
  [32m✓[0m  UT HB 498 (2026): title matches
  [32m✓[0m  UT HB 498 (2026): latest_action matches
  [32m✓[0m  UT HB 498 (2026): vote event count matches (3)
  [32m✓[0m  UT HB 498 (2026): vote tally matches on 2026-02-24 ({'yes': 60, 'no': 5, 'other': 10})
  [32m✓[0m  UT HB 498 (2026): vote tally matches on 2026-03-06 ({'yes': 63, 'no': 6, 'other': 6})
  [32m✓[0m  UT HB 498 (2026): vote tally matches on 2026-03-06 ({'yes': 29, 'no': 0, 'other': 0})
  [32m✓[0m  UT HB 498 (2026): sponsorship count matches (2)
  [32m✓[0m  UT HB 499 (2026): title matches
  [32m✓[0m  UT HB 499 (2026): latest_action matches
  [32m✓[0m  UT HB 499 (2026): vote event count matches (0)
  [32m✓[0m  UT HB 499 (2026): sponsorship count matches (1)
  [32m✓[0m  UT HB 50 (2026): title matches
  [32m✓[0m  UT HB 50 (2026): latest_action matches
  [32m✓[0m  UT HB 50 (2026): vote event count matches (3)
  [32m✓[0m  UT HB 50 (2026): vote tally matches on 2026-01-21 ({'yes': 74, 'no': 0, 'other': 1})
  [32m✓[0m  UT HB 50 (2026): vote tally matches on 2026-02-04 ({'yes': 24, 'no': 0, 'other': 5})
  [32m✓[0m  UT HB 50 (2026): vote tally matches on 2026-02-05 ({'yes': 27, 'no': 0, 'other': 2})
  [32m✓[0m  UT HB 50 (2026): sponsorship count matches (2)
  [32m✓[0m  UT HB 502 (2026): title matches
  [32m✓[0m  UT HB 502 (2026): latest_action matches
  [32m✓[0m  UT HB 502 (2026): vote event count matches (4)
  [32m✓[0m  UT HB 502 (2026): vote tally matches on 2026-02-27 ({'yes': 51, 'no': 21, 'other': 3})
  [32m✓[0m  UT HB 502 (2026): vote tally matches on 2026-03-05 ({'yes': 20, 'no': 9, 'other': 0})
  [32m✓[0m  UT HB 502 (2026): vote tally matches on 2026-03-05 ({'yes': 46, 'no': 22, 'other': 7})
  [32m✓[0m  UT HB 502 (2026): vote tally matches on 2026-03-05 ({'yes': 12, 'no': 16, 'other': 1})
  [32m✓[0m  UT HB 502 (2026): sponsorship count matches (2)
  [32m✓[0m  UT HB 503 (2026): title matches
  [32m✓[0m  UT HB 503 (2026): latest_action matches
  [32m✓[0m  UT HB 503 (2026): vote event count matches (0)
  [32m✓[0m  UT HB 503 (2026): sponsorship count matches (1)
  [32m✓[0m  UT HB 504 (2026): title matches
  [32m✓[0m  UT HB 504 (2026): latest_action matches
  [32m✓[0m  UT HB 504 (2026): vote event count matches (0)
  [32m✓[0m  UT HB 504 (2026): sponsorship count matches (1)
  [32m✓[0m  UT HB 506 (2026): title matches
  [32m✓[0m  UT HB 506 (2026): latest_action matches
  [32m✓[0m  UT HB 506 (2026): vote event count matches (0)
  [32m✓[0m  UT HB 506 (2026): sponsorship count matches (1)
  [32m✓[0m  UT HB 507 (2026): title matches
  [32m✓[0m  UT HB 507 (2026): latest_action matches
  [32m✓[0m  UT HB 507 (2026): vote event count matches (4)
  [32m✓[0m  UT HB 507 (2026): vote tally matches on 2026-02-25 ({'yes': 69, 'no': 1, 'other': 5})
  [32m✓[0m  UT HB 507 (2026): vote tally matches on 2026-03-05 ({'yes': 22, 'no': 2, 'other': 5})
  [32m✓[0m  UT HB 507 (2026): vote tally matches on 2026-03-06 ({'yes': 57, 'no': 1, 'other': 17})
  [32m✓[0m  UT HB 507 (2026): vote tally matches on 2026-03-06 ({'yes': 27, 'no': 1, 'other': 1})
  [32m✓[0m  UT HB 507 (2026): sponsorship count matches (2)
  [32m✓[0m  UT HB 51 (2026): title matches
  [32m✓[0m  UT HB 51 (2026): latest_action matches
  [32m✓[0m  UT HB 51 (2026): vote event count matches (4)
  [32m✓[0m  UT HB 51 (2026): vote tally matches on 2026-02-04 ({'yes': 66, 'no': 1, 'other': 8})
  [32m✓[0m  UT HB 51 (2026): vote tally matches on 2026-02-25 ({'yes': 23, 'no': 0, 'other': 6})
  [32m✓[0m  UT HB 51 (2026): vote tally matches on 2026-02-26 ({'yes': 21, 'no': 0, 'other': 8})
  [32m✓[0m  UT HB 51 (2026): vote tally matches on 2026-02-27 ({'yes': 66, 'no': 0, 'other': 9})
  [32m✓[0m  UT HB 51 (2026): sponsorship count matches (2)
  [32m✓[0m  UT HB 516 (2026): title matches
  [32m✓[0m  UT HB 516 (2026): latest_action matches
  [32m✓[0m  UT HB 516 (2026): vote event count matches (0)
  [32m✓[0m  UT HB 516 (2026): sponsorship count matches (2)
  [32m✓[0m  UT HB 518 (2026): title matches
  [32m✓[0m  UT HB 518 (2026): latest_action matches
  [32m✓[0m  UT HB 518 (2026): vote event count matches (1)
  [32m✓[0m  UT HB 518 (2026): vote tally matches on 2026-03-03 ({'yes': 66, 'no': 1, 'other': 8})
  [32m✓[0m  UT HB 518 (2026): sponsorship count matches (2)
  [32m✓[0m  UT HB 52 (2026): title matches
  [32m✓[0m  UT HB 52 (2026): latest_action matches
  [32m✓[0m  UT HB 52 (2026): vote event count matches (4)
  [32m✓[0m  UT HB 52 (2026): vote tally matches on 2026-01-22 ({'yes': 73, 'no': 0, 'other': 2})
  [32m✓[0m  UT HB 52 (2026): vote tally matches on 2026-02-04 ({'yes': 24, 'no': 0, 'other': 5})
  [32m✓[0m  UT HB 52 (2026): vote tally matches on 2026-02-18 ({'yes': 27, 'no': 0, 'other': 2})
  [32m✓[0m  UT HB 52 (2026): vote tally matches on 2026-02-20 ({'yes': 71, 'no': 0, 'other': 4})
  [32m✓[0m  UT HB 52 (2026): sponsorship count matches (2)
  [32m✓[0m  UT HB 520 (2026): title matches
  [32m✓[0m  UT HB 520 (2026): latest_action matches
  [32m✓[0m  UT HB 520 (2026): vote event count matches (2)
  [32m✓[0m  UT HB 520 (2026): vote tally matches on 2026-02-27 ({'yes': 45, 'no': 23, 'other': 7})
  [32m✓[0m  UT HB 520 (2026): vote tally matches on 2026-03-05 ({'yes': 25, 'no': 4, 'other': 0})
  [32m✓[0m  UT HB 520 (2026): sponsorship count matches (2)
  [32m✓[0m  UT HB 521 (2026): title matches
  [32m✓[0m  UT HB 521 (2026): latest_action matches
  [32m✓[0m  UT HB 521 (2026): vote event count matches (1)
  [32m✓[0m  UT HB 521 (2026): vote tally matches on 2026-02-27 ({'yes': 66, 'no': 1, 'other': 8})
  [32m✓[0m  UT HB 521 (2026): sponsorship count matches (2)
  [32m✓[0m  UT HB 522 (2026): title matches
  [32m✓[0m  UT HB 522 (2026): latest_action matches
  [32m✓[0m  UT HB 522 (2026): vote event count matches (1)
  [32m✓[0m  UT HB 522 (2026): vote tally matches on 2026-02-27 ({'yes': 37, 'no': 30, 'other': 8})
  [32m✓[0m  UT HB 522 (2026): sponsorship count matches (1)
  [32m✓[0m  UT HB 525 (2026): title matches
  [32m✓[0m  UT HB 525 (2026): latest_action matches
  [32m✓[0m  UT HB 525 (2026): vote event count matches (0)
  [32m✓[0m  UT HB 525 (2026): sponsorship count matches (1)
  [32m✓[0m  UT HB 526 (2026): title matches
  [32m✓[0m  UT HB 526 (2026): latest_action matches
  [32m✓[0m  UT HB 526 (2026): vote event count matches (0)
  [32m✓[0m  UT HB 526 (2026): sponsorship count matches (1)
    ...225/500
  [32m✓[0m  UT HB 529 (2026): title matches
  [32m✓[0m  UT HB 529 (2026): latest_action matches
  [32m✓[0m  UT HB 529 (2026): vote event count matches (1)
  [32m✓[0m  UT HB 529 (2026): vote tally matches on 2026-02-27 ({'yes': 57, 'no': 12, 'other': 6})
  [32m✓[0m  UT HB 529 (2026): sponsorship count matches (2)
  [32m✓[0m  UT HB 530 (2026): title matches
  [32m✓[0m  UT HB 530 (2026): latest_action matches
  [32m✓[0m  UT HB 530 (2026): vote event count matches (2)
  [32m✓[0m  UT HB 530 (2026): vote tally matches on 2026-02-23 ({'yes': 64, 'no': 2, 'other': 9})
  [32m✓[0m  UT HB 530 (2026): vote tally matches on 2026-03-04 ({'yes': 24, 'no': 0, 'other': 5})
  [32m✓[0m  UT HB 530 (2026): sponsorship count matches (2)
  [32m✓[0m  UT HB 531 (2026): title matches
  [32m✓[0m  UT HB 531 (2026): latest_action matches
  [32m✓[0m  UT HB 531 (2026): vote event count matches (3)
  [32m✓[0m  UT HB 531 (2026): vote tally matches on 2026-02-24 ({'yes': 67, 'no': 1, 'other': 7})
  [32m✓[0m  UT HB 531 (2026): vote tally matches on 2026-03-06 ({'yes': 64, 'no': 1, 'other': 10})
  [32m✓[0m  UT HB 531 (2026): vote tally matches on 2026-03-06 ({'yes': 28, 'no': 0, 'other': 1})
  [32m✓[0m  UT HB 531 (2026): sponsorship count matches (2)
  [32m✓[0m  UT HB 532 (2026): title matches
  [32m✓[0m  UT HB 532 (2026): latest_action matches
  [32m✓[0m  UT HB 532 (2026): vote event count matches (0)
  [32m✓[0m  UT HB 532 (2026): sponsorship count matches (1)
  [32m✓[0m  UT HB 533 (2026): title matches
  [32m✓[0m  UT HB 533 (2026): latest_action matches
  [32m✓[0m  UT HB 533 (2026): vote event count matches (0)
  [32m✓[0m  UT HB 533 (2026): sponsorship count matches (1)
  [32m✓[0m  UT HB 534 (2026): title matches
  [32m✓[0m  UT HB 534 (2026): latest_action matches
  [32m✓[0m  UT HB 534 (2026): vote event count matches (1)
  [32m✓[0m  UT HB 534 (2026): vote tally matches on 2026-02-24 ({'yes': 60, 'no': 1, 'other': 14})
  [32m✓[0m  UT HB 534 (2026): sponsorship count matches (2)
  [32m✓[0m  UT HB 535 (2026): title matches
  [32m✓[0m  UT HB 535 (2026): latest_action matches
  [32m✓[0m  UT HB 535 (2026): vote event count matches (3)
  [32m✓[0m  UT HB 535 (2026): vote tally matches on 2026-02-27 ({'yes': 68, 'no': 0, 'other': 7})
  [32m✓[0m  UT HB 535 (2026): vote tally matches on 2026-03-07 ({'yes': 23, 'no': 0, 'other': 6})
  [32m✓[0m  UT HB 535 (2026): vote tally matches on 2026-03-07 ({'yes': 61, 'no': 1, 'other': 13})
  [32m✓[0m  UT HB 535 (2026): sponsorship count matches (2)
  [32m✓[0m  UT HB 537 (2026): title matches
  [32m✓[0m  UT HB 537 (2026): latest_action matches
  [32m✓[0m  UT HB 537 (2026): vote event count matches (2)
  [32m✓[0m  UT HB 537 (2026): vote tally matches on 2026-02-20 ({'yes': 65, 'no': 4, 'other': 6})
  [32m✓[0m  UT HB 537 (2026): vote tally matches on 2026-03-05 ({'yes': 21, 'no': 1, 'other': 7})
  [32m✓[0m  UT HB 537 (2026): sponsorship count matches (2)
  [32m✓[0m  UT HB 540 (2026): title matches
  [32m✓[0m  UT HB 540 (2026): latest_action matches
  [32m✓[0m  UT HB 540 (2026): vote event count matches (3)
  [32m✓[0m  UT HB 540 (2026): vote tally matches on 2026-02-23 ({'yes': 57, 'no': 11, 'other': 7})
  [32m✓[0m  UT HB 540 (2026): vote tally matches on 2026-03-05 ({'yes': 20, 'no': 6, 'other': 3})
  [32m✓[0m  UT HB 540 (2026): vote tally matches on 2026-03-05 ({'yes': 57, 'no': 8, 'other': 10})
  [32m✓[0m  UT HB 540 (2026): sponsorship count matches (2)
  [32m✓[0m  UT HB 543 (2026): title matches
  [32m✓[0m  UT HB 543 (2026): latest_action matches
  [32m✓[0m  UT HB 543 (2026): vote event count matches (1)
  [32m✓[0m  UT HB 543 (2026): vote tally matches on 2026-03-02 ({'yes': 50, 'no': 21, 'other': 4})
  [32m✓[0m  UT HB 543 (2026): sponsorship count matches (2)
  [32m✓[0m  UT HB 546 (2026): title matches
  [32m✓[0m  UT HB 546 (2026): latest_action matches
  [32m✓[0m  UT HB 546 (2026): vote event count matches (2)
  [32m✓[0m  UT HB 546 (2026): vote tally matches on 2026-02-27 ({'yes': 51, 'no': 15, 'other': 9})
  [32m✓[0m  UT HB 546 (2026): vote tally matches on 2026-03-05 ({'yes': 17, 'no': 7, 'other': 5})
  [32m✓[0m  UT HB 546 (2026): sponsorship count matches (2)
  [32m✓[0m  UT HB 547 (2026): title matches
  [32m✓[0m  UT HB 547 (2026): latest_action matches
  [32m✓[0m  UT HB 547 (2026): vote event count matches (2)
  [32m✓[0m  UT HB 547 (2026): vote tally matches on 2026-02-25 ({'yes': 64, 'no': 0, 'other': 11})
  [32m✓[0m  UT HB 547 (2026): vote tally matches on 2026-03-07 ({'yes': 25, 'no': 0, 'other': 4})
  [32m✓[0m  UT HB 547 (2026): sponsorship count matches (2)
  [32m✓[0m  UT HB 550 (2026): title matches
  [32m✓[0m  UT HB 550 (2026): latest_action matches
  [32m✓[0m  UT HB 550 (2026): vote event count matches (0)
  [32m✓[0m  UT HB 550 (2026): sponsorship count matches (1)
  [32m✓[0m  UT HB 551 (2026): title matches
  [32m✓[0m  UT HB 551 (2026): latest_action matches
  [32m✓[0m  UT HB 551 (2026): vote event count matches (0)
  [32m✓[0m  UT HB 551 (2026): sponsorship count matches (1)
  [32m✓[0m  UT HB 552 (2026): title matches
  [32m✓[0m  UT HB 552 (2026): latest_action matches
  [32m✓[0m  UT HB 552 (2026): vote event count matches (0)
  [32m✓[0m  UT HB 552 (2026): sponsorship count matches (1)
  [32m✓[0m  UT HB 554 (2026): title matches
  [32m✓[0m  UT HB 554 (2026): latest_action matches
  [32m✓[0m  UT HB 554 (2026): vote event count matches (1)
  [32m✓[0m  UT HB 554 (2026): vote tally matches on 2026-02-25 ({'yes': 68, 'no': 0, 'other': 7})
  [32m✓[0m  UT HB 554 (2026): sponsorship count matches (2)
  [32m✓[0m  UT HB 556 (2026): title matches
  [32m✓[0m  UT HB 556 (2026): latest_action matches
  [32m✓[0m  UT HB 556 (2026): vote event count matches (0)
  [32m✓[0m  UT HB 556 (2026): sponsorship count matches (1)
  [32m✓[0m  UT HB 557 (2026): title matches
  [32m✓[0m  UT HB 557 (2026): latest_action matches
  [32m✓[0m  UT HB 557 (2026): vote event count matches (3)
  [32m✓[0m  UT HB 557 (2026): vote tally matches on 2026-02-18 ({'yes': 27, 'no': 0, 'other': 2})
  [32m✓[0m  UT HB 557 (2026): vote tally matches on 2026-02-18 ({'yes': 55, 'no': 11, 'other': 9})
  [32m✓[0m  UT HB 557 (2026): vote tally matches on 2026-02-19 ({'yes': 26, 'no': 0, 'other': 3})
  [32m✓[0m  UT HB 557 (2026): sponsorship count matches (2)
  [32m✓[0m  UT HB 562 (2026): title matches
  [32m✓[0m  UT HB 562 (2026): latest_action matches
  [32m✓[0m  UT HB 562 (2026): vote event count matches (0)
  [32m✓[0m  UT HB 562 (2026): sponsorship count matches (1)
  [32m✓[0m  UT HB 567 (2026): title matches
  [32m✓[0m  UT HB 567 (2026): latest_action matches
  [32m✓[0m  UT HB 567 (2026): vote event count matches (2)
  [32m✓[0m  UT HB 567 (2026): vote tally matches on 2026-02-27 ({'yes': 62, 'no': 0, 'other': 13})
  [32m✓[0m  UT HB 567 (2026): vote tally matches on 2026-03-07 ({'yes': 29, 'no': 0, 'other': 0})
  [32m✓[0m  UT HB 567 (2026): sponsorship count matches (2)
  [32m✓[0m  UT HB 568 (2026): title matches
  [32m✓[0m  UT HB 568 (2026): latest_action matches
  [32m✓[0m  UT HB 568 (2026): vote event count matches (0)
  [32m✓[0m  UT HB 568 (2026): sponsorship count matches (1)
  [32m✓[0m  UT HB 569 (2026): title matches
  [32m✓[0m  UT HB 569 (2026): latest_action matches
  [32m✓[0m  UT HB 569 (2026): vote event count matches (0)
  [32m✓[0m  UT HB 569 (2026): sponsorship count matches (1)
  [32m✓[0m  UT HB 57 (2026): title matches
  [32m✓[0m  UT HB 57 (2026): latest_action matches
  [32m✓[0m  UT HB 57 (2026): vote event count matches (4)
  [32m✓[0m  UT HB 57 (2026): vote tally matches on 2026-02-03 ({'yes': 69, 'no': 1, 'other': 5})
  [32m✓[0m  UT HB 57 (2026): vote tally matches on 2026-02-18 ({'yes': 22, 'no': 0, 'other': 7})
  [32m✓[0m  UT HB 57 (2026): vote tally matches on 2026-03-04 ({'yes': 23, 'no': 0, 'other': 6})
  [32m✓[0m  UT HB 57 (2026): vote tally matches on 2026-03-05 ({'yes': 69, 'no': 0, 'other': 6})
  [32m✓[0m  UT HB 57 (2026): sponsorship count matches (2)
  [32m✓[0m  UT HB 572 (2026): title matches
  [32m✓[0m  UT HB 572 (2026): latest_action matches
  [32m✓[0m  UT HB 572 (2026): vote event count matches (3)
  [32m✓[0m  UT HB 572 (2026): vote tally matches on 2026-02-27 ({'yes': 67, 'no': 1, 'other': 7})
  [32m✓[0m  UT HB 572 (2026): vote tally matches on 2026-03-05 ({'yes': 26, 'no': 0, 'other': 3})
  [32m✓[0m  UT HB 572 (2026): vote tally matches on 2026-03-05 ({'yes': 68, 'no': 1, 'other': 6})
  [32m✓[0m  UT HB 572 (2026): sponsorship count matches (2)
  [32m✓[0m  UT HB 573 (2026): title matches
  [32m✓[0m  UT HB 573 (2026): latest_action matches
  [32m✓[0m  UT HB 573 (2026): vote event count matches (0)
  [32m✓[0m  UT HB 573 (2026): sponsorship count matches (1)
    ...250/500
  [32m✓[0m  UT HB 574 (2026): title matches
  [32m✓[0m  UT HB 574 (2026): latest_action matches
  [32m✓[0m  UT HB 574 (2026): vote event count matches (0)
  [32m✓[0m  UT HB 574 (2026): sponsorship count matches (1)
  [32m✓[0m  UT HB 576 (2026): title matches
  [32m✓[0m  UT HB 576 (2026): latest_action matches
  [32m✓[0m  UT HB 576 (2026): vote event count matches (0)
  [32m✓[0m  UT HB 576 (2026): sponsorship count matches (1)
  [32m✓[0m  UT HB 577 (2026): title matches
  [32m✓[0m  UT HB 577 (2026): latest_action matches
  [32m✓[0m  UT HB 577 (2026): vote event count matches (0)
  [32m✓[0m  UT HB 577 (2026): sponsorship count matches (2)
  [32m✓[0m  UT HB 578 (2026): title matches
  [32m✓[0m  UT HB 578 (2026): latest_action matches
  [32m✓[0m  UT HB 578 (2026): vote event count matches (0)
  [32m✓[0m  UT HB 578 (2026): sponsorship count matches (1)
  [32m✓[0m  UT HB 579 (2026): title matches
  [32m✓[0m  UT HB 579 (2026): latest_action matches
  [32m✓[0m  UT HB 579 (2026): vote event count matches (0)
  [32m✓[0m  UT HB 579 (2026): sponsorship count matches (1)
  [32m✓[0m  UT HB 580 (2026): title matches
  [32m✓[0m  UT HB 580 (2026): latest_action matches
  [32m✓[0m  UT HB 580 (2026): vote event count matches (0)
  [32m✓[0m  UT HB 580 (2026): sponsorship count matches (1)
  [32m✓[0m  UT HB 581 (2026): title matches
  [32m✓[0m  UT HB 581 (2026): latest_action matches
  [32m✓[0m  UT HB 581 (2026): vote event count matches (1)
  [32m✓[0m  UT HB 581 (2026): vote tally matches on 2026-03-04 ({'yes': 61, 'no': 9, 'other': 5})
  [32m✓[0m  UT HB 581 (2026): sponsorship count matches (2)
  [32m✓[0m  UT HB 584 (2026): title matches
  [32m✓[0m  UT HB 584 (2026): latest_action matches
  [32m✓[0m  UT HB 584 (2026): vote event count matches (0)
  [32m✓[0m  UT HB 584 (2026): sponsorship count matches (1)
  [32m✓[0m  UT HB 586 (2026): title matches
  [32m✓[0m  UT HB 586 (2026): latest_action matches
  [32m✓[0m  UT HB 586 (2026): vote event count matches (0)
  [32m✓[0m  UT HB 586 (2026): sponsorship count matches (1)
  [32m✓[0m  UT HB 587 (2026): title matches
  [32m✓[0m  UT HB 587 (2026): latest_action matches
  [32m✓[0m  UT HB 587 (2026): vote event count matches (0)
  [32m✓[0m  UT HB 587 (2026): sponsorship count matches (2)
  [32m✓[0m  UT HB 591 (2026): title matches
  [32m✓[0m  UT HB 591 (2026): latest_action matches
  [32m✓[0m  UT HB 591 (2026): vote event count matches (3)
  [32m✓[0m  UT HB 591 (2026): vote tally matches on 2026-02-27 ({'yes': 60, 'no': 9, 'other': 6})
  [32m✓[0m  UT HB 591 (2026): vote tally matches on 2026-03-07 ({'yes': 47, 'no': 14, 'other': 14})
  [32m✓[0m  UT HB 591 (2026): vote tally matches on 2026-03-07 ({'yes': 21, 'no': 6, 'other': 2})
  [32m✓[0m  UT HB 591 (2026): sponsorship count matches (2)
  [32m✓[0m  UT HB 594 (2026): title matches
  [32m✓[0m  UT HB 594 (2026): latest_action matches
  [32m✓[0m  UT HB 594 (2026): vote event count matches (0)
  [32m✓[0m  UT HB 594 (2026): sponsorship count matches (1)
  [32m✓[0m  UT HB 596 (2026): title matches
  [32m✓[0m  UT HB 596 (2026): latest_action matches
  [32m✓[0m  UT HB 596 (2026): vote event count matches (1)
  [32m✓[0m  UT HB 596 (2026): vote tally matches on 2026-03-04 ({'yes': 34, 'no': 37, 'other': 4})
  [32m✓[0m  UT HB 596 (2026): sponsorship count matches (2)
  [32m✓[0m  UT HB 598 (2026): title matches
  [32m✓[0m  UT HB 598 (2026): latest_action matches
  [32m✓[0m  UT HB 598 (2026): vote event count matches (0)
  [32m✓[0m  UT HB 598 (2026): sponsorship count matches (1)
  [32m✓[0m  UT HB 599 (2026): title matches
  [32m✓[0m  UT HB 599 (2026): latest_action matches
  [32m✓[0m  UT HB 599 (2026): vote event count matches (2)
  [32m✓[0m  UT HB 599 (2026): vote tally matches on 2026-03-03 ({'yes': 69, 'no': 1, 'other': 5})
  [32m✓[0m  UT HB 599 (2026): vote tally matches on 2026-03-05 ({'yes': 26, 'no': 0, 'other': 3})
  [32m✓[0m  UT HB 599 (2026): sponsorship count matches (2)
  [32m✓[0m  UT HB 60 (2026): title matches
  [32m✓[0m  UT HB 60 (2026): latest_action matches
  [32m✓[0m  UT HB 60 (2026): vote event count matches (3)
  [32m✓[0m  UT HB 60 (2026): vote tally matches on 2026-02-03 ({'yes': 54, 'no': 17, 'other': 4})
  [32m✓[0m  UT HB 60 (2026): vote tally matches on 2026-02-18 ({'yes': 15, 'no': 7, 'other': 7})
  [32m✓[0m  UT HB 60 (2026): vote tally matches on 2026-02-20 ({'yes': 18, 'no': 7, 'other': 4})
  [32m✓[0m  UT HB 60 (2026): sponsorship count matches (2)
  [32m✓[0m  UT HB 601 (2026): title matches
  [32m✓[0m  UT HB 601 (2026): latest_action matches
  [32m✓[0m  UT HB 601 (2026): vote event count matches (0)
  [32m✓[0m  UT HB 601 (2026): sponsorship count matches (1)
  [32m✓[0m  UT HB 602 (2026): title matches
  [32m✓[0m  UT HB 602 (2026): latest_action matches
  [32m✓[0m  UT HB 602 (2026): vote event count matches (0)
  [32m✓[0m  UT HB 602 (2026): sponsorship count matches (1)
  [32m✓[0m  UT HB 603 (2026): title matches
  [32m✓[0m  UT HB 603 (2026): latest_action matches
  [32m✓[0m  UT HB 603 (2026): vote event count matches (0)
  [32m✓[0m  UT HB 603 (2026): sponsorship count matches (1)
  [32m✓[0m  UT HB 604 (2026): title matches
  [32m✓[0m  UT HB 604 (2026): latest_action matches
  [32m✓[0m  UT HB 604 (2026): vote event count matches (1)
  [32m✓[0m  UT HB 604 (2026): vote tally matches on 2026-03-04 ({'yes': 43, 'no': 23, 'other': 9})
  [32m✓[0m  UT HB 604 (2026): sponsorship count matches (2)
  [32m✓[0m  UT HB 61 (2026): title matches
  [32m✓[0m  UT HB 61 (2026): latest_action matches
  [32m✓[0m  UT HB 61 (2026): vote event count matches (3)
  [32m✓[0m  UT HB 61 (2026): vote tally matches on 2026-01-22 ({'yes': 74, 'no': 0, 'other': 1})
  [32m✓[0m  UT HB 61 (2026): vote tally matches on 2026-02-05 ({'yes': 25, 'no': 0, 'other': 4})
  [32m✓[0m  UT HB 61 (2026): vote tally matches on 2026-02-06 ({'yes': 28, 'no': 0, 'other': 1})
  [32m✓[0m  UT HB 61 (2026): sponsorship count matches (2)
  [32m✓[0m  UT HB 62 (2026): title matches
  [32m✓[0m  UT HB 62 (2026): latest_action matches
  [32m✓[0m  UT HB 62 (2026): vote event count matches (2)
  [32m✓[0m  UT HB 62 (2026): vote tally matches on 2026-02-05 ({'yes': 71, 'no': 0, 'other': 4})
  [32m✓[0m  UT HB 62 (2026): vote tally matches on 2026-02-19 ({'yes': 23, 'no': 0, 'other': 6})
  [32m✓[0m  UT HB 62 (2026): sponsorship count matches (2)
  [32m✓[0m  UT HB 63 (2026): title matches
  [32m✓[0m  UT HB 63 (2026): latest_action matches
  [32m✓[0m  UT HB 63 (2026): vote event count matches (3)
  [32m✓[0m  UT HB 63 (2026): vote tally matches on 2026-02-03 ({'yes': 69, 'no': 0, 'other': 6})
  [32m✓[0m  UT HB 63 (2026): vote tally matches on 2026-02-19 ({'yes': 26, 'no': 0, 'other': 3})
  [32m✓[0m  UT HB 63 (2026): vote tally matches on 2026-03-05 ({'yes': 28, 'no': 0, 'other': 1})
  [32m✓[0m  UT HB 63 (2026): sponsorship count matches (2)
  [32m✓[0m  UT HB 65 (2026): title matches
  [32m✓[0m  UT HB 65 (2026): latest_action matches
  [32m✓[0m  UT HB 65 (2026): vote event count matches (4)
  [32m✓[0m  UT HB 65 (2026): vote tally matches on 2026-01-27 ({'yes': 67, 'no': 2, 'other': 6})
  [32m✓[0m  UT HB 65 (2026): vote tally matches on 2026-02-05 ({'yes': 20, 'no': 5, 'other': 4})
  [32m✓[0m  UT HB 65 (2026): vote tally matches on 2026-02-06 ({'yes': 27, 'no': 0, 'other': 2})
  [32m✓[0m  UT HB 65 (2026): vote tally matches on 2026-02-09 ({'yes': 67, 'no': 2, 'other': 6})
  [32m✓[0m  UT HB 65 (2026): sponsorship count matches (2)
  [32m✓[0m  UT HB 67 (2026): title matches
  [32m✓[0m  UT HB 67 (2026): latest_action matches
  [32m✓[0m  UT HB 67 (2026): vote event count matches (2)
  [32m✓[0m  UT HB 67 (2026): vote tally matches on 2026-01-22 ({'yes': 70, 'no': 0, 'other': 5})
  [32m✓[0m  UT HB 67 (2026): vote tally matches on 2026-02-03 ({'yes': 27, 'no': 0, 'other': 2})
  [32m✓[0m  UT HB 67 (2026): sponsorship count matches (2)
    ...275/500
  [32m✓[0m  UT HB 68 (2026): title matches
  [32m✓[0m  UT HB 68 (2026): latest_action matches
  [32m✓[0m  UT HB 68 (2026): vote event count matches (4)
  [32m✓[0m  UT HB 68 (2026): vote tally matches on 2026-02-13 ({'yes': 55, 'no': 13, 'other': 7})
  [32m✓[0m  UT HB 68 (2026): vote tally matches on 2026-02-25 ({'yes': 19, 'no': 2, 'other': 8})
  [32m✓[0m  UT HB 68 (2026): vote tally matches on 2026-03-05 ({'yes': 54, 'no': 10, 'other': 11})
  [32m✓[0m  UT HB 68 (2026): vote tally matches on 2026-03-05 ({'yes': 25, 'no': 3, 'other': 1})
  [32m✓[0m  UT HB 68 (2026): sponsorship count matches (2)
  [32m✓[0m  UT HB 71 (2026): title matches
  [32m✓[0m  UT HB 71 (2026): latest_action matches
  [32m✓[0m  UT HB 71 (2026): vote event count matches (4)
  [32m✓[0m  UT HB 71 (2026): vote tally matches on 2026-02-05 ({'yes': 65, 'no': 5, 'other': 5})
  [32m✓[0m  UT HB 71 (2026): vote tally matches on 2026-02-18 ({'yes': 27, 'no': 0, 'other': 2})
  [32m✓[0m  UT HB 71 (2026): vote tally matches on 2026-03-05 ({'yes': 63, 'no': 3, 'other': 9})
  [32m✓[0m  UT HB 71 (2026): vote tally matches on 2026-03-05 ({'yes': 24, 'no': 0, 'other': 5})
  [32m✓[0m  UT HB 71 (2026): sponsorship count matches (2)
  [32m✓[0m  UT HB 73 (2026): title matches
  [32m✓[0m  UT HB 73 (2026): latest_action matches
  [32m✓[0m  UT HB 73 (2026): vote event count matches (3)
  [32m✓[0m  UT HB 73 (2026): vote tally matches on 2026-01-23 ({'yes': 71, 'no': 0, 'other': 4})
  [32m✓[0m  UT HB 73 (2026): vote tally matches on 2026-02-04 ({'yes': 24, 'no': 0, 'other': 5})
  [32m✓[0m  UT HB 73 (2026): vote tally matches on 2026-03-05 ({'yes': 24, 'no': 0, 'other': 5})
  [32m✓[0m  UT HB 73 (2026): sponsorship count matches (2)
  [32m✓[0m  UT HB 76 (2026): title matches
  [32m✓[0m  UT HB 76 (2026): latest_action matches
  [32m✓[0m  UT HB 76 (2026): vote event count matches (4)
  [32m✓[0m  UT HB 76 (2026): vote tally matches on 2026-01-29 ({'yes': 72, 'no': 0, 'other': 3})
  [32m✓[0m  UT HB 76 (2026): vote tally matches on 2026-03-05 ({'yes': 62, 'no': 2, 'other': 11})
  [32m✓[0m  UT HB 76 (2026): vote tally matches on 2026-03-05 ({'yes': 13, 'no': 15, 'other': 1})
  [32m✓[0m  UT HB 76 (2026): vote tally matches on 2026-03-05 ({'yes': 19, 'no': 5, 'other': 5})
  [32m✓[0m  UT HB 76 (2026): sponsorship count matches (2)
  [32m✓[0m  UT HB 77 (2026): title matches
  [32m✓[0m  UT HB 77 (2026): latest_action matches
  [32m✓[0m  UT HB 77 (2026): vote event count matches (3)
  [32m✓[0m  UT HB 77 (2026): vote tally matches on 2026-01-27 ({'yes': 72, 'no': 0, 'other': 3})
  [32m✓[0m  UT HB 77 (2026): vote tally matches on 2026-02-05 ({'yes': 25, 'no': 0, 'other': 4})
  [32m✓[0m  UT HB 77 (2026): vote tally matches on 2026-02-06 ({'yes': 27, 'no': 1, 'other': 1})
  [32m✓[0m  UT HB 77 (2026): sponsorship count matches (2)
  [32m✓[0m  UT HB 78 (2026): title matches
  [32m✓[0m  UT HB 78 (2026): latest_action matches
  [32m✓[0m  UT HB 78 (2026): vote event count matches (4)
  [32m✓[0m  UT HB 78 (2026): vote tally matches on 2026-01-26 ({'yes': 75, 'no': 0, 'other': 0})
  [32m✓[0m  UT HB 78 (2026): vote tally matches on 2026-02-05 ({'yes': 23, 'no': 1, 'other': 5})
  [32m✓[0m  UT HB 78 (2026): vote tally matches on 2026-03-04 ({'yes': 23, 'no': 2, 'other': 4})
  [32m✓[0m  UT HB 78 (2026): vote tally matches on 2026-03-05 ({'yes': 61, 'no': 8, 'other': 6})
  [32m✓[0m  UT HB 78 (2026): sponsorship count matches (2)
  [32m✓[0m  UT HB 79 (2026): title matches
  [32m✓[0m  UT HB 79 (2026): latest_action matches
  [32m✓[0m  UT HB 79 (2026): vote event count matches (3)
  [32m✓[0m  UT HB 79 (2026): vote tally matches on 2026-02-02 ({'yes': 71, 'no': 0, 'other': 4})
  [32m✓[0m  UT HB 79 (2026): vote tally matches on 2026-02-11 ({'yes': 28, 'no': 0, 'other': 1})
  [32m✓[0m  UT HB 79 (2026): vote tally matches on 2026-02-12 ({'yes': 25, 'no': 0, 'other': 4})
  [32m✓[0m  UT HB 79 (2026): sponsorship count matches (2)
  [32m✓[0m  UT HB 85 (2026): title matches
  [32m✓[0m  UT HB 85 (2026): latest_action matches
  [32m✓[0m  UT HB 85 (2026): vote event count matches (3)
  [32m✓[0m  UT HB 85 (2026): vote tally matches on 2026-01-23 ({'yes': 55, 'no': 11, 'other': 9})
  [32m✓[0m  UT HB 85 (2026): vote tally matches on 2026-02-04 ({'yes': 19, 'no': 5, 'other': 5})
  [32m✓[0m  UT HB 85 (2026): vote tally matches on 2026-02-05 ({'yes': 12, 'no': 17, 'other': 0})
  [32m✓[0m  UT HB 85 (2026): sponsorship count matches (2)
  [32m✓[0m  UT HB 86 (2026): title matches
  [32m✓[0m  UT HB 86 (2026): latest_action matches
  [32m✓[0m  UT HB 86 (2026): vote event count matches (1)
  [32m✓[0m  UT HB 86 (2026): vote tally matches on 2026-02-06 ({'yes': 48, 'no': 18, 'other': 9})
  [32m✓[0m  UT HB 86 (2026): sponsorship count matches (2)
  [32m✓[0m  UT HB 87 (2026): title matches
  [32m✓[0m  UT HB 87 (2026): latest_action matches
  [32m✓[0m  UT HB 87 (2026): vote event count matches (5)
  [32m✓[0m  UT HB 87 (2026): vote tally matches on 2026-02-10 ({'yes': 40, 'no': 24, 'other': 11})
  [32m✓[0m  UT HB 87 (2026): vote tally matches on 2026-02-19 ({'yes': 12, 'no': 16, 'other': 1})
  [32m✓[0m  UT HB 87 (2026): vote tally matches on 2026-02-25 ({'yes': 25, 'no': 1, 'other': 3})
  [32m✓[0m  UT HB 87 (2026): vote tally matches on 2026-02-26 ({'yes': 22, 'no': 0, 'other': 7})
  [32m✓[0m  UT HB 87 (2026): vote tally matches on 2026-02-27 ({'yes': 52, 'no': 14, 'other': 9})
  [32m✓[0m  UT HB 87 (2026): sponsorship count matches (2)
  [32m✓[0m  UT HB 90 (2026): title matches
  [32m✓[0m  UT HB 90 (2026): latest_action matches
  [32m✓[0m  UT HB 90 (2026): vote event count matches (3)
  [32m✓[0m  UT HB 90 (2026): vote tally matches on 2026-02-06 ({'yes': 67, 'no': 0, 'other': 8})
  [32m✓[0m  UT HB 90 (2026): vote tally matches on 2026-03-06 ({'yes': 27, 'no': 0, 'other': 2})
  [32m✓[0m  UT HB 90 (2026): vote tally matches on 2026-03-07 ({'yes': 60, 'no': 1, 'other': 14})
  [32m✓[0m  UT HB 90 (2026): sponsorship count matches (2)
  [32m✓[0m  UT HB 91 (2026): title matches
  [32m✓[0m  UT HB 91 (2026): latest_action matches
  [32m✓[0m  UT HB 91 (2026): vote event count matches (0)
  [32m✓[0m  UT HB 91 (2026): sponsorship count matches (1)
  [32m✓[0m  UT HB 94 (2026): title matches
  [32m✓[0m  UT HB 94 (2026): latest_action matches
  [32m✓[0m  UT HB 94 (2026): vote event count matches (2)
  [32m✓[0m  UT HB 94 (2026): vote tally matches on 2026-02-19 ({'yes': 74, 'no': 0, 'other': 1})
  [32m✓[0m  UT HB 94 (2026): vote tally matches on 2026-03-06 ({'yes': 26, 'no': 0, 'other': 3})
  [32m✓[0m  UT HB 94 (2026): sponsorship count matches (2)
  [32m✓[0m  UT HB 98 (2026): title matches
  [32m✓[0m  UT HB 98 (2026): latest_action matches
  [32m✓[0m  UT HB 98 (2026): vote event count matches (4)
  [32m✓[0m  UT HB 98 (2026): vote tally matches on 2026-01-28 ({'yes': 39, 'no': 33, 'other': 3})
  [32m✓[0m  UT HB 98 (2026): vote tally matches on 2026-02-05 ({'yes': 17, 'no': 7, 'other': 5})
  [32m✓[0m  UT HB 98 (2026): vote tally matches on 2026-02-06 ({'yes': 23, 'no': 5, 'other': 1})
  [32m✓[0m  UT HB 98 (2026): vote tally matches on 2026-02-10 ({'yes': 29, 'no': 40, 'other': 6})
  [32m✓[0m  UT HB 98 (2026): sponsorship count matches (2)
  [32m✓[0m  UT HB 99 (2026): title matches
  [32m✓[0m  UT HB 99 (2026): latest_action matches
  [32m✓[0m  UT HB 99 (2026): vote event count matches (2)
  [32m✓[0m  UT HB 99 (2026): vote tally matches on 2026-02-10 ({'yes': 60, 'no': 10, 'other': 5})
  [32m✓[0m  UT HB 99 (2026): vote tally matches on 2026-02-19 ({'yes': 22, 'no': 0, 'other': 7})
  [32m✓[0m  UT HB 99 (2026): sponsorship count matches (2)
  [32m✓[0m  UT HCR 10 (2026): title matches
  [32m✓[0m  UT HCR 10 (2026): latest_action matches
  [32m✓[0m  UT HCR 10 (2026): vote event count matches (3)
  [32m✓[0m  UT HCR 10 (2026): vote tally matches on 2026-02-23 ({'yes': 67, 'no': 1, 'other': 7})
  [32m✓[0m  UT HCR 10 (2026): vote tally matches on 2026-03-06 ({'yes': 23, 'no': 0, 'other': 6})
  [32m✓[0m  UT HCR 10 (2026): vote tally matches on 2026-03-06 ({'yes': 66, 'no': 1, 'other': 8})
  [32m✓[0m  UT HCR 10 (2026): sponsorship count matches (2)
  [32m✓[0m  UT HCR 11 (2026): title matches
  [32m✓[0m  UT HCR 11 (2026): latest_action matches
  [32m✓[0m  UT HCR 11 (2026): vote event count matches (2)
  [32m✓[0m  UT HCR 11 (2026): vote tally matches on 2026-02-17 ({'yes': 69, 'no': 0, 'other': 6})
  [32m✓[0m  UT HCR 11 (2026): vote tally matches on 2026-03-02 ({'yes': 29, 'no': 0, 'other': 0})
  [32m✓[0m  UT HCR 11 (2026): sponsorship count matches (2)
  [32m✓[0m  UT HCR 12 (2026): title matches
  [32m✓[0m  UT HCR 12 (2026): latest_action matches
  [32m✓[0m  UT HCR 12 (2026): vote event count matches (2)
  [32m✓[0m  UT HCR 12 (2026): vote tally matches on 2026-02-23 ({'yes': 65, 'no': 0, 'other': 10})
  [32m✓[0m  UT HCR 12 (2026): vote tally matches on 2026-03-04 ({'yes': 25, 'no': 0, 'other': 4})
  [32m✓[0m  UT HCR 12 (2026): sponsorship count matches (2)
  [32m✓[0m  UT HCR 13 (2026): title matches
  [32m✓[0m  UT HCR 13 (2026): latest_action matches
  [32m✓[0m  UT HCR 13 (2026): vote event count matches (2)
  [32m✓[0m  UT HCR 13 (2026): vote tally matches on 2026-02-23 ({'yes': 62, 'no': 0, 'other': 13})
  [32m✓[0m  UT HCR 13 (2026): vote tally matches on 2026-03-04 ({'yes': 24, 'no': 0, 'other': 5})
  [32m✓[0m  UT HCR 13 (2026): sponsorship count matches (2)
  [32m✓[0m  UT HCR 2 (2026): title matches
  [32m✓[0m  UT HCR 2 (2026): latest_action matches
  [32m✓[0m  UT HCR 2 (2026): vote event count matches (3)
  [32m✓[0m  UT HCR 2 (2026): vote tally matches on 2026-02-23 ({'yes': 73, 'no': 0, 'other': 2})
  [32m✓[0m  UT HCR 2 (2026): vote tally matches on 2026-03-06 ({'yes': 22, 'no': 0, 'other': 7})
  [32m✓[0m  UT HCR 2 (2026): vote tally matches on 2026-03-07 ({'yes': 64, 'no': 0, 'other': 11})
  [32m✓[0m  UT HCR 2 (2026): sponsorship count matches (2)
  [32m✓[0m  UT HCR 4 (2026): title matches
  [32m✓[0m  UT HCR 4 (2026): latest_action matches
  [32m✓[0m  UT HCR 4 (2026): vote event count matches (3)
  [32m✓[0m  UT HCR 4 (2026): vote tally matches on 2026-01-29 ({'yes': 70, 'no': 0, 'other': 5})
  [32m✓[0m  UT HCR 4 (2026): vote tally matches on 2026-02-18 ({'yes': 22, 'no': 1, 'other': 6})
  [32m✓[0m  UT HCR 4 (2026): vote tally matches on 2026-02-19 ({'yes': 23, 'no': 1, 'other': 5})
  [32m✓[0m  UT HCR 4 (2026): sponsorship count matches (2)
  [32m✓[0m  UT HCR 7 (2026): title matches
  [32m✓[0m  UT HCR 7 (2026): latest_action matches
  [32m✓[0m  UT HCR 7 (2026): vote event count matches (2)
  [32m✓[0m  UT HCR 7 (2026): vote tally matches on 2026-02-19 ({'yes': 66, 'no': 1, 'other': 8})
  [32m✓[0m  UT HCR 7 (2026): vote tally matches on 2026-03-02 ({'yes': 28, 'no': 0, 'other': 1})
  [32m✓[0m  UT HCR 7 (2026): sponsorship count matches (2)
  [32m✓[0m  UT HCR 8 (2026): title matches
  [32m✓[0m  UT HCR 8 (2026): latest_action matches
  [32m✓[0m  UT HCR 8 (2026): vote event count matches (2)
  [32m✓[0m  UT HCR 8 (2026): vote tally matches on 2026-02-23 ({'yes': 68, 'no': 2, 'other': 5})
  [32m✓[0m  UT HCR 8 (2026): vote tally matches on 2026-03-06 ({'yes': 22, 'no': 0, 'other': 7})
  [32m✓[0m  UT HCR 8 (2026): sponsorship count matches (2)
  [32m✓[0m  UT HJR 1 (2026): title matches
  [32m✓[0m  UT HJR 1 (2026): latest_action matches
  [32m✓[0m  UT HJR 1 (2026): vote event count matches (5)
  [32m✓[0m  UT HJR 1 (2026): vote tally matches on 2026-01-28 ({'yes': 73, 'no': 0, 'other': 2})
  [32m✓[0m  UT HJR 1 (2026): vote tally matches on 2026-02-04 ({'yes': 24, 'no': 0, 'other': 5})
  [32m✓[0m  UT HJR 1 (2026): vote tally matches on 2026-02-05 ({'yes': 24, 'no': 0, 'other': 5})
  [32m✓[0m  UT HJR 1 (2026): vote tally matches on 2026-02-13 ({'yes': 26, 'no': 0, 'other': 3})
  [32m✓[0m  UT HJR 1 (2026): vote tally matches on 2026-02-17 ({'yes': 68, 'no': 0, 'other': 7})
  [32m✓[0m  UT HJR 1 (2026): sponsorship count matches (2)
  [32m✓[0m  UT HJR 13 (2026): title matches
  [32m✓[0m  UT HJR 13 (2026): latest_action matches
  [32m✓[0m  UT HJR 13 (2026): vote event count matches (0)
  [32m✓[0m  UT HJR 13 (2026): sponsorship count matches (1)
    ...300/500
  [32m✓[0m  UT HJR 14 (2026): title matches
  [32m✓[0m  UT HJR 14 (2026): latest_action matches
  [32m✓[0m  UT HJR 14 (2026): vote event count matches (0)
  [32m✓[0m  UT HJR 14 (2026): sponsorship count matches (1)
  [32m✓[0m  UT HJR 17 (2026): title matches
  [32m✓[0m  UT HJR 17 (2026): latest_action matches
  [32m✓[0m  UT HJR 17 (2026): vote event count matches (0)
  [32m✓[0m  UT HJR 17 (2026): sponsorship count matches (1)
  [32m✓[0m  UT HJR 18 (2026): title matches
  [32m✓[0m  UT HJR 18 (2026): latest_action matches
  [32m✓[0m  UT HJR 18 (2026): vote event count matches (2)
  [32m✓[0m  UT HJR 18 (2026): vote tally matches on 2026-02-26 ({'yes': 66, 'no': 0, 'other': 9})
  [32m✓[0m  UT HJR 18 (2026): vote tally matches on 2026-03-05 ({'yes': 24, 'no': 3, 'other': 2})
  [32m✓[0m  UT HJR 18 (2026): sponsorship count matches (2)
  [32m✓[0m  UT HJR 2 (2026): title matches
  [32m✓[0m  UT HJR 2 (2026): latest_action matches
  [32m✓[0m  UT HJR 2 (2026): vote event count matches (3)
  [32m✓[0m  UT HJR 2 (2026): vote tally matches on 2026-01-27 ({'yes': 70, 'no': 1, 'other': 4})
  [32m✓[0m  UT HJR 2 (2026): vote tally matches on 2026-02-04 ({'yes': 20, 'no': 2, 'other': 7})
  [32m✓[0m  UT HJR 2 (2026): vote tally matches on 2026-02-05 ({'yes': 22, 'no': 4, 'other': 3})
  [32m✓[0m  UT HJR 2 (2026): sponsorship count matches (2)
  [32m✓[0m  UT HJR 24 (2026): title matches
  [32m✓[0m  UT HJR 24 (2026): latest_action matches
  [32m✓[0m  UT HJR 24 (2026): vote event count matches (0)
  [32m✓[0m  UT HJR 24 (2026): sponsorship count matches (1)
  [32m✓[0m  UT HJR 27 (2026): title matches
  [32m✓[0m  UT HJR 27 (2026): latest_action matches
  [32m✓[0m  UT HJR 27 (2026): vote event count matches (0)
  [32m✓[0m  UT HJR 27 (2026): sponsorship count matches (1)
  [32m✓[0m  UT HJR 30 (2026): title matches
  [32m✓[0m  UT HJR 30 (2026): latest_action matches
  [32m✓[0m  UT HJR 30 (2026): vote event count matches (2)
  [32m✓[0m  UT HJR 30 (2026): vote tally matches on 2026-03-07 ({'yes': 25, 'no': 1, 'other': 3})
  [32m✓[0m  UT HJR 30 (2026): vote tally matches on 2026-03-07 ({'yes': 62, 'no': 2, 'other': 11})
  [32m✓[0m  UT HJR 30 (2026): sponsorship count matches (2)
  [32m✓[0m  UT HJR 4 (2026): title matches
  [32m✓[0m  UT HJR 4 (2026): latest_action matches
  [32m✓[0m  UT HJR 4 (2026): vote event count matches (1)
  [32m✓[0m  UT HJR 4 (2026): vote tally matches on 2026-03-02 ({'yes': 63, 'no': 0, 'other': 12})
  [32m✓[0m  UT HJR 4 (2026): sponsorship count matches (2)
  [32m✓[0m  UT HJR 6 (2026): title matches
  [32m✓[0m  UT HJR 6 (2026): latest_action matches
  [32m✓[0m  UT HJR 6 (2026): vote event count matches (0)
  [32m✓[0m  UT HJR 6 (2026): sponsorship count matches (1)
  [32m✓[0m  UT HJR 7 (2026): title matches
  [32m✓[0m  UT HJR 7 (2026): latest_action matches
  [32m✓[0m  UT HJR 7 (2026): vote event count matches (0)
  [32m✓[0m  UT HJR 7 (2026): sponsorship count matches (1)
  [32m✓[0m  UT HJR 9 (2026): title matches
  [32m✓[0m  UT HJR 9 (2026): latest_action matches
  [32m✓[0m  UT HJR 9 (2026): vote event count matches (0)
  [32m✓[0m  UT HJR 9 (2026): sponsorship count matches (2)
  [32m✓[0m  UT HR 3 (2026): title matches
  [32m✓[0m  UT HR 3 (2026): latest_action matches
  [32m✓[0m  UT HR 3 (2026): vote event count matches (1)
  [32m✓[0m  UT HR 3 (2026): vote tally matches on 2026-02-09 ({'yes': 72, 'no': 0, 'other': 3})
  [32m✓[0m  UT HR 3 (2026): sponsorship count matches (1)
  [32m✓[0m  UT HR 5 (2026): title matches
  [32m✓[0m  UT HR 5 (2026): latest_action matches
  [32m✓[0m  UT HR 5 (2026): vote event count matches (0)
  [32m✓[0m  UT HR 5 (2026): sponsorship count matches (1)
  [32m✓[0m  UT HR 6 (2026): title matches
  [32m✓[0m  UT HR 6 (2026): latest_action matches
  [32m✓[0m  UT HR 6 (2026): vote event count matches (0)
  [32m✓[0m  UT HR 6 (2026): sponsorship count matches (1)
  [32m✓[0m  UT HR 7 (2026): title matches
  [32m✓[0m  UT HR 7 (2026): latest_action matches
  [32m✓[0m  UT HR 7 (2026): vote event count matches (1)
  [32m✓[0m  UT HR 7 (2026): vote tally matches on 2026-03-02 ({'yes': 74, 'no': 0, 'other': 1})
  [32m✓[0m  UT HR 7 (2026): sponsorship count matches (1)
  [32m✓[0m  UT HR 8 (2026): title matches
  [32m✓[0m  UT HR 8 (2026): latest_action matches
  [32m✓[0m  UT HR 8 (2026): vote event count matches (1)
  [32m✓[0m  UT HR 8 (2026): vote tally matches on 2026-03-03 ({'yes': 67, 'no': 3, 'other': 5})
  [32m✓[0m  UT HR 8 (2026): sponsorship count matches (1)
  [32m✓[0m  UT SB 100 (2026): title matches
  [32m✓[0m  UT SB 100 (2026): latest_action matches
  [32m✓[0m  UT SB 100 (2026): vote event count matches (3)
  [32m✓[0m  UT SB 100 (2026): vote tally matches on 2026-02-06 ({'yes': 26, 'no': 0, 'other': 3})
  [32m✓[0m  UT SB 100 (2026): vote tally matches on 2026-02-17 ({'yes': 24, 'no': 0, 'other': 5})
  [32m✓[0m  UT SB 100 (2026): vote tally matches on 2026-03-04 ({'yes': 72, 'no': 0, 'other': 3})
  [32m✓[0m  UT SB 100 (2026): sponsorship count matches (2)
  [32m✓[0m  UT SB 101 (2026): title matches
  [32m✓[0m  UT SB 101 (2026): latest_action matches
  [32m✓[0m  UT SB 101 (2026): vote event count matches (4)
  [32m✓[0m  UT SB 101 (2026): vote tally matches on 2026-01-22 ({'yes': 26, 'no': 0, 'other': 3})
  [32m✓[0m  UT SB 101 (2026): vote tally matches on 2026-01-23 ({'yes': 25, 'no': 0, 'other': 4})
  [32m✓[0m  UT SB 101 (2026): vote tally matches on 2026-03-05 ({'yes': 26, 'no': 0, 'other': 3})
  [32m✓[0m  UT SB 101 (2026): vote tally matches on 2026-03-05 ({'yes': 66, 'no': 1, 'other': 8})
  [32m✓[0m  UT SB 101 (2026): sponsorship count matches (2)
  [32m✓[0m  UT SB 103 (2026): title matches
  [32m✓[0m  UT SB 103 (2026): latest_action matches
  [32m✓[0m  UT SB 103 (2026): vote event count matches (2)
  [32m✓[0m  UT SB 103 (2026): vote tally matches on 2026-02-02 ({'yes': 26, 'no': 0, 'other': 3})
  [32m✓[0m  UT SB 103 (2026): vote tally matches on 2026-02-03 ({'yes': 28, 'no': 0, 'other': 1})
  [32m✓[0m  UT SB 103 (2026): sponsorship count matches (2)
  [32m✓[0m  UT SB 105 (2026): title matches
  [32m✓[0m  UT SB 105 (2026): latest_action matches
  [32m✓[0m  UT SB 105 (2026): vote event count matches (1)
  [32m✓[0m  UT SB 105 (2026): vote tally matches on 2026-02-27 ({'yes': 13, 'no': 12, 'other': 4})
  [32m✓[0m  UT SB 105 (2026): sponsorship count matches (1)
  [32m✓[0m  UT SB 106 (2026): title matches
  [32m✓[0m  UT SB 106 (2026): latest_action matches
  [32m✓[0m  UT SB 106 (2026): vote event count matches (0)
  [32m✓[0m  UT SB 106 (2026): sponsorship count matches (1)
  [32m✓[0m  UT SB 108 (2026): title matches
  [32m✓[0m  UT SB 108 (2026): latest_action matches
  [32m✓[0m  UT SB 108 (2026): vote event count matches (3)
  [32m✓[0m  UT SB 108 (2026): vote tally matches on 2026-02-06 ({'yes': 26, 'no': 3, 'other': 0})
  [32m✓[0m  UT SB 108 (2026): vote tally matches on 2026-02-09 ({'yes': 23, 'no': 3, 'other': 3})
  [32m✓[0m  UT SB 108 (2026): vote tally matches on 2026-02-19 ({'yes': 66, 'no': 1, 'other': 8})
  [32m✓[0m  UT SB 108 (2026): sponsorship count matches (2)
  [32m✓[0m  UT SB 109 (2026): title matches
  [32m✓[0m  UT SB 109 (2026): latest_action matches
  [32m✓[0m  UT SB 109 (2026): vote event count matches (3)
  [32m✓[0m  UT SB 109 (2026): vote tally matches on 2026-01-26 ({'yes': 25, 'no': 1, 'other': 3})
  [32m✓[0m  UT SB 109 (2026): vote tally matches on 2026-01-27 ({'yes': 26, 'no': 1, 'other': 2})
  [32m✓[0m  UT SB 109 (2026): vote tally matches on 2026-02-26 ({'yes': 47, 'no': 2, 'other': 26})
  [32m✓[0m  UT SB 109 (2026): sponsorship count matches (2)
  [32m✓[0m  UT SB 110 (2026): title matches
  [32m✓[0m  UT SB 110 (2026): latest_action matches
  [32m✓[0m  UT SB 110 (2026): vote event count matches (3)
  [32m✓[0m  UT SB 110 (2026): vote tally matches on 2026-02-03 ({'yes': 22, 'no': 6, 'other': 1})
  [32m✓[0m  UT SB 110 (2026): vote tally matches on 2026-02-05 ({'yes': 18, 'no': 7, 'other': 4})
  [32m✓[0m  UT SB 110 (2026): vote tally matches on 2026-03-04 ({'yes': 59, 'no': 13, 'other': 3})
  [32m✓[0m  UT SB 110 (2026): sponsorship count matches (2)
  [32m✓[0m  UT SB 112 (2026): title matches
  [32m✓[0m  UT SB 112 (2026): latest_action matches
  [32m✓[0m  UT SB 112 (2026): vote event count matches (3)
  [32m✓[0m  UT SB 112 (2026): vote tally matches on 2026-02-10 ({'yes': 22, 'no': 4, 'other': 3})
  [32m✓[0m  UT SB 112 (2026): vote tally matches on 2026-02-11 ({'yes': 27, 'no': 0, 'other': 2})
  [32m✓[0m  UT SB 112 (2026): vote tally matches on 2026-02-25 ({'yes': 72, 'no': 0, 'other': 3})
  [32m✓[0m  UT SB 112 (2026): sponsorship count matches (2)
    ...325/500
  [32m✓[0m  UT SB 113 (2026): title matches
  [32m✓[0m  UT SB 113 (2026): latest_action matches
  [32m✓[0m  UT SB 113 (2026): vote event count matches (0)
  [32m✓[0m  UT SB 113 (2026): sponsorship count matches (1)
  [32m✓[0m  UT SB 115 (2026): title matches
  [32m✓[0m  UT SB 115 (2026): latest_action matches
  [32m✓[0m  UT SB 115 (2026): vote event count matches (1)
  [32m✓[0m  UT SB 115 (2026): vote tally matches on 2026-02-03 ({'yes': 11, 'no': 15, 'other': 3})
  [32m✓[0m  UT SB 115 (2026): sponsorship count matches (2)
  [32m✓[0m  UT SB 116 (2026): title matches
  [32m✓[0m  UT SB 116 (2026): latest_action matches
  [32m✓[0m  UT SB 116 (2026): vote event count matches (0)
  [32m✓[0m  UT SB 116 (2026): sponsorship count matches (1)
  [32m✓[0m  UT SB 117 (2026): title matches
  [32m✓[0m  UT SB 117 (2026): latest_action matches
  [32m✓[0m  UT SB 117 (2026): vote event count matches (3)
  [32m✓[0m  UT SB 117 (2026): vote tally matches on 2026-01-22 ({'yes': 25, 'no': 0, 'other': 4})
  [32m✓[0m  UT SB 117 (2026): vote tally matches on 2026-01-23 ({'yes': 27, 'no': 0, 'other': 2})
  [32m✓[0m  UT SB 117 (2026): vote tally matches on 2026-02-11 ({'yes': 67, 'no': 0, 'other': 8})
  [32m✓[0m  UT SB 117 (2026): sponsorship count matches (2)
  [32m✓[0m  UT SB 119 (2026): title matches
  [32m✓[0m  UT SB 119 (2026): latest_action matches
  [32m✓[0m  UT SB 119 (2026): vote event count matches (2)
  [32m✓[0m  UT SB 119 (2026): vote tally matches on 2026-02-24 ({'yes': 22, 'no': 4, 'other': 3})
  [32m✓[0m  UT SB 119 (2026): vote tally matches on 2026-02-25 ({'yes': 25, 'no': 2, 'other': 2})
  [32m✓[0m  UT SB 119 (2026): sponsorship count matches (2)
  [32m✓[0m  UT SB 12 (2026): title matches
  [32m✓[0m  UT SB 12 (2026): latest_action matches
  [32m✓[0m  UT SB 12 (2026): vote event count matches (4)
  [32m✓[0m  UT SB 12 (2026): vote tally matches on 2026-02-20 ({'yes': 25, 'no': 0, 'other': 4})
  [32m✓[0m  UT SB 12 (2026): vote tally matches on 2026-02-23 ({'yes': 24, 'no': 0, 'other': 5})
  [32m✓[0m  UT SB 12 (2026): vote tally matches on 2026-03-06 ({'yes': 29, 'no': 0, 'other': 0})
  [32m✓[0m  UT SB 12 (2026): vote tally matches on 2026-03-06 ({'yes': 60, 'no': 3, 'other': 12})
  [32m✓[0m  UT SB 12 (2026): sponsorship count matches (2)
  [32m✓[0m  UT SB 120 (2026): title matches
  [32m✓[0m  UT SB 120 (2026): latest_action matches
  [32m✓[0m  UT SB 120 (2026): vote event count matches (4)
  [32m✓[0m  UT SB 120 (2026): vote tally matches on 2026-01-27 ({'yes': 26, 'no': 0, 'other': 3})
  [32m✓[0m  UT SB 120 (2026): vote tally matches on 2026-01-28 ({'yes': 25, 'no': 0, 'other': 4})
  [32m✓[0m  UT SB 120 (2026): vote tally matches on 2026-02-11 ({'yes': 69, 'no': 0, 'other': 6})
  [32m✓[0m  UT SB 120 (2026): vote tally matches on 2026-02-13 ({'yes': 24, 'no': 0, 'other': 5})
  [32m✓[0m  UT SB 120 (2026): sponsorship count matches (2)
  [32m✓[0m  UT SB 122 (2026): title matches
  [32m✓[0m  UT SB 122 (2026): latest_action matches
  [32m✓[0m  UT SB 122 (2026): vote event count matches (4)
  [32m✓[0m  UT SB 122 (2026): vote tally matches on 2026-02-04 ({'yes': 25, 'no': 0, 'other': 4})
  [32m✓[0m  UT SB 122 (2026): vote tally matches on 2026-02-05 ({'yes': 25, 'no': 0, 'other': 4})
  [32m✓[0m  UT SB 122 (2026): vote tally matches on 2026-03-05 ({'yes': 67, 'no': 0, 'other': 8})
  [32m✓[0m  UT SB 122 (2026): vote tally matches on 2026-03-06 ({'yes': 27, 'no': 0, 'other': 2})
  [32m✓[0m  UT SB 122 (2026): sponsorship count matches (2)
  [32m✓[0m  UT SB 124 (2026): title matches
  [32m✓[0m  UT SB 124 (2026): latest_action matches
  [32m✓[0m  UT SB 124 (2026): vote event count matches (3)
  [32m✓[0m  UT SB 124 (2026): vote tally matches on 2026-02-17 ({'yes': 18, 'no': 5, 'other': 6})
  [32m✓[0m  UT SB 124 (2026): vote tally matches on 2026-02-18 ({'yes': 23, 'no': 4, 'other': 2})
  [32m✓[0m  UT SB 124 (2026): vote tally matches on 2026-03-05 ({'yes': 30, 'no': 43, 'other': 2})
  [32m✓[0m  UT SB 124 (2026): sponsorship count matches (2)
  [32m✓[0m  UT SB 126 (2026): title matches
  [32m✓[0m  UT SB 126 (2026): latest_action matches
  [32m✓[0m  UT SB 126 (2026): vote event count matches (0)
  [32m✓[0m  UT SB 126 (2026): sponsorship count matches (1)
  [32m✓[0m  UT SB 134 (2026): title matches
  [32m✓[0m  UT SB 134 (2026): latest_action matches
  [32m✓[0m  UT SB 134 (2026): vote event count matches (3)
  [32m✓[0m  UT SB 134 (2026): vote tally matches on 2026-01-23 ({'yes': 22, 'no': 7, 'other': 0})
  [32m✓[0m  UT SB 134 (2026): vote tally matches on 2026-01-26 ({'yes': 21, 'no': 8, 'other': 0})
  [32m✓[0m  UT SB 134 (2026): vote tally matches on 2026-01-30 ({'yes': 57, 'no': 18, 'other': 0})
  [32m✓[0m  UT SB 134 (2026): sponsorship count matches (2)
  [32m✓[0m  UT SB 135 (2026): title matches
  [32m✓[0m  UT SB 135 (2026): latest_action matches
  [32m✓[0m  UT SB 135 (2026): vote event count matches (3)
  [32m✓[0m  UT SB 135 (2026): vote tally matches on 2026-02-03 ({'yes': 22, 'no': 1, 'other': 6})
  [32m✓[0m  UT SB 135 (2026): vote tally matches on 2026-02-06 ({'yes': 21, 'no': 5, 'other': 3})
  [32m✓[0m  UT SB 135 (2026): vote tally matches on 2026-03-04 ({'yes': 59, 'no': 12, 'other': 4})
  [32m✓[0m  UT SB 135 (2026): sponsorship count matches (2)
  [32m✓[0m  UT SB 137 (2026): title matches
  [32m✓[0m  UT SB 137 (2026): latest_action matches
  [32m✓[0m  UT SB 137 (2026): vote event count matches (2)
  [32m✓[0m  UT SB 137 (2026): vote tally matches on 2026-02-09 ({'yes': 15, 'no': 9, 'other': 5})
  [32m✓[0m  UT SB 137 (2026): vote tally matches on 2026-02-10 ({'yes': 13, 'no': 11, 'other': 5})
  [32m✓[0m  UT SB 137 (2026): sponsorship count matches (1)
  [32m✓[0m  UT SB 140 (2026): title matches
  [32m✓[0m  UT SB 140 (2026): latest_action matches
  [32m✓[0m  UT SB 140 (2026): vote event count matches (3)
  [32m✓[0m  UT SB 140 (2026): vote tally matches on 2026-01-28 ({'yes': 28, 'no': 0, 'other': 1})
  [32m✓[0m  UT SB 140 (2026): vote tally matches on 2026-01-29 ({'yes': 24, 'no': 0, 'other': 5})
  [32m✓[0m  UT SB 140 (2026): vote tally matches on 2026-02-06 ({'yes': 68, 'no': 1, 'other': 6})
  [32m✓[0m  UT SB 140 (2026): sponsorship count matches (2)
  [32m✓[0m  UT SB 142 (2026): title matches
  [32m✓[0m  UT SB 142 (2026): latest_action matches
  [32m✓[0m  UT SB 142 (2026): vote event count matches (3)
  [32m✓[0m  UT SB 142 (2026): vote tally matches on 2026-02-24 ({'yes': 23, 'no': 0, 'other': 6})
  [32m✓[0m  UT SB 142 (2026): vote tally matches on 2026-02-24 ({'yes': 26, 'no': 0, 'other': 3})
  [32m✓[0m  UT SB 142 (2026): vote tally matches on 2026-03-07 ({'yes': 61, 'no': 1, 'other': 13})
  [32m✓[0m  UT SB 142 (2026): sponsorship count matches (2)
  [32m✓[0m  UT SB 143 (2026): title matches
  [32m✓[0m  UT SB 143 (2026): latest_action matches
  [32m✓[0m  UT SB 143 (2026): vote event count matches (2)
  [32m✓[0m  UT SB 143 (2026): vote tally matches on 2026-02-24 ({'yes': 22, 'no': 3, 'other': 4})
  [32m✓[0m  UT SB 143 (2026): vote tally matches on 2026-02-25 ({'yes': 20, 'no': 4, 'other': 5})
  [32m✓[0m  UT SB 143 (2026): sponsorship count matches (2)
  [32m✓[0m  UT SB 145 (2026): title matches
  [32m✓[0m  UT SB 145 (2026): latest_action matches
  [32m✓[0m  UT SB 145 (2026): vote event count matches (3)
  [32m✓[0m  UT SB 145 (2026): vote tally matches on 2026-02-09 ({'yes': 25, 'no': 0, 'other': 4})
  [32m✓[0m  UT SB 145 (2026): vote tally matches on 2026-02-13 ({'yes': 27, 'no': 0, 'other': 2})
  [32m✓[0m  UT SB 145 (2026): vote tally matches on 2026-02-26 ({'yes': 74, 'no': 0, 'other': 1})
  [32m✓[0m  UT SB 145 (2026): sponsorship count matches (2)
  [32m✓[0m  UT SB 146 (2026): title matches
  [32m✓[0m  UT SB 146 (2026): latest_action matches
  [32m✓[0m  UT SB 146 (2026): vote event count matches (3)
  [32m✓[0m  UT SB 146 (2026): vote tally matches on 2026-02-02 ({'yes': 25, 'no': 0, 'other': 4})
  [32m✓[0m  UT SB 146 (2026): vote tally matches on 2026-02-03 ({'yes': 28, 'no': 0, 'other': 1})
  [32m✓[0m  UT SB 146 (2026): vote tally matches on 2026-02-18 ({'yes': 69, 'no': 0, 'other': 6})
  [32m✓[0m  UT SB 146 (2026): sponsorship count matches (2)
  [32m✓[0m  UT SB 147 (2026): title matches
  [32m✓[0m  UT SB 147 (2026): latest_action matches
  [32m✓[0m  UT SB 147 (2026): vote event count matches (4)
  [32m✓[0m  UT SB 147 (2026): vote tally matches on 2026-01-22 ({'yes': 25, 'no': 0, 'other': 4})
  [32m✓[0m  UT SB 147 (2026): vote tally matches on 2026-02-17 ({'yes': 24, 'no': 0, 'other': 5})
  [32m✓[0m  UT SB 147 (2026): vote tally matches on 2026-03-06 ({'yes': 28, 'no': 0, 'other': 1})
  [32m✓[0m  UT SB 147 (2026): vote tally matches on 2026-03-06 ({'yes': 68, 'no': 0, 'other': 7})
  [32m✓[0m  UT SB 147 (2026): sponsorship count matches (2)
  [32m✓[0m  UT SB 15 (2026): title matches
  [32m✓[0m  UT SB 15 (2026): latest_action matches
  [32m✓[0m  UT SB 15 (2026): vote event count matches (2)
  [32m✓[0m  UT SB 15 (2026): vote tally matches on 2026-01-20 ({'yes': 27, 'no': 0, 'other': 2})
  [32m✓[0m  UT SB 15 (2026): vote tally matches on 2026-02-05 ({'yes': 51, 'no': 20, 'other': 4})
  [32m✓[0m  UT SB 15 (2026): sponsorship count matches (2)
  [32m✓[0m  UT SB 152 (2026): title matches
  [32m✓[0m  UT SB 152 (2026): latest_action matches
  [32m✓[0m  UT SB 152 (2026): vote event count matches (4)
  [32m✓[0m  UT SB 152 (2026): vote tally matches on 2026-02-09 ({'yes': 28, 'no': 0, 'other': 1})
  [32m✓[0m  UT SB 152 (2026): vote tally matches on 2026-02-10 ({'yes': 26, 'no': 0, 'other': 3})
  [32m✓[0m  UT SB 152 (2026): vote tally matches on 2026-03-04 ({'yes': 70, 'no': 1, 'other': 4})
  [32m✓[0m  UT SB 152 (2026): vote tally matches on 2026-03-05 ({'yes': 22, 'no': 0, 'other': 7})
  [32m✓[0m  UT SB 152 (2026): sponsorship count matches (2)
  [32m✓[0m  UT SB 156 (2026): title matches
  [32m✓[0m  UT SB 156 (2026): latest_action matches
  [32m✓[0m  UT SB 156 (2026): vote event count matches (3)
  [32m✓[0m  UT SB 156 (2026): vote tally matches on 2026-02-13 ({'yes': 24, 'no': 0, 'other': 5})
  [32m✓[0m  UT SB 156 (2026): vote tally matches on 2026-02-17 ({'yes': 24, 'no': 0, 'other': 5})
  [32m✓[0m  UT SB 156 (2026): vote tally matches on 2026-03-07 ({'yes': 67, 'no': 1, 'other': 7})
  [32m✓[0m  UT SB 156 (2026): sponsorship count matches (2)
  [32m✓[0m  UT SB 157 (2026): title matches
  [32m✓[0m  UT SB 157 (2026): latest_action matches
  [32m✓[0m  UT SB 157 (2026): vote event count matches (2)
  [32m✓[0m  UT SB 157 (2026): vote tally matches on 2026-02-23 ({'yes': 21, 'no': 1, 'other': 7})
  [32m✓[0m  UT SB 157 (2026): vote tally matches on 2026-02-24 ({'yes': 25, 'no': 1, 'other': 3})
  [32m✓[0m  UT SB 157 (2026): sponsorship count matches (2)
  [32m✓[0m  UT SB 159 (2026): title matches
  [32m✓[0m  UT SB 159 (2026): latest_action matches
  [32m✓[0m  UT SB 159 (2026): vote event count matches (0)
  [32m✓[0m  UT SB 159 (2026): sponsorship count matches (1)
  [32m✓[0m  UT SB 161 (2026): title matches
  [32m✓[0m  UT SB 161 (2026): latest_action matches
  [32m✓[0m  UT SB 161 (2026): vote event count matches (5)
  [32m✓[0m  UT SB 161 (2026): vote tally matches on 2026-02-02 ({'yes': 24, 'no': 0, 'other': 5})
  [32m✓[0m  UT SB 161 (2026): vote tally matches on 2026-02-05 ({'yes': 25, 'no': 0, 'other': 4})
  [32m✓[0m  UT SB 161 (2026): vote tally matches on 2026-02-26 ({'yes': 73, 'no': 0, 'other': 2})
  [32m✓[0m  UT SB 161 (2026): vote tally matches on 2026-02-26 ({'yes': 52, 'no': 17, 'other': 6})
  [32m✓[0m  UT SB 161 (2026): vote tally matches on 2026-03-03 ({'yes': 28, 'no': 0, 'other': 1})
  [32m✓[0m  UT SB 161 (2026): sponsorship count matches (2)
    ...350/500
  [32m✓[0m  UT SB 162 (2026): title matches
  [32m✓[0m  UT SB 162 (2026): latest_action matches
  [32m✓[0m  UT SB 162 (2026): vote event count matches (3)
  [32m✓[0m  UT SB 162 (2026): vote tally matches on 2026-02-10 ({'yes': 25, 'no': 2, 'other': 2})
  [32m✓[0m  UT SB 162 (2026): vote tally matches on 2026-02-11 ({'yes': 28, 'no': 1, 'other': 0})
  [32m✓[0m  UT SB 162 (2026): vote tally matches on 2026-03-04 ({'yes': 69, 'no': 1, 'other': 5})
  [32m✓[0m  UT SB 162 (2026): sponsorship count matches (2)
  [32m✓[0m  UT SB 163 (2026): title matches
  [32m✓[0m  UT SB 163 (2026): latest_action matches
  [32m✓[0m  UT SB 163 (2026): vote event count matches (2)
  [32m✓[0m  UT SB 163 (2026): vote tally matches on 2026-02-13 ({'yes': 15, 'no': 7, 'other': 7})
  [32m✓[0m  UT SB 163 (2026): vote tally matches on 2026-02-17 ({'yes': 24, 'no': 0, 'other': 5})
  [32m✓[0m  UT SB 163 (2026): sponsorship count matches (2)
  [32m✓[0m  UT SB 172 (2026): title matches
  [32m✓[0m  UT SB 172 (2026): latest_action matches
  [32m✓[0m  UT SB 172 (2026): vote event count matches (3)
  [32m✓[0m  UT SB 172 (2026): vote tally matches on 2026-02-13 ({'yes': 26, 'no': 0, 'other': 3})
  [32m✓[0m  UT SB 172 (2026): vote tally matches on 2026-02-17 ({'yes': 25, 'no': 0, 'other': 4})
  [32m✓[0m  UT SB 172 (2026): vote tally matches on 2026-03-05 ({'yes': 64, 'no': 1, 'other': 10})
  [32m✓[0m  UT SB 172 (2026): sponsorship count matches (2)
  [32m✓[0m  UT SB 173 (2026): title matches
  [32m✓[0m  UT SB 173 (2026): latest_action matches
  [32m✓[0m  UT SB 173 (2026): vote event count matches (0)
  [32m✓[0m  UT SB 173 (2026): sponsorship count matches (1)
  [32m✓[0m  UT SB 175 (2026): title matches
  [32m✓[0m  UT SB 175 (2026): latest_action matches
  [32m✓[0m  UT SB 175 (2026): vote event count matches (3)
  [32m✓[0m  UT SB 175 (2026): vote tally matches on 2026-02-24 ({'yes': 22, 'no': 0, 'other': 7})
  [32m✓[0m  UT SB 175 (2026): vote tally matches on 2026-02-25 ({'yes': 22, 'no': 1, 'other': 6})
  [32m✓[0m  UT SB 175 (2026): vote tally matches on 2026-03-04 ({'yes': 66, 'no': 1, 'other': 8})
  [32m✓[0m  UT SB 175 (2026): sponsorship count matches (2)
  [32m✓[0m  UT SB 177 (2026): title matches
  [32m✓[0m  UT SB 177 (2026): latest_action matches
  [32m✓[0m  UT SB 177 (2026): vote event count matches (0)
  [32m✓[0m  UT SB 177 (2026): sponsorship count matches (2)
  [32m✓[0m  UT SB 178 (2026): title matches
  [32m✓[0m  UT SB 178 (2026): latest_action matches
  [32m✓[0m  UT SB 178 (2026): vote event count matches (0)
  [32m✓[0m  UT SB 178 (2026): sponsorship count matches (1)
  [32m✓[0m  UT SB 180 (2026): title matches
  [32m✓[0m  UT SB 180 (2026): latest_action matches
  [32m✓[0m  UT SB 180 (2026): vote event count matches (2)
  [32m✓[0m  UT SB 180 (2026): vote tally matches on 2026-02-24 ({'yes': 22, 'no': 2, 'other': 5})
  [32m✓[0m  UT SB 180 (2026): vote tally matches on 2026-02-26 ({'yes': 18, 'no': 0, 'other': 11})
  [32m✓[0m  UT SB 180 (2026): sponsorship count matches (2)
  [32m✓[0m  UT SB 181 (2026): title matches
  [32m✓[0m  UT SB 181 (2026): latest_action matches
  [32m✓[0m  UT SB 181 (2026): vote event count matches (4)
  [32m✓[0m  UT SB 181 (2026): vote tally matches on 2026-02-24 ({'yes': 23, 'no': 0, 'other': 6})
  [32m✓[0m  UT SB 181 (2026): vote tally matches on 2026-02-25 ({'yes': 20, 'no': 3, 'other': 6})
  [32m✓[0m  UT SB 181 (2026): vote tally matches on 2026-03-07 ({'yes': 27, 'no': 2, 'other': 0})
  [32m✓[0m  UT SB 181 (2026): vote tally matches on 2026-03-07 ({'yes': 56, 'no': 13, 'other': 6})
  [32m✓[0m  UT SB 181 (2026): sponsorship count matches (2)
  [32m✓[0m  UT SB 184 (2026): title matches
  [32m✓[0m  UT SB 184 (2026): latest_action matches
  [32m✓[0m  UT SB 184 (2026): vote event count matches (4)
  [32m✓[0m  UT SB 184 (2026): vote tally matches on 2026-02-20 ({'yes': 27, 'no': 0, 'other': 2})
  [32m✓[0m  UT SB 184 (2026): vote tally matches on 2026-02-23 ({'yes': 22, 'no': 0, 'other': 7})
  [32m✓[0m  UT SB 184 (2026): vote tally matches on 2026-03-07 ({'yes': 29, 'no': 0, 'other': 0})
  [32m✓[0m  UT SB 184 (2026): vote tally matches on 2026-03-07 ({'yes': 63, 'no': 1, 'other': 11})
  [32m✓[0m  UT SB 184 (2026): sponsorship count matches (2)
  [32m✓[0m  UT SB 185 (2026): title matches
  [32m✓[0m  UT SB 185 (2026): latest_action matches
  [32m✓[0m  UT SB 185 (2026): vote event count matches (2)
  [32m✓[0m  UT SB 185 (2026): vote tally matches on 2026-02-09 ({'yes': 24, 'no': 0, 'other': 5})
  [32m✓[0m  UT SB 185 (2026): vote tally matches on 2026-02-19 ({'yes': 71, 'no': 1, 'other': 3})
  [32m✓[0m  UT SB 185 (2026): sponsorship count matches (2)
  [32m✓[0m  UT SB 19 (2026): title matches
  [32m✓[0m  UT SB 19 (2026): latest_action matches
  [32m✓[0m  UT SB 19 (2026): vote event count matches (3)
  [32m✓[0m  UT SB 19 (2026): vote tally matches on 2026-01-21 ({'yes': 26, 'no': 1, 'other': 2})
  [32m✓[0m  UT SB 19 (2026): vote tally matches on 2026-02-04 ({'yes': 26, 'no': 1, 'other': 2})
  [32m✓[0m  UT SB 19 (2026): vote tally matches on 2026-02-19 ({'yes': 67, 'no': 0, 'other': 8})
  [32m✓[0m  UT SB 19 (2026): sponsorship count matches (2)
  [32m✓[0m  UT SB 193 (2026): title matches
  [32m✓[0m  UT SB 193 (2026): latest_action matches
  [32m✓[0m  UT SB 193 (2026): vote event count matches (4)
  [32m✓[0m  UT SB 193 (2026): vote tally matches on 2026-03-02 ({'yes': 12, 'no': 12, 'other': 5})
  [32m✓[0m  UT SB 193 (2026): vote tally matches on 2026-03-03 ({'yes': 23, 'no': 5, 'other': 1})
  [32m✓[0m  UT SB 193 (2026): vote tally matches on 2026-03-06 ({'yes': 57, 'no': 9, 'other': 9})
  [32m✓[0m  UT SB 193 (2026): vote tally matches on 2026-03-07 ({'yes': 20, 'no': 7, 'other': 2})
  [32m✓[0m  UT SB 193 (2026): sponsorship count matches (2)
  [32m✓[0m  UT SB 196 (2026): title matches
  [32m✓[0m  UT SB 196 (2026): latest_action matches
  [32m✓[0m  UT SB 196 (2026): vote event count matches (4)
  [32m✓[0m  UT SB 196 (2026): vote tally matches on 2026-02-24 ({'yes': 23, 'no': 0, 'other': 6})
  [32m✓[0m  UT SB 196 (2026): vote tally matches on 2026-02-25 ({'yes': 27, 'no': 0, 'other': 2})
  [32m✓[0m  UT SB 196 (2026): vote tally matches on 2026-03-06 ({'yes': 27, 'no': 0, 'other': 2})
  [32m✓[0m  UT SB 196 (2026): vote tally matches on 2026-03-06 ({'yes': 68, 'no': 1, 'other': 6})
  [32m✓[0m  UT SB 196 (2026): sponsorship count matches (2)
  [32m✓[0m  UT SB 2 (2026): title matches
  [32m✓[0m  UT SB 2 (2026): latest_action matches
  [32m✓[0m  UT SB 2 (2026): vote event count matches (2)
  [32m✓[0m  UT SB 2 (2026): vote tally matches on 2026-03-03 ({'yes': 23, 'no': 6, 'other': 0})
  [32m✓[0m  UT SB 2 (2026): vote tally matches on 2026-03-04 ({'yes': 70, 'no': 1, 'other': 4})
  [32m✓[0m  UT SB 2 (2026): sponsorship count matches (2)
  [32m✓[0m  UT SB 202 (2026): title matches
  [32m✓[0m  UT SB 202 (2026): latest_action matches
  [32m✓[0m  UT SB 202 (2026): vote event count matches (3)
  [32m✓[0m  UT SB 202 (2026): vote tally matches on 2026-02-17 ({'yes': 26, 'no': 1, 'other': 2})
  [32m✓[0m  UT SB 202 (2026): vote tally matches on 2026-02-18 ({'yes': 24, 'no': 0, 'other': 5})
  [32m✓[0m  UT SB 202 (2026): vote tally matches on 2026-02-26 ({'yes': 48, 'no': 2, 'other': 25})
  [32m✓[0m  UT SB 202 (2026): sponsorship count matches (2)
  [32m✓[0m  UT SB 207 (2026): title matches
  [32m✓[0m  UT SB 207 (2026): latest_action matches
  [32m✓[0m  UT SB 207 (2026): vote event count matches (0)
  [32m✓[0m  UT SB 207 (2026): sponsorship count matches (2)
  [32m✓[0m  UT SB 209 (2026): title matches
  [32m✓[0m  UT SB 209 (2026): latest_action matches
  [32m✓[0m  UT SB 209 (2026): vote event count matches (3)
  [32m✓[0m  UT SB 209 (2026): vote tally matches on 2026-02-24 ({'yes': 21, 'no': 3, 'other': 5})
  [32m✓[0m  UT SB 209 (2026): vote tally matches on 2026-02-24 ({'yes': 27, 'no': 2, 'other': 0})
  [32m✓[0m  UT SB 209 (2026): vote tally matches on 2026-03-05 ({'yes': 65, 'no': 3, 'other': 7})
  [32m✓[0m  UT SB 209 (2026): sponsorship count matches (2)
  [32m✓[0m  UT SB 21 (2026): title matches
  [32m✓[0m  UT SB 21 (2026): latest_action matches
  [32m✓[0m  UT SB 21 (2026): vote event count matches (4)
  [32m✓[0m  UT SB 21 (2026): vote tally matches on 2026-02-20 ({'yes': 27, 'no': 0, 'other': 2})
  [32m✓[0m  UT SB 21 (2026): vote tally matches on 2026-02-23 ({'yes': 24, 'no': 0, 'other': 5})
  [32m✓[0m  UT SB 21 (2026): vote tally matches on 2026-03-05 ({'yes': 67, 'no': 1, 'other': 7})
  [32m✓[0m  UT SB 21 (2026): vote tally matches on 2026-03-06 ({'yes': 24, 'no': 0, 'other': 5})
  [32m✓[0m  UT SB 21 (2026): sponsorship count matches (2)
  [32m✓[0m  UT SB 210 (2026): title matches
  [32m✓[0m  UT SB 210 (2026): latest_action matches
  [32m✓[0m  UT SB 210 (2026): vote event count matches (3)
  [32m✓[0m  UT SB 210 (2026): vote tally matches on 2026-02-23 ({'yes': 25, 'no': 0, 'other': 4})
  [32m✓[0m  UT SB 210 (2026): vote tally matches on 2026-02-24 ({'yes': 25, 'no': 0, 'other': 4})
  [32m✓[0m  UT SB 210 (2026): vote tally matches on 2026-03-07 ({'yes': 64, 'no': 1, 'other': 10})
  [32m✓[0m  UT SB 210 (2026): sponsorship count matches (2)
  [32m✓[0m  UT SB 211 (2026): title matches
  [32m✓[0m  UT SB 211 (2026): latest_action matches
  [32m✓[0m  UT SB 211 (2026): vote event count matches (1)
  [32m✓[0m  UT SB 211 (2026): vote tally matches on 2026-02-23 ({'yes': 16, 'no': 10, 'other': 3})
  [32m✓[0m  UT SB 211 (2026): sponsorship count matches (1)
  [32m✓[0m  UT SB 213 (2026): title matches
  [32m✓[0m  UT SB 213 (2026): latest_action matches
  [32m✓[0m  UT SB 213 (2026): vote event count matches (4)
  [32m✓[0m  UT SB 213 (2026): vote tally matches on 2026-02-20 ({'yes': 22, 'no': 0, 'other': 7})
  [32m✓[0m  UT SB 213 (2026): vote tally matches on 2026-02-23 ({'yes': 25, 'no': 1, 'other': 3})
  [32m✓[0m  UT SB 213 (2026): vote tally matches on 2026-03-06 ({'yes': 68, 'no': 1, 'other': 6})
  [32m✓[0m  UT SB 213 (2026): vote tally matches on 2026-03-07 ({'yes': 65, 'no': 1, 'other': 9})
  [32m✓[0m  UT SB 213 (2026): sponsorship count matches (2)
  [32m✓[0m  UT SB 217 (2026): title matches
  [32m✓[0m  UT SB 217 (2026): latest_action matches
  [32m✓[0m  UT SB 217 (2026): vote event count matches (3)
  [32m✓[0m  UT SB 217 (2026): vote tally matches on 2026-02-24 ({'yes': 23, 'no': 0, 'other': 6})
  [32m✓[0m  UT SB 217 (2026): vote tally matches on 2026-02-26 ({'yes': 23, 'no': 0, 'other': 6})
  [32m✓[0m  UT SB 217 (2026): vote tally matches on 2026-03-05 ({'yes': 69, 'no': 0, 'other': 6})
  [32m✓[0m  UT SB 217 (2026): sponsorship count matches (2)
  [32m✓[0m  UT SB 219 (2026): title matches
  [32m✓[0m  UT SB 219 (2026): latest_action matches
  [32m✓[0m  UT SB 219 (2026): vote event count matches (0)
  [32m✓[0m  UT SB 219 (2026): sponsorship count matches (1)
  [32m✓[0m  UT SB 220 (2026): title matches
  [32m✓[0m  UT SB 220 (2026): latest_action matches
  [32m✓[0m  UT SB 220 (2026): vote event count matches (3)
  [32m✓[0m  UT SB 220 (2026): vote tally matches on 2026-02-23 ({'yes': 25, 'no': 0, 'other': 4})
  [32m✓[0m  UT SB 220 (2026): vote tally matches on 2026-02-24 ({'yes': 25, 'no': 0, 'other': 4})
  [32m✓[0m  UT SB 220 (2026): vote tally matches on 2026-03-05 ({'yes': 62, 'no': 1, 'other': 12})
  [32m✓[0m  UT SB 220 (2026): sponsorship count matches (2)
    ...375/500
  [32m✓[0m  UT SB 222 (2026): title matches
  [32m✓[0m  UT SB 222 (2026): latest_action matches
  [32m✓[0m  UT SB 222 (2026): vote event count matches (3)
  [32m✓[0m  UT SB 222 (2026): vote tally matches on 2026-02-20 ({'yes': 23, 'no': 0, 'other': 6})
  [32m✓[0m  UT SB 222 (2026): vote tally matches on 2026-02-23 ({'yes': 24, 'no': 0, 'other': 5})
  [32m✓[0m  UT SB 222 (2026): vote tally matches on 2026-03-06 ({'yes': 67, 'no': 0, 'other': 8})
  [32m✓[0m  UT SB 222 (2026): sponsorship count matches (2)
  [32m✓[0m  UT SB 224 (2026): title matches
  [32m✓[0m  UT SB 224 (2026): latest_action matches
  [32m✓[0m  UT SB 224 (2026): vote event count matches (2)
  [32m✓[0m  UT SB 224 (2026): vote tally matches on 2026-02-21 ({'yes': 25, 'no': 0, 'other': 4})
  [32m✓[0m  UT SB 224 (2026): vote tally matches on 2026-02-23 ({'yes': 16, 'no': 11, 'other': 2})
  [32m✓[0m  UT SB 224 (2026): sponsorship count matches (2)
  [32m✓[0m  UT SB 225 (2026): title matches
  [32m✓[0m  UT SB 225 (2026): latest_action matches
  [32m✓[0m  UT SB 225 (2026): vote event count matches (5)
  [32m✓[0m  UT SB 225 (2026): vote tally matches on 2026-02-21 ({'yes': 18, 'no': 7, 'other': 4})
  [32m✓[0m  UT SB 225 (2026): vote tally matches on 2026-02-23 ({'yes': 20, 'no': 5, 'other': 4})
  [32m✓[0m  UT SB 225 (2026): vote tally matches on 2026-03-07 ({'yes': 67, 'no': 2, 'other': 6})
  [32m✓[0m  UT SB 225 (2026): vote tally matches on 2026-03-07 ({'yes': 57, 'no': 10, 'other': 8})
  [32m✓[0m  UT SB 225 (2026): vote tally matches on 2026-03-07 ({'yes': 19, 'no': 8, 'other': 2})
  [32m✓[0m  UT SB 225 (2026): sponsorship count matches (2)
  [32m✓[0m  UT SB 227 (2026): title matches
  [32m✓[0m  UT SB 227 (2026): latest_action matches
  [32m✓[0m  UT SB 227 (2026): vote event count matches (4)
  [32m✓[0m  UT SB 227 (2026): vote tally matches on 2026-02-23 ({'yes': 24, 'no': 1, 'other': 4})
  [32m✓[0m  UT SB 227 (2026): vote tally matches on 2026-02-24 ({'yes': 26, 'no': 0, 'other': 3})
  [32m✓[0m  UT SB 227 (2026): vote tally matches on 2026-03-05 ({'yes': 56, 'no': 12, 'other': 7})
  [32m✓[0m  UT SB 227 (2026): vote tally matches on 2026-03-06 ({'yes': 28, 'no': 1, 'other': 0})
  [32m✓[0m  UT SB 227 (2026): sponsorship count matches (2)
  [32m✓[0m  UT SB 229 (2026): title matches
  [32m✓[0m  UT SB 229 (2026): latest_action matches
  [32m✓[0m  UT SB 229 (2026): vote event count matches (5)
  [32m✓[0m  UT SB 229 (2026): vote tally matches on 2026-02-24 ({'yes': 19, 'no': 9, 'other': 1})
  [32m✓[0m  UT SB 229 (2026): vote tally matches on 2026-02-26 ({'yes': 18, 'no': 9, 'other': 2})
  [32m✓[0m  UT SB 229 (2026): vote tally matches on 2026-03-05 ({'yes': 23, 'no': 6, 'other': 0})
  [32m✓[0m  UT SB 229 (2026): vote tally matches on 2026-03-05 ({'yes': 34, 'no': 40, 'other': 1})
  [32m✓[0m  UT SB 229 (2026): vote tally matches on 2026-03-05 ({'yes': 57, 'no': 17, 'other': 1})
  [32m✓[0m  UT SB 229 (2026): sponsorship count matches (2)
  [32m✓[0m  UT SB 234 (2026): title matches
  [32m✓[0m  UT SB 234 (2026): latest_action matches
  [32m✓[0m  UT SB 234 (2026): vote event count matches (3)
  [32m✓[0m  UT SB 234 (2026): vote tally matches on 2026-02-20 ({'yes': 22, 'no': 5, 'other': 2})
  [32m✓[0m  UT SB 234 (2026): vote tally matches on 2026-02-23 ({'yes': 20, 'no': 7, 'other': 2})
  [32m✓[0m  UT SB 234 (2026): vote tally matches on 2026-03-05 ({'yes': 56, 'no': 11, 'other': 8})
  [32m✓[0m  UT SB 234 (2026): sponsorship count matches (2)
  [32m✓[0m  UT SB 235 (2026): title matches
  [32m✓[0m  UT SB 235 (2026): latest_action matches
  [32m✓[0m  UT SB 235 (2026): vote event count matches (4)
  [32m✓[0m  UT SB 235 (2026): vote tally matches on 2026-02-24 ({'yes': 25, 'no': 0, 'other': 4})
  [32m✓[0m  UT SB 235 (2026): vote tally matches on 2026-02-24 ({'yes': 28, 'no': 0, 'other': 1})
  [32m✓[0m  UT SB 235 (2026): vote tally matches on 2026-03-05 ({'yes': 67, 'no': 2, 'other': 6})
  [32m✓[0m  UT SB 235 (2026): vote tally matches on 2026-03-05 ({'yes': 26, 'no': 2, 'other': 1})
  [32m✓[0m  UT SB 235 (2026): sponsorship count matches (2)
  [32m✓[0m  UT SB 237 (2026): title matches
  [32m✓[0m  UT SB 237 (2026): latest_action matches
  [32m✓[0m  UT SB 237 (2026): vote event count matches (3)
  [32m✓[0m  UT SB 237 (2026): vote tally matches on 2026-02-20 ({'yes': 25, 'no': 0, 'other': 4})
  [32m✓[0m  UT SB 237 (2026): vote tally matches on 2026-02-24 ({'yes': 28, 'no': 0, 'other': 1})
  [32m✓[0m  UT SB 237 (2026): vote tally matches on 2026-03-05 ({'yes': 63, 'no': 1, 'other': 11})
  [32m✓[0m  UT SB 237 (2026): sponsorship count matches (2)
  [32m✓[0m  UT SB 238 (2026): title matches
  [32m✓[0m  UT SB 238 (2026): latest_action matches
  [32m✓[0m  UT SB 238 (2026): vote event count matches (3)
  [32m✓[0m  UT SB 238 (2026): vote tally matches on 2026-02-20 ({'yes': 26, 'no': 0, 'other': 3})
  [32m✓[0m  UT SB 238 (2026): vote tally matches on 2026-02-23 ({'yes': 22, 'no': 0, 'other': 7})
  [32m✓[0m  UT SB 238 (2026): vote tally matches on 2026-03-06 ({'yes': 72, 'no': 0, 'other': 3})
  [32m✓[0m  UT SB 238 (2026): sponsorship count matches (2)
  [32m✓[0m  UT SB 24 (2026): title matches
  [32m✓[0m  UT SB 24 (2026): latest_action matches
  [32m✓[0m  UT SB 24 (2026): vote event count matches (1)
  [32m✓[0m  UT SB 24 (2026): vote tally matches on 2026-01-20 ({'yes': 28, 'no': 0, 'other': 1})
  [32m✓[0m  UT SB 24 (2026): sponsorship count matches (2)
  [32m✓[0m  UT SB 243 (2026): title matches
  [32m✓[0m  UT SB 243 (2026): latest_action matches
  [32m✓[0m  UT SB 243 (2026): vote event count matches (0)
  [32m✓[0m  UT SB 243 (2026): sponsorship count matches (1)
  [32m✓[0m  UT SB 244 (2026): title matches
  [32m✓[0m  UT SB 244 (2026): latest_action matches
  [32m✓[0m  UT SB 244 (2026): vote event count matches (4)
  [32m✓[0m  UT SB 244 (2026): vote tally matches on 2026-02-27 ({'yes': 26, 'no': 0, 'other': 3})
  [32m✓[0m  UT SB 244 (2026): vote tally matches on 2026-02-27 ({'yes': 24, 'no': 1, 'other': 4})
  [32m✓[0m  UT SB 244 (2026): vote tally matches on 2026-03-05 ({'yes': 26, 'no': 0, 'other': 3})
  [32m✓[0m  UT SB 244 (2026): vote tally matches on 2026-03-05 ({'yes': 65, 'no': 1, 'other': 9})
  [32m✓[0m  UT SB 244 (2026): sponsorship count matches (2)
  [32m✓[0m  UT SB 247 (2026): title matches
  [32m✓[0m  UT SB 247 (2026): latest_action matches
  [32m✓[0m  UT SB 247 (2026): vote event count matches (1)
  [32m✓[0m  UT SB 247 (2026): vote tally matches on 2026-03-04 ({'yes': 6, 'no': 22, 'other': 1})
  [32m✓[0m  UT SB 247 (2026): sponsorship count matches (2)
  [32m✓[0m  UT SB 249 (2026): title matches
  [32m✓[0m  UT SB 249 (2026): latest_action matches
  [32m✓[0m  UT SB 249 (2026): vote event count matches (0)
  [32m✓[0m  UT SB 249 (2026): sponsorship count matches (1)
  [32m✓[0m  UT SB 25 (2026): title matches
  [32m✓[0m  UT SB 25 (2026): latest_action matches
  [32m✓[0m  UT SB 25 (2026): vote event count matches (2)
  [32m✓[0m  UT SB 25 (2026): vote tally matches on 2026-01-20 ({'yes': 28, 'no': 0, 'other': 1})
  [32m✓[0m  UT SB 25 (2026): vote tally matches on 2026-02-04 ({'yes': 70, 'no': 1, 'other': 4})
  [32m✓[0m  UT SB 25 (2026): sponsorship count matches (2)
  [32m✓[0m  UT SB 250 (2026): title matches
  [32m✓[0m  UT SB 250 (2026): latest_action matches
  [32m✓[0m  UT SB 250 (2026): vote event count matches (0)
  [32m✓[0m  UT SB 250 (2026): sponsorship count matches (1)
  [32m✓[0m  UT SB 255 (2026): title matches
  [32m✓[0m  UT SB 255 (2026): latest_action matches
  [32m✓[0m  UT SB 255 (2026): vote event count matches (0)
  [32m✓[0m  UT SB 255 (2026): sponsorship count matches (1)
  [32m✓[0m  UT SB 256 (2026): title matches
  [32m✓[0m  UT SB 256 (2026): latest_action matches
  [32m✓[0m  UT SB 256 (2026): vote event count matches (3)
  [32m✓[0m  UT SB 256 (2026): vote tally matches on 2026-02-24 ({'yes': 25, 'no': 0, 'other': 4})
  [32m✓[0m  UT SB 256 (2026): vote tally matches on 2026-02-25 ({'yes': 26, 'no': 0, 'other': 3})
  [32m✓[0m  UT SB 256 (2026): vote tally matches on 2026-03-06 ({'yes': 73, 'no': 0, 'other': 2})
  [32m✓[0m  UT SB 256 (2026): sponsorship count matches (2)
  [32m✓[0m  UT SB 257 (2026): title matches
  [32m✓[0m  UT SB 257 (2026): latest_action matches
  [32m✓[0m  UT SB 257 (2026): vote event count matches (4)
  [32m✓[0m  UT SB 257 (2026): vote tally matches on 2026-02-24 ({'yes': 26, 'no': 0, 'other': 3})
  [32m✓[0m  UT SB 257 (2026): vote tally matches on 2026-02-25 ({'yes': 23, 'no': 0, 'other': 6})
  [32m✓[0m  UT SB 257 (2026): vote tally matches on 2026-03-06 ({'yes': 61, 'no': 1, 'other': 13})
  [32m✓[0m  UT SB 257 (2026): vote tally matches on 2026-03-07 ({'yes': 22, 'no': 0, 'other': 7})
  [32m✓[0m  UT SB 257 (2026): sponsorship count matches (2)
  [32m✓[0m  UT SB 26 (2026): title matches
  [32m✓[0m  UT SB 26 (2026): latest_action matches
  [32m✓[0m  UT SB 26 (2026): vote event count matches (2)
  [32m✓[0m  UT SB 26 (2026): vote tally matches on 2026-01-20 ({'yes': 26, 'no': 0, 'other': 3})
  [32m✓[0m  UT SB 26 (2026): vote tally matches on 2026-02-04 ({'yes': 48, 'no': 22, 'other': 5})
  [32m✓[0m  UT SB 26 (2026): sponsorship count matches (2)
  [32m✓[0m  UT SB 261 (2026): title matches
  [32m✓[0m  UT SB 261 (2026): latest_action matches
  [32m✓[0m  UT SB 261 (2026): vote event count matches (3)
  [32m✓[0m  UT SB 261 (2026): vote tally matches on 2026-02-24 ({'yes': 24, 'no': 0, 'other': 5})
  [32m✓[0m  UT SB 261 (2026): vote tally matches on 2026-02-25 ({'yes': 22, 'no': 0, 'other': 7})
  [32m✓[0m  UT SB 261 (2026): vote tally matches on 2026-03-07 ({'yes': 63, 'no': 1, 'other': 11})
  [32m✓[0m  UT SB 261 (2026): sponsorship count matches (2)
  [32m✓[0m  UT SB 263 (2026): title matches
  [32m✓[0m  UT SB 263 (2026): latest_action matches
  [32m✓[0m  UT SB 263 (2026): vote event count matches (0)
  [32m✓[0m  UT SB 263 (2026): sponsorship count matches (1)
  [32m✓[0m  UT SB 264 (2026): title matches
  [32m✓[0m  UT SB 264 (2026): latest_action matches
  [32m✓[0m  UT SB 264 (2026): vote event count matches (2)
  [32m✓[0m  UT SB 264 (2026): vote tally matches on 2026-02-27 ({'yes': 24, 'no': 0, 'other': 5})
  [32m✓[0m  UT SB 264 (2026): vote tally matches on 2026-02-27 ({'yes': 24, 'no': 0, 'other': 5})
  [32m✓[0m  UT SB 264 (2026): sponsorship count matches (2)
  [32m✓[0m  UT SB 266 (2026): title matches
  [32m✓[0m  UT SB 266 (2026): latest_action matches
  [32m✓[0m  UT SB 266 (2026): vote event count matches (0)
  [32m✓[0m  UT SB 266 (2026): sponsorship count matches (1)
  [32m✓[0m  UT SB 267 (2026): title matches
  [32m✓[0m  UT SB 267 (2026): latest_action matches
  [32m✓[0m  UT SB 267 (2026): vote event count matches (6)
  [32m✓[0m  UT SB 267 (2026): vote tally matches on 2026-02-27 ({'yes': 23, 'no': 3, 'other': 3})
  [32m✓[0m  UT SB 267 (2026): vote tally matches on 2026-03-03 ({'yes': 24, 'no': 3, 'other': 2})
  [33m~[0m  UT SB 267 (2026): vote tally differs on 2026-03-06  [local={'yes': 65, 'no': 1, 'other': 9} live={'yes': 70, 'no': 1, 'other': 4} | Abbott, N. (other): local only; Barlow, S. (other): local only; Fitisemanu, J. (other): local only; Kyle, J. (other): local only; Lisonbee, K. (other): local only; Monson, L. (other): local only; Roberts, C. (yes): local only; Welton, D. (other): local only; Wilcox, R. (yes): local only; Abbott, N. (yes): live only; Barlow, S. (yes): live only; Fitisemanu, J. (yes): live only; Kyle, J. (yes): live only; Lisonbee, K. (yes): live only; Monson, L. (yes): live only; Roberts, C. (other): live only; Welton, D. (yes): live only; Wilcox, R. (other): live only | 83 other local bill(s) share this signature on 2026-03-06]
  [33m~[0m  UT SB 267 (2026): vote tally differs on 2026-03-06  [local={'yes': 70, 'no': 1, 'other': 4} live={'yes': 65, 'no': 1, 'other': 9} | Abbott, N. (yes): local only; Barlow, S. (yes): local only; Fitisemanu, J. (yes): local only; Kyle, J. (yes): local only; Lisonbee, K. (yes): local only; Monson, L. (yes): local only; Roberts, C. (other): local only; Welton, D. (yes): local only; Wilcox, R. (other): local only; Abbott, N. (other): live only; Barlow, S. (other): live only; Fitisemanu, J. (other): live only; Kyle, J. (other): live only; Lisonbee, K. (other): live only; Monson, L. (other): live only; Roberts, C. (yes): live only; Welton, D. (other): live only; Wilcox, R. (yes): live only | 83 other local bill(s) share this signature on 2026-03-06]
  [32m✓[0m  UT SB 267 (2026): vote tally matches on 2026-03-06 ({'yes': 55, 'no': 17, 'other': 3})
  [32m✓[0m  UT SB 267 (2026): vote tally matches on 2026-03-06 ({'yes': 28, 'no': 1, 'other': 0})
  [32m✓[0m  UT SB 267 (2026): sponsorship count matches (2)
    ...400/500
  [32m✓[0m  UT SB 268 (2026): title matches
  [32m✓[0m  UT SB 268 (2026): latest_action matches
  [32m✓[0m  UT SB 268 (2026): vote event count matches (5)
  [32m✓[0m  UT SB 268 (2026): vote tally matches on 2026-02-24 ({'yes': 20, 'no': 6, 'other': 3})
  [32m✓[0m  UT SB 268 (2026): vote tally matches on 2026-02-25 ({'yes': 20, 'no': 6, 'other': 3})
  [32m✓[0m  UT SB 268 (2026): vote tally matches on 2026-03-06 ({'yes': 45, 'no': 14, 'other': 16})
  [32m✓[0m  UT SB 268 (2026): vote tally matches on 2026-03-06 ({'yes': 57, 'no': 15, 'other': 3})
  [32m✓[0m  UT SB 268 (2026): vote tally matches on 2026-03-07 ({'yes': 19, 'no': 5, 'other': 5})
  [32m✓[0m  UT SB 268 (2026): sponsorship count matches (2)
  [32m✓[0m  UT SB 269 (2026): title matches
  [32m✓[0m  UT SB 269 (2026): latest_action matches
  [32m✓[0m  UT SB 269 (2026): vote event count matches (3)
  [32m✓[0m  UT SB 269 (2026): vote tally matches on 2026-02-24 ({'yes': 19, 'no': 7, 'other': 3})
  [32m✓[0m  UT SB 269 (2026): vote tally matches on 2026-02-25 ({'yes': 13, 'no': 10, 'other': 6})
  [32m✓[0m  UT SB 269 (2026): vote tally matches on 2026-02-25 ({'yes': 20, 'no': 9, 'other': 0})
  [32m✓[0m  UT SB 269 (2026): sponsorship count matches (2)
  [32m✓[0m  UT SB 27 (2026): title matches
  [32m✓[0m  UT SB 27 (2026): latest_action matches
  [32m✓[0m  UT SB 27 (2026): vote event count matches (3)
  [32m✓[0m  UT SB 27 (2026): vote tally matches on 2026-01-20 ({'yes': 28, 'no': 0, 'other': 1})
  [32m✓[0m  UT SB 27 (2026): vote tally matches on 2026-02-05 ({'yes': 70, 'no': 0, 'other': 5})
  [32m✓[0m  UT SB 27 (2026): vote tally matches on 2026-02-06 ({'yes': 26, 'no': 3, 'other': 0})
  [32m✓[0m  UT SB 27 (2026): sponsorship count matches (2)
  [32m✓[0m  UT SB 270 (2026): title matches
  [32m✓[0m  UT SB 270 (2026): latest_action matches
  [32m✓[0m  UT SB 270 (2026): vote event count matches (4)
  [32m✓[0m  UT SB 270 (2026): vote tally matches on 2026-02-24 ({'yes': 23, 'no': 0, 'other': 6})
  [32m✓[0m  UT SB 270 (2026): vote tally matches on 2026-02-27 ({'yes': 27, 'no': 0, 'other': 2})
  [32m✓[0m  UT SB 270 (2026): vote tally matches on 2026-03-04 ({'yes': 66, 'no': 0, 'other': 9})
  [32m✓[0m  UT SB 270 (2026): vote tally matches on 2026-03-05 ({'yes': 22, 'no': 2, 'other': 5})
  [32m✓[0m  UT SB 270 (2026): sponsorship count matches (2)
  [32m✓[0m  UT SB 271 (2026): title matches
  [32m✓[0m  UT SB 271 (2026): latest_action matches
  [32m✓[0m  UT SB 271 (2026): vote event count matches (0)
  [32m✓[0m  UT SB 271 (2026): sponsorship count matches (1)
  [32m✓[0m  UT SB 275 (2026): title matches
  [32m✓[0m  UT SB 275 (2026): latest_action matches
  [32m✓[0m  UT SB 275 (2026): vote event count matches (4)
  [32m✓[0m  UT SB 275 (2026): vote tally matches on 2026-02-24 ({'yes': 26, 'no': 0, 'other': 3})
  [32m✓[0m  UT SB 275 (2026): vote tally matches on 2026-02-24 ({'yes': 25, 'no': 0, 'other': 4})
  [32m✓[0m  UT SB 275 (2026): vote tally matches on 2026-03-04 ({'yes': 26, 'no': 0, 'other': 3})
  [32m✓[0m  UT SB 275 (2026): vote tally matches on 2026-03-04 ({'yes': 70, 'no': 0, 'other': 5})
  [32m✓[0m  UT SB 275 (2026): sponsorship count matches (2)
  [32m✓[0m  UT SB 276 (2026): title matches
  [32m✓[0m  UT SB 276 (2026): latest_action matches
  [32m✓[0m  UT SB 276 (2026): vote event count matches (3)
  [32m✓[0m  UT SB 276 (2026): vote tally matches on 2026-02-24 ({'yes': 23, 'no': 0, 'other': 6})
  [32m✓[0m  UT SB 276 (2026): vote tally matches on 2026-02-25 ({'yes': 20, 'no': 0, 'other': 9})
  [32m✓[0m  UT SB 276 (2026): vote tally matches on 2026-03-04 ({'yes': 71, 'no': 0, 'other': 4})
  [32m✓[0m  UT SB 276 (2026): sponsorship count matches (2)
  [32m✓[0m  UT SB 277 (2026): title matches
  [32m✓[0m  UT SB 277 (2026): latest_action matches
  [32m✓[0m  UT SB 277 (2026): vote event count matches (3)
  [32m✓[0m  UT SB 277 (2026): vote tally matches on 2026-02-24 ({'yes': 25, 'no': 0, 'other': 4})
  [32m✓[0m  UT SB 277 (2026): vote tally matches on 2026-02-25 ({'yes': 21, 'no': 0, 'other': 8})
  [32m✓[0m  UT SB 277 (2026): vote tally matches on 2026-03-04 ({'yes': 9, 'no': 61, 'other': 5})
  [32m✓[0m  UT SB 277 (2026): sponsorship count matches (2)
  [32m✓[0m  UT SB 278 (2026): title matches
  [32m✓[0m  UT SB 278 (2026): latest_action matches
  [32m✓[0m  UT SB 278 (2026): vote event count matches (4)
  [32m✓[0m  UT SB 278 (2026): vote tally matches on 2026-02-27 ({'yes': 25, 'no': 3, 'other': 1})
  [32m✓[0m  UT SB 278 (2026): vote tally matches on 2026-02-27 ({'yes': 21, 'no': 3, 'other': 5})
  [32m✓[0m  UT SB 278 (2026): vote tally matches on 2026-03-07 ({'yes': 54, 'no': 8, 'other': 13})
  [32m✓[0m  UT SB 278 (2026): vote tally matches on 2026-03-07 ({'yes': 27, 'no': 1, 'other': 1})
  [32m✓[0m  UT SB 278 (2026): sponsorship count matches (2)
  [32m✓[0m  UT SB 280 (2026): title matches
  [32m✓[0m  UT SB 280 (2026): latest_action matches
  [32m✓[0m  UT SB 280 (2026): vote event count matches (0)
  [32m✓[0m  UT SB 280 (2026): sponsorship count matches (1)
  [32m✓[0m  UT SB 282 (2026): title matches
  [32m✓[0m  UT SB 282 (2026): latest_action matches
  [32m✓[0m  UT SB 282 (2026): vote event count matches (0)
  [32m✓[0m  UT SB 282 (2026): sponsorship count matches (1)
  [32m✓[0m  UT SB 284 (2026): title matches
  [32m✓[0m  UT SB 284 (2026): latest_action matches
  [32m✓[0m  UT SB 284 (2026): vote event count matches (4)
  [32m✓[0m  UT SB 284 (2026): vote tally matches on 2026-02-24 ({'yes': 19, 'no': 10, 'other': 0})
  [32m✓[0m  UT SB 284 (2026): vote tally matches on 2026-02-26 ({'yes': 21, 'no': 3, 'other': 5})
  [32m✓[0m  UT SB 284 (2026): vote tally matches on 2026-03-07 ({'yes': 61, 'no': 7, 'other': 7})
  [32m✓[0m  UT SB 284 (2026): vote tally matches on 2026-03-07 ({'yes': 24, 'no': 3, 'other': 2})
  [32m✓[0m  UT SB 284 (2026): sponsorship count matches (2)
  [32m✓[0m  UT SB 285 (2026): title matches
  [32m✓[0m  UT SB 285 (2026): latest_action matches
  [32m✓[0m  UT SB 285 (2026): vote event count matches (1)
  [32m✓[0m  UT SB 285 (2026): vote tally matches on 2026-02-27 ({'yes': 16, 'no': 10, 'other': 3})
  [32m✓[0m  UT SB 285 (2026): sponsorship count matches (1)
  [32m✓[0m  UT SB 287 (2026): title matches
  [32m✓[0m  UT SB 287 (2026): latest_action matches
  [32m✓[0m  UT SB 287 (2026): vote event count matches (4)
  [32m✓[0m  UT SB 287 (2026): vote tally matches on 2026-02-27 ({'yes': 18, 'no': 7, 'other': 4})
  [32m✓[0m  UT SB 287 (2026): vote tally matches on 2026-02-27 ({'yes': 24, 'no': 5, 'other': 0})
  [32m✓[0m  UT SB 287 (2026): vote tally matches on 2026-03-06 ({'yes': 47, 'no': 20, 'other': 8})
  [32m✓[0m  UT SB 287 (2026): vote tally matches on 2026-03-07 ({'yes': 23, 'no': 6, 'other': 0})
  [32m✓[0m  UT SB 287 (2026): sponsorship count matches (2)
  [32m✓[0m  UT SB 29 (2026): title matches
  [32m✓[0m  UT SB 29 (2026): latest_action matches
  [32m✓[0m  UT SB 29 (2026): vote event count matches (1)
  [32m✓[0m  UT SB 29 (2026): vote tally matches on 2026-01-20 ({'yes': 28, 'no': 0, 'other': 1})
  [32m✓[0m  UT SB 29 (2026): sponsorship count matches (2)
  [32m✓[0m  UT SB 290 (2026): title matches
  [32m✓[0m  UT SB 290 (2026): latest_action matches
  [32m✓[0m  UT SB 290 (2026): vote event count matches (2)
  [32m✓[0m  UT SB 290 (2026): vote tally matches on 2026-03-03 ({'yes': 26, 'no': 0, 'other': 3})
  [32m✓[0m  UT SB 290 (2026): vote tally matches on 2026-03-06 ({'yes': 61, 'no': 0, 'other': 14})
  [32m✓[0m  UT SB 290 (2026): sponsorship count matches (2)
  [32m✓[0m  UT SB 293 (2026): title matches
  [32m✓[0m  UT SB 293 (2026): latest_action matches
  [32m✓[0m  UT SB 293 (2026): vote event count matches (0)
  [32m✓[0m  UT SB 293 (2026): sponsorship count matches (2)
  [32m✓[0m  UT SB 295 (2026): title matches
  [32m✓[0m  UT SB 295 (2026): latest_action matches
  [32m✓[0m  UT SB 295 (2026): vote event count matches (5)
  [32m✓[0m  UT SB 295 (2026): vote tally matches on 2026-02-27 ({'yes': 26, 'no': 1, 'other': 2})
  [32m✓[0m  UT SB 295 (2026): vote tally matches on 2026-02-27 ({'yes': 22, 'no': 3, 'other': 4})
  [32m✓[0m  UT SB 295 (2026): vote tally matches on 2026-03-06 ({'yes': 48, 'no': 16, 'other': 11})
  [32m✓[0m  UT SB 295 (2026): vote tally matches on 2026-03-06 ({'yes': 48, 'no': 23, 'other': 4})
  [32m✓[0m  UT SB 295 (2026): vote tally matches on 2026-03-07 ({'yes': 27, 'no': 2, 'other': 0})
  [32m✓[0m  UT SB 295 (2026): sponsorship count matches (2)
  [32m✓[0m  UT SB 296 (2026): title matches
  [32m✓[0m  UT SB 296 (2026): latest_action matches
  [32m✓[0m  UT SB 296 (2026): vote event count matches (4)
  [32m✓[0m  UT SB 296 (2026): vote tally matches on 2026-03-02 ({'yes': 25, 'no': 0, 'other': 4})
  [32m✓[0m  UT SB 296 (2026): vote tally matches on 2026-03-03 ({'yes': 27, 'no': 0, 'other': 2})
  [32m✓[0m  UT SB 296 (2026): vote tally matches on 2026-03-06 ({'yes': 63, 'no': 0, 'other': 12})
  [32m✓[0m  UT SB 296 (2026): vote tally matches on 2026-03-07 ({'yes': 27, 'no': 0, 'other': 2})
  [32m✓[0m  UT SB 296 (2026): sponsorship count matches (2)
  [32m✓[0m  UT SB 297 (2026): title matches
  [32m✓[0m  UT SB 297 (2026): latest_action matches
  [32m✓[0m  UT SB 297 (2026): vote event count matches (2)
  [32m✓[0m  UT SB 297 (2026): vote tally matches on 2026-02-27 ({'yes': 29, 'no': 0, 'other': 0})
  [32m✓[0m  UT SB 297 (2026): vote tally matches on 2026-02-27 ({'yes': 26, 'no': 0, 'other': 3})
  [32m✓[0m  UT SB 297 (2026): sponsorship count matches (2)
  [32m✓[0m  UT SB 298 (2026): title matches
  [32m✓[0m  UT SB 298 (2026): latest_action matches
  [32m✓[0m  UT SB 298 (2026): vote event count matches (3)
  [32m✓[0m  UT SB 298 (2026): vote tally matches on 2026-02-27 ({'yes': 20, 'no': 6, 'other': 3})
  [32m✓[0m  UT SB 298 (2026): vote tally matches on 2026-02-27 ({'yes': 25, 'no': 1, 'other': 3})
  [32m✓[0m  UT SB 298 (2026): vote tally matches on 2026-03-06 ({'yes': 48, 'no': 11, 'other': 16})
  [32m✓[0m  UT SB 298 (2026): sponsorship count matches (2)
  [32m✓[0m  UT SB 30 (2026): title matches
  [32m✓[0m  UT SB 30 (2026): latest_action matches
  [32m✓[0m  UT SB 30 (2026): vote event count matches (4)
  [32m✓[0m  UT SB 30 (2026): vote tally matches on 2026-01-20 ({'yes': 28, 'no': 0, 'other': 1})
  [32m✓[0m  UT SB 30 (2026): vote tally matches on 2026-01-21 ({'yes': 26, 'no': 0, 'other': 3})
  [32m✓[0m  UT SB 30 (2026): vote tally matches on 2026-02-26 ({'yes': 42, 'no': 7, 'other': 26})
  [32m✓[0m  UT SB 30 (2026): vote tally matches on 2026-02-27 ({'yes': 22, 'no': 0, 'other': 7})
  [32m✓[0m  UT SB 30 (2026): sponsorship count matches (2)
  [32m✓[0m  UT SB 300 (2026): title matches
  [32m✓[0m  UT SB 300 (2026): latest_action matches
  [32m✓[0m  UT SB 300 (2026): vote event count matches (0)
  [32m✓[0m  UT SB 300 (2026): sponsorship count matches (1)
  [32m✓[0m  UT SB 301 (2026): title matches
  [32m✓[0m  UT SB 301 (2026): latest_action matches
  [32m✓[0m  UT SB 301 (2026): vote event count matches (2)
  [32m✓[0m  UT SB 301 (2026): vote tally matches on 2026-03-02 ({'yes': 27, 'no': 0, 'other': 2})
  [32m✓[0m  UT SB 301 (2026): vote tally matches on 2026-03-03 ({'yes': 26, 'no': 0, 'other': 3})
  [32m✓[0m  UT SB 301 (2026): sponsorship count matches (2)
  [32m✓[0m  UT SB 304 (2026): title matches
  [32m✓[0m  UT SB 304 (2026): latest_action matches
  [32m✓[0m  UT SB 304 (2026): vote event count matches (4)
  [32m✓[0m  UT SB 304 (2026): vote tally matches on 2026-03-04 ({'yes': 21, 'no': 6, 'other': 2})
  [32m✓[0m  UT SB 304 (2026): vote tally matches on 2026-03-04 ({'yes': 21, 'no': 8, 'other': 0})
  [32m✓[0m  UT SB 304 (2026): vote tally matches on 2026-03-07 ({'yes': 21, 'no': 6, 'other': 2})
  [32m✓[0m  UT SB 304 (2026): vote tally matches on 2026-03-07 ({'yes': 44, 'no': 15, 'other': 16})
  [32m✓[0m  UT SB 304 (2026): sponsorship count matches (2)
    ...425/500
  [32m✓[0m  UT SB 307 (2026): title matches
  [32m✓[0m  UT SB 307 (2026): latest_action matches
  [32m✓[0m  UT SB 307 (2026): vote event count matches (3)
  [32m✓[0m  UT SB 307 (2026): vote tally matches on 2026-03-02 ({'yes': 26, 'no': 0, 'other': 3})
  [32m✓[0m  UT SB 307 (2026): vote tally matches on 2026-03-03 ({'yes': 25, 'no': 0, 'other': 4})
  [32m✓[0m  UT SB 307 (2026): vote tally matches on 2026-03-05 ({'yes': 58, 'no': 13, 'other': 4})
  [32m✓[0m  UT SB 307 (2026): sponsorship count matches (2)
  [32m✓[0m  UT SB 308 (2026): title matches
  [32m✓[0m  UT SB 308 (2026): latest_action matches
  [32m✓[0m  UT SB 308 (2026): vote event count matches (0)
  [32m✓[0m  UT SB 308 (2026): sponsorship count matches (1)
  [32m✓[0m  UT SB 309 (2026): title matches
  [32m✓[0m  UT SB 309 (2026): latest_action matches
  [32m✓[0m  UT SB 309 (2026): vote event count matches (0)
  [32m✓[0m  UT SB 309 (2026): sponsorship count matches (1)
  [32m✓[0m  UT SB 31 (2026): title matches
  [32m✓[0m  UT SB 31 (2026): latest_action matches
  [32m✓[0m  UT SB 31 (2026): vote event count matches (4)
  [32m✓[0m  UT SB 31 (2026): vote tally matches on 2026-02-23 ({'yes': 25, 'no': 1, 'other': 3})
  [32m✓[0m  UT SB 31 (2026): vote tally matches on 2026-02-25 ({'yes': 23, 'no': 0, 'other': 6})
  [32m✓[0m  UT SB 31 (2026): vote tally matches on 2026-03-06 ({'yes': 59, 'no': 5, 'other': 11})
  [32m✓[0m  UT SB 31 (2026): vote tally matches on 2026-03-07 ({'yes': 22, 'no': 1, 'other': 6})
  [32m✓[0m  UT SB 31 (2026): sponsorship count matches (2)
  [32m✓[0m  UT SB 314 (2026): title matches
  [32m✓[0m  UT SB 314 (2026): latest_action matches
  [32m✓[0m  UT SB 314 (2026): vote event count matches (2)
  [32m✓[0m  UT SB 314 (2026): vote tally matches on 2026-03-04 ({'yes': 16, 'no': 12, 'other': 1})
  [32m✓[0m  UT SB 314 (2026): vote tally matches on 2026-03-06 ({'yes': 56, 'no': 14, 'other': 5})
  [32m✓[0m  UT SB 314 (2026): sponsorship count matches (2)
  [32m✓[0m  UT SB 316 (2026): title matches
  [32m✓[0m  UT SB 316 (2026): latest_action matches
  [32m✓[0m  UT SB 316 (2026): vote event count matches (2)
  [32m✓[0m  UT SB 316 (2026): vote tally matches on 2026-03-02 ({'yes': 20, 'no': 2, 'other': 7})
  [32m✓[0m  UT SB 316 (2026): vote tally matches on 2026-03-03 ({'yes': 26, 'no': 1, 'other': 2})
  [32m✓[0m  UT SB 316 (2026): sponsorship count matches (2)
  [32m✓[0m  UT SB 317 (2026): title matches
  [32m✓[0m  UT SB 317 (2026): latest_action matches
  [32m✓[0m  UT SB 317 (2026): vote event count matches (1)
  [32m✓[0m  UT SB 317 (2026): vote tally matches on 2026-03-04 ({'yes': 26, 'no': 0, 'other': 3})
  [32m✓[0m  UT SB 317 (2026): sponsorship count matches (2)
  [32m✓[0m  UT SB 319 (2026): title matches
  [32m✓[0m  UT SB 319 (2026): latest_action matches
  [32m✓[0m  UT SB 319 (2026): vote event count matches (4)
  [32m✓[0m  UT SB 319 (2026): vote tally matches on 2026-03-02 ({'yes': 22, 'no': 0, 'other': 7})
  [32m✓[0m  UT SB 319 (2026): vote tally matches on 2026-03-03 ({'yes': 28, 'no': 0, 'other': 1})
  [32m✓[0m  UT SB 319 (2026): vote tally matches on 2026-03-05 ({'yes': 26, 'no': 0, 'other': 3})
  [32m✓[0m  UT SB 319 (2026): vote tally matches on 2026-03-05 ({'yes': 69, 'no': 1, 'other': 5})
  [32m✓[0m  UT SB 319 (2026): sponsorship count matches (2)
  [32m✓[0m  UT SB 320 (2026): title matches
  [32m✓[0m  UT SB 320 (2026): latest_action matches
  [32m✓[0m  UT SB 320 (2026): vote event count matches (0)
  [32m✓[0m  UT SB 320 (2026): sponsorship count matches (1)
  [32m✓[0m  UT SB 321 (2026): title matches
  [32m✓[0m  UT SB 321 (2026): latest_action matches
  [32m✓[0m  UT SB 321 (2026): vote event count matches (4)
  [32m✓[0m  UT SB 321 (2026): vote tally matches on 2026-03-02 ({'yes': 24, 'no': 0, 'other': 5})
  [32m✓[0m  UT SB 321 (2026): vote tally matches on 2026-03-03 ({'yes': 26, 'no': 0, 'other': 3})
  [32m✓[0m  UT SB 321 (2026): vote tally matches on 2026-03-06 ({'yes': 24, 'no': 0, 'other': 5})
  [32m✓[0m  UT SB 321 (2026): vote tally matches on 2026-03-06 ({'yes': 68, 'no': 0, 'other': 7})
  [32m✓[0m  UT SB 321 (2026): sponsorship count matches (2)
  [32m✓[0m  UT SB 322 (2026): title matches
  [32m✓[0m  UT SB 322 (2026): latest_action matches
  [32m✓[0m  UT SB 322 (2026): vote event count matches (1)
  [32m✓[0m  UT SB 322 (2026): vote tally matches on 2026-03-03 ({'yes': 24, 'no': 0, 'other': 5})
  [32m✓[0m  UT SB 322 (2026): sponsorship count matches (2)
  [32m✓[0m  UT SB 325 (2026): title matches
  [32m✓[0m  UT SB 325 (2026): latest_action matches
  [32m✓[0m  UT SB 325 (2026): vote event count matches (0)
  [32m✓[0m  UT SB 325 (2026): sponsorship count matches (1)
  [32m✓[0m  UT SB 329 (2026): title matches
  [32m✓[0m  UT SB 329 (2026): latest_action matches
  [32m✓[0m  UT SB 329 (2026): vote event count matches (0)
  [32m✓[0m  UT SB 329 (2026): sponsorship count matches (1)
  [32m✓[0m  UT SB 33 (2026): title matches
  [32m✓[0m  UT SB 33 (2026): latest_action matches
  [32m✓[0m  UT SB 33 (2026): vote event count matches (2)
  [32m✓[0m  UT SB 33 (2026): vote tally matches on 2026-01-20 ({'yes': 26, 'no': 0, 'other': 3})
  [32m✓[0m  UT SB 33 (2026): vote tally matches on 2026-02-04 ({'yes': 67, 'no': 1, 'other': 7})
  [32m✓[0m  UT SB 33 (2026): sponsorship count matches (2)
  [32m✓[0m  UT SB 34 (2026): title matches
  [32m✓[0m  UT SB 34 (2026): latest_action matches
  [32m✓[0m  UT SB 34 (2026): vote event count matches (5)
  [32m✓[0m  UT SB 34 (2026): vote tally matches on 2026-02-23 ({'yes': 25, 'no': 0, 'other': 4})
  [32m✓[0m  UT SB 34 (2026): vote tally matches on 2026-02-24 ({'yes': 25, 'no': 0, 'other': 4})
  [32m✓[0m  UT SB 34 (2026): vote tally matches on 2026-03-06 ({'yes': 52, 'no': 0, 'other': 23})
  [32m✓[0m  UT SB 34 (2026): vote tally matches on 2026-03-06 ({'yes': 29, 'no': 0, 'other': 0})
  [32m✓[0m  UT SB 34 (2026): vote tally matches on 2026-03-06 ({'yes': 71, 'no': 0, 'other': 4})
  [32m✓[0m  UT SB 34 (2026): sponsorship count matches (2)
  [32m✓[0m  UT SB 35 (2026): title matches
  [32m✓[0m  UT SB 35 (2026): latest_action matches
  [32m✓[0m  UT SB 35 (2026): vote event count matches (2)
  [32m✓[0m  UT SB 35 (2026): vote tally matches on 2026-01-20 ({'yes': 26, 'no': 0, 'other': 3})
  [32m✓[0m  UT SB 35 (2026): vote tally matches on 2026-02-05 ({'yes': 67, 'no': 3, 'other': 5})
  [32m✓[0m  UT SB 35 (2026): sponsorship count matches (2)
  [32m✓[0m  UT SB 36 (2026): title matches
  [32m✓[0m  UT SB 36 (2026): latest_action matches
  [32m✓[0m  UT SB 36 (2026): vote event count matches (2)
  [32m✓[0m  UT SB 36 (2026): vote tally matches on 2026-01-20 ({'yes': 24, 'no': 0, 'other': 5})
  [32m✓[0m  UT SB 36 (2026): vote tally matches on 2026-02-04 ({'yes': 59, 'no': 9, 'other': 7})
  [32m✓[0m  UT SB 36 (2026): sponsorship count matches (2)
  [32m✓[0m  UT SB 37 (2026): title matches
  [32m✓[0m  UT SB 37 (2026): latest_action matches
  [32m✓[0m  UT SB 37 (2026): vote event count matches (2)
  [32m✓[0m  UT SB 37 (2026): vote tally matches on 2026-02-02 ({'yes': 25, 'no': 0, 'other': 4})
  [32m✓[0m  UT SB 37 (2026): vote tally matches on 2026-02-09 ({'yes': 24, 'no': 0, 'other': 5})
  [32m✓[0m  UT SB 37 (2026): sponsorship count matches (2)
  [32m✓[0m  UT SB 38 (2026): title matches
  [32m✓[0m  UT SB 38 (2026): latest_action matches
  [32m✓[0m  UT SB 38 (2026): vote event count matches (3)
  [32m✓[0m  UT SB 38 (2026): vote tally matches on 2026-01-21 ({'yes': 24, 'no': 0, 'other': 5})
  [32m✓[0m  UT SB 38 (2026): vote tally matches on 2026-02-26 ({'yes': 46, 'no': 1, 'other': 28})
  [32m✓[0m  UT SB 38 (2026): vote tally matches on 2026-02-27 ({'yes': 22, 'no': 0, 'other': 7})
  [32m✓[0m  UT SB 38 (2026): sponsorship count matches (2)
  [32m✓[0m  UT SB 39 (2026): title matches
  [32m✓[0m  UT SB 39 (2026): latest_action matches
  [32m✓[0m  UT SB 39 (2026): vote event count matches (3)
  [32m✓[0m  UT SB 39 (2026): vote tally matches on 2026-02-05 ({'yes': 23, 'no': 1, 'other': 5})
  [32m✓[0m  UT SB 39 (2026): vote tally matches on 2026-02-06 ({'yes': 23, 'no': 2, 'other': 4})
  [32m✓[0m  UT SB 39 (2026): vote tally matches on 2026-02-19 ({'yes': 46, 'no': 22, 'other': 7})
  [32m✓[0m  UT SB 39 (2026): sponsorship count matches (2)
  [32m✓[0m  UT SB 40 (2026): title matches
  [32m✓[0m  UT SB 40 (2026): latest_action matches
  [32m✓[0m  UT SB 40 (2026): vote event count matches (3)
  [32m✓[0m  UT SB 40 (2026): vote tally matches on 2026-01-20 ({'yes': 26, 'no': 0, 'other': 3})
  [32m✓[0m  UT SB 40 (2026): vote tally matches on 2026-02-12 ({'yes': 67, 'no': 1, 'other': 7})
  [32m✓[0m  UT SB 40 (2026): vote tally matches on 2026-02-18 ({'yes': 25, 'no': 0, 'other': 4})
  [32m✓[0m  UT SB 40 (2026): sponsorship count matches (2)
  [32m✓[0m  UT SB 42 (2026): title matches
  [32m✓[0m  UT SB 42 (2026): latest_action matches
  [32m✓[0m  UT SB 42 (2026): vote event count matches (1)
  [32m✓[0m  UT SB 42 (2026): vote tally matches on 2026-01-20 ({'yes': 25, 'no': 0, 'other': 4})
  [32m✓[0m  UT SB 42 (2026): sponsorship count matches (2)
  [32m✓[0m  UT SB 44 (2026): title matches
  [32m✓[0m  UT SB 44 (2026): latest_action matches
  [32m✓[0m  UT SB 44 (2026): vote event count matches (2)
  [32m✓[0m  UT SB 44 (2026): vote tally matches on 2026-01-21 ({'yes': 26, 'no': 0, 'other': 3})
  [32m✓[0m  UT SB 44 (2026): vote tally matches on 2026-02-18 ({'yes': 67, 'no': 0, 'other': 8})
  [32m✓[0m  UT SB 44 (2026): sponsorship count matches (2)
  [32m✓[0m  UT SB 45 (2026): title matches
  [32m✓[0m  UT SB 45 (2026): latest_action matches
  [32m✓[0m  UT SB 45 (2026): vote event count matches (4)
  [32m✓[0m  UT SB 45 (2026): vote tally matches on 2026-02-06 ({'yes': 24, 'no': 4, 'other': 1})
  [32m✓[0m  UT SB 45 (2026): vote tally matches on 2026-02-18 ({'yes': 29, 'no': 0, 'other': 0})
  [32m✓[0m  UT SB 45 (2026): vote tally matches on 2026-03-04 ({'yes': 26, 'no': 0, 'other': 3})
  [32m✓[0m  UT SB 45 (2026): vote tally matches on 2026-03-04 ({'yes': 63, 'no': 10, 'other': 2})
  [32m✓[0m  UT SB 45 (2026): sponsorship count matches (2)
  [32m✓[0m  UT SB 46 (2026): title matches
  [32m✓[0m  UT SB 46 (2026): latest_action matches
  [32m✓[0m  UT SB 46 (2026): vote event count matches (2)
  [32m✓[0m  UT SB 46 (2026): vote tally matches on 2026-01-21 ({'yes': 28, 'no': 0, 'other': 1})
  [32m✓[0m  UT SB 46 (2026): vote tally matches on 2026-02-11 ({'yes': 59, 'no': 11, 'other': 5})
  [32m✓[0m  UT SB 46 (2026): sponsorship count matches (2)
    ...450/500
  [32m✓[0m  UT SB 47 (2026): title matches
  [32m✓[0m  UT SB 47 (2026): latest_action matches
  [32m✓[0m  UT SB 47 (2026): vote event count matches (2)
  [32m✓[0m  UT SB 47 (2026): vote tally matches on 2026-03-03 ({'yes': 22, 'no': 0, 'other': 7})
  [32m✓[0m  UT SB 47 (2026): vote tally matches on 2026-03-07 ({'yes': 64, 'no': 6, 'other': 5})
  [32m✓[0m  UT SB 47 (2026): sponsorship count matches (2)
  [32m✓[0m  UT SB 50 (2026): title matches
  [32m✓[0m  UT SB 50 (2026): latest_action matches
  [32m✓[0m  UT SB 50 (2026): vote event count matches (3)
  [32m✓[0m  UT SB 50 (2026): vote tally matches on 2026-02-02 ({'yes': 28, 'no': 0, 'other': 1})
  [32m✓[0m  UT SB 50 (2026): vote tally matches on 2026-02-03 ({'yes': 27, 'no': 0, 'other': 2})
  [32m✓[0m  UT SB 50 (2026): vote tally matches on 2026-02-18 ({'yes': 66, 'no': 1, 'other': 8})
  [32m✓[0m  UT SB 50 (2026): sponsorship count matches (2)
  [32m✓[0m  UT SB 51 (2026): title matches
  [32m✓[0m  UT SB 51 (2026): latest_action matches
  [32m✓[0m  UT SB 51 (2026): vote event count matches (3)
  [32m✓[0m  UT SB 51 (2026): vote tally matches on 2026-01-27 ({'yes': 23, 'no': 0, 'other': 6})
  [32m✓[0m  UT SB 51 (2026): vote tally matches on 2026-01-29 ({'yes': 26, 'no': 0, 'other': 3})
  [32m✓[0m  UT SB 51 (2026): vote tally matches on 2026-02-19 ({'yes': 65, 'no': 1, 'other': 9})
  [32m✓[0m  UT SB 51 (2026): sponsorship count matches (2)
  [32m✓[0m  UT SB 53 (2026): title matches
  [32m✓[0m  UT SB 53 (2026): latest_action matches
  [32m✓[0m  UT SB 53 (2026): vote event count matches (1)
  [32m✓[0m  UT SB 53 (2026): vote tally matches on 2026-02-03 ({'yes': 10, 'no': 16, 'other': 3})
  [32m✓[0m  UT SB 53 (2026): sponsorship count matches (2)
  [32m✓[0m  UT SB 54 (2026): title matches
  [32m✓[0m  UT SB 54 (2026): latest_action matches
  [32m✓[0m  UT SB 54 (2026): vote event count matches (4)
  [32m✓[0m  UT SB 54 (2026): vote tally matches on 2026-02-20 ({'yes': 22, 'no': 1, 'other': 6})
  [32m✓[0m  UT SB 54 (2026): vote tally matches on 2026-02-23 ({'yes': 20, 'no': 5, 'other': 4})
  [32m✓[0m  UT SB 54 (2026): vote tally matches on 2026-03-05 ({'yes': 67, 'no': 2, 'other': 6})
  [32m✓[0m  UT SB 54 (2026): vote tally matches on 2026-03-06 ({'yes': 27, 'no': 0, 'other': 2})
  [32m✓[0m  UT SB 54 (2026): sponsorship count matches (2)
  [32m✓[0m  UT SB 6 (2026): title matches
  [32m✓[0m  UT SB 6 (2026): latest_action matches
  [32m✓[0m  UT SB 6 (2026): vote event count matches (2)
  [32m✓[0m  UT SB 6 (2026): vote tally matches on 2026-01-28 ({'yes': 28, 'no': 0, 'other': 1})
  [32m✓[0m  UT SB 6 (2026): vote tally matches on 2026-01-29 ({'yes': 73, 'no': 0, 'other': 2})
  [32m✓[0m  UT SB 6 (2026): sponsorship count matches (2)
  [32m✓[0m  UT SB 61 (2026): title matches
  [32m✓[0m  UT SB 61 (2026): latest_action matches
  [32m✓[0m  UT SB 61 (2026): vote event count matches (0)
  [32m✓[0m  UT SB 61 (2026): sponsorship count matches (1)
  [32m✓[0m  UT SB 63 (2026): title matches
  [32m✓[0m  UT SB 63 (2026): latest_action matches
  [32m✓[0m  UT SB 63 (2026): vote event count matches (3)
  [32m✓[0m  UT SB 63 (2026): vote tally matches on 2026-02-13 ({'yes': 24, 'no': 0, 'other': 5})
  [32m✓[0m  UT SB 63 (2026): vote tally matches on 2026-02-17 ({'yes': 26, 'no': 0, 'other': 3})
  [32m✓[0m  UT SB 63 (2026): vote tally matches on 2026-02-25 ({'yes': 64, 'no': 0, 'other': 11})
  [32m✓[0m  UT SB 63 (2026): sponsorship count matches (2)
  [32m✓[0m  UT SB 64 (2026): title matches
  [32m✓[0m  UT SB 64 (2026): latest_action matches
  [32m✓[0m  UT SB 64 (2026): vote event count matches (0)
  [32m✓[0m  UT SB 64 (2026): sponsorship count matches (2)
  [32m✓[0m  UT SB 65 (2026): title matches
  [32m✓[0m  UT SB 65 (2026): latest_action matches
  [32m✓[0m  UT SB 65 (2026): vote event count matches (2)
  [32m✓[0m  UT SB 65 (2026): vote tally matches on 2026-02-17 ({'yes': 17, 'no': 11, 'other': 1})
  [32m✓[0m  UT SB 65 (2026): vote tally matches on 2026-02-18 ({'yes': 18, 'no': 11, 'other': 0})
  [32m✓[0m  UT SB 65 (2026): sponsorship count matches (2)
  [32m✓[0m  UT SB 67 (2026): title matches
  [32m✓[0m  UT SB 67 (2026): latest_action matches
  [32m✓[0m  UT SB 67 (2026): vote event count matches (2)
  [32m✓[0m  UT SB 67 (2026): vote tally matches on 2026-02-27 ({'yes': 25, 'no': 0, 'other': 4})
  [32m✓[0m  UT SB 67 (2026): vote tally matches on 2026-02-27 ({'yes': 25, 'no': 0, 'other': 4})
  [32m✓[0m  UT SB 67 (2026): sponsorship count matches (2)
  [32m✓[0m  UT SB 69 (2026): title matches
  [32m✓[0m  UT SB 69 (2026): latest_action matches
  [32m✓[0m  UT SB 69 (2026): vote event count matches (4)
  [32m✓[0m  UT SB 69 (2026): vote tally matches on 2026-01-30 ({'yes': 26, 'no': 0, 'other': 3})
  [32m✓[0m  UT SB 69 (2026): vote tally matches on 2026-02-03 ({'yes': 27, 'no': 1, 'other': 1})
  [32m✓[0m  UT SB 69 (2026): vote tally matches on 2026-02-25 ({'yes': 46, 'no': 21, 'other': 8})
  [32m✓[0m  UT SB 69 (2026): vote tally matches on 2026-02-26 ({'yes': 19, 'no': 0, 'other': 10})
  [32m✓[0m  UT SB 69 (2026): sponsorship count matches (2)
  [32m✓[0m  UT SB 7 (2026): title matches
  [32m✓[0m  UT SB 7 (2026): latest_action matches
  [32m✓[0m  UT SB 7 (2026): vote event count matches (2)
  [32m✓[0m  UT SB 7 (2026): vote tally matches on 2026-01-28 ({'yes': 28, 'no': 0, 'other': 1})
  [32m✓[0m  UT SB 7 (2026): vote tally matches on 2026-01-29 ({'yes': 74, 'no': 0, 'other': 1})
  [32m✓[0m  UT SB 7 (2026): sponsorship count matches (2)
  [32m✓[0m  UT SB 70 (2026): title matches
  [32m✓[0m  UT SB 70 (2026): latest_action matches
  [32m✓[0m  UT SB 70 (2026): vote event count matches (0)
  [32m✓[0m  UT SB 70 (2026): sponsorship count matches (1)
  [32m✓[0m  UT SB 73 (2026): title matches
  [32m✓[0m  UT SB 73 (2026): latest_action matches
  [32m✓[0m  UT SB 73 (2026): vote event count matches (3)
  [32m✓[0m  UT SB 73 (2026): vote tally matches on 2026-02-20 ({'yes': 25, 'no': 1, 'other': 3})
  [32m✓[0m  UT SB 73 (2026): vote tally matches on 2026-02-23 ({'yes': 22, 'no': 2, 'other': 5})
  [32m✓[0m  UT SB 73 (2026): vote tally matches on 2026-03-04 ({'yes': 66, 'no': 1, 'other': 8})
  [32m✓[0m  UT SB 73 (2026): sponsorship count matches (2)
  [32m✓[0m  UT SB 74 (2026): title matches
  [32m✓[0m  UT SB 74 (2026): latest_action matches
  [32m✓[0m  UT SB 74 (2026): vote event count matches (3)
  [32m✓[0m  UT SB 74 (2026): vote tally matches on 2026-02-24 ({'yes': 21, 'no': 3, 'other': 5})
  [32m✓[0m  UT SB 74 (2026): vote tally matches on 2026-02-25 ({'yes': 22, 'no': 3, 'other': 4})
  [32m✓[0m  UT SB 74 (2026): vote tally matches on 2026-03-06 ({'yes': 68, 'no': 1, 'other': 6})
  [32m✓[0m  UT SB 74 (2026): sponsorship count matches (2)
  [32m✓[0m  UT SB 75 (2026): title matches
  [32m✓[0m  UT SB 75 (2026): latest_action matches
  [32m✓[0m  UT SB 75 (2026): vote event count matches (2)
  [32m✓[0m  UT SB 75 (2026): vote tally matches on 2026-02-05 ({'yes': 23, 'no': 0, 'other': 6})
  [32m✓[0m  UT SB 75 (2026): vote tally matches on 2026-02-06 ({'yes': 28, 'no': 0, 'other': 1})
  [32m✓[0m  UT SB 75 (2026): sponsorship count matches (2)
  [32m✓[0m  UT SB 76 (2026): title matches
  [32m✓[0m  UT SB 76 (2026): latest_action matches
  [32m✓[0m  UT SB 76 (2026): vote event count matches (0)
  [32m✓[0m  UT SB 76 (2026): sponsorship count matches (1)
  [32m✓[0m  UT SB 78 (2026): title matches
  [32m✓[0m  UT SB 78 (2026): latest_action matches
  [32m✓[0m  UT SB 78 (2026): vote event count matches (3)
  [32m✓[0m  UT SB 78 (2026): vote tally matches on 2026-02-10 ({'yes': 17, 'no': 7, 'other': 5})
  [32m✓[0m  UT SB 78 (2026): vote tally matches on 2026-03-05 ({'yes': 21, 'no': 6, 'other': 2})
  [32m✓[0m  UT SB 78 (2026): vote tally matches on 2026-03-07 ({'yes': 28, 'no': 41, 'other': 6})
  [32m✓[0m  UT SB 78 (2026): sponsorship count matches (2)
  [32m✓[0m  UT SB 79 (2026): title matches
  [32m✓[0m  UT SB 79 (2026): latest_action matches
  [32m✓[0m  UT SB 79 (2026): vote event count matches (0)
  [32m✓[0m  UT SB 79 (2026): sponsorship count matches (1)
  [32m✓[0m  UT SB 80 (2026): title matches
  [32m✓[0m  UT SB 80 (2026): latest_action matches
  [32m✓[0m  UT SB 80 (2026): vote event count matches (3)
  [32m✓[0m  UT SB 80 (2026): vote tally matches on 2026-02-13 ({'yes': 23, 'no': 0, 'other': 6})
  [32m✓[0m  UT SB 80 (2026): vote tally matches on 2026-02-17 ({'yes': 24, 'no': 0, 'other': 5})
  [32m✓[0m  UT SB 80 (2026): vote tally matches on 2026-02-26 ({'yes': 54, 'no': 0, 'other': 21})
  [32m✓[0m  UT SB 80 (2026): sponsorship count matches (2)
  [32m✓[0m  UT SB 82 (2026): title matches
  [32m✓[0m  UT SB 82 (2026): latest_action matches
  [32m✓[0m  UT SB 82 (2026): vote event count matches (3)
  [32m✓[0m  UT SB 82 (2026): vote tally matches on 2026-02-03 ({'yes': 26, 'no': 0, 'other': 3})
  [32m✓[0m  UT SB 82 (2026): vote tally matches on 2026-02-04 ({'yes': 28, 'no': 0, 'other': 1})
  [32m✓[0m  UT SB 82 (2026): vote tally matches on 2026-03-04 ({'yes': 67, 'no': 1, 'other': 7})
  [32m✓[0m  UT SB 82 (2026): sponsorship count matches (2)
  [32m✓[0m  UT SB 83 (2026): title matches
  [32m✓[0m  UT SB 83 (2026): latest_action matches
  [32m✓[0m  UT SB 83 (2026): vote event count matches (4)
  [32m✓[0m  UT SB 83 (2026): vote tally matches on 2026-02-09 ({'yes': 28, 'no': 0, 'other': 1})
  [32m✓[0m  UT SB 83 (2026): vote tally matches on 2026-02-10 ({'yes': 27, 'no': 0, 'other': 2})
  [32m✓[0m  UT SB 83 (2026): vote tally matches on 2026-02-25 ({'yes': 69, 'no': 0, 'other': 6})
  [32m✓[0m  UT SB 83 (2026): vote tally matches on 2026-02-26 ({'yes': 23, 'no': 0, 'other': 6})
  [32m✓[0m  UT SB 83 (2026): sponsorship count matches (2)
  [32m✓[0m  UT SB 84 (2026): title matches
  [32m✓[0m  UT SB 84 (2026): latest_action matches
  [32m✓[0m  UT SB 84 (2026): vote event count matches (4)
  [32m✓[0m  UT SB 84 (2026): vote tally matches on 2026-01-22 ({'yes': 25, 'no': 0, 'other': 4})
  [32m✓[0m  UT SB 84 (2026): vote tally matches on 2026-01-23 ({'yes': 27, 'no': 0, 'other': 2})
  [32m✓[0m  UT SB 84 (2026): vote tally matches on 2026-02-11 ({'yes': 61, 'no': 7, 'other': 7})
  [32m✓[0m  UT SB 84 (2026): vote tally matches on 2026-02-13 ({'yes': 24, 'no': 0, 'other': 5})
  [32m✓[0m  UT SB 84 (2026): sponsorship count matches (2)
  [32m✓[0m  UT SB 88 (2026): title matches
  [32m✓[0m  UT SB 88 (2026): latest_action matches
  [32m✓[0m  UT SB 88 (2026): vote event count matches (3)
  [32m✓[0m  UT SB 88 (2026): vote tally matches on 2026-02-03 ({'yes': 21, 'no': 2, 'other': 6})
  [32m✓[0m  UT SB 88 (2026): vote tally matches on 2026-02-04 ({'yes': 21, 'no': 6, 'other': 2})
  [32m✓[0m  UT SB 88 (2026): vote tally matches on 2026-02-26 ({'yes': 56, 'no': 5, 'other': 14})
  [32m✓[0m  UT SB 88 (2026): sponsorship count matches (2)
    ...475/500
  [32m✓[0m  UT SB 91 (2026): title matches
  [32m✓[0m  UT SB 91 (2026): latest_action matches
  [32m✓[0m  UT SB 91 (2026): vote event count matches (4)
  [32m✓[0m  UT SB 91 (2026): vote tally matches on 2026-02-02 ({'yes': 26, 'no': 0, 'other': 3})
  [32m✓[0m  UT SB 91 (2026): vote tally matches on 2026-02-03 ({'yes': 28, 'no': 0, 'other': 1})
  [32m✓[0m  UT SB 91 (2026): vote tally matches on 2026-03-04 ({'yes': 28, 'no': 0, 'other': 1})
  [32m✓[0m  UT SB 91 (2026): vote tally matches on 2026-03-04 ({'yes': 60, 'no': 10, 'other': 5})
  [32m✓[0m  UT SB 91 (2026): sponsorship count matches (2)
  [32m✓[0m  UT SB 92 (2026): title matches
  [32m✓[0m  UT SB 92 (2026): latest_action matches
  [32m✓[0m  UT SB 92 (2026): vote event count matches (3)
  [32m✓[0m  UT SB 92 (2026): vote tally matches on 2026-02-20 ({'yes': 23, 'no': 0, 'other': 6})
  [32m✓[0m  UT SB 92 (2026): vote tally matches on 2026-02-23 ({'yes': 22, 'no': 0, 'other': 7})
  [32m✓[0m  UT SB 92 (2026): vote tally matches on 2026-03-05 ({'yes': 70, 'no': 0, 'other': 5})
  [32m✓[0m  UT SB 92 (2026): sponsorship count matches (2)
  [32m✓[0m  UT SB 93 (2026): title matches
  [32m✓[0m  UT SB 93 (2026): latest_action matches
  [32m✓[0m  UT SB 93 (2026): vote event count matches (3)
  [32m✓[0m  UT SB 93 (2026): vote tally matches on 2026-02-24 ({'yes': 24, 'no': 0, 'other': 5})
  [32m✓[0m  UT SB 93 (2026): vote tally matches on 2026-02-25 ({'yes': 24, 'no': 0, 'other': 5})
  [32m✓[0m  UT SB 93 (2026): vote tally matches on 2026-03-06 ({'yes': 59, 'no': 1, 'other': 15})
  [32m✓[0m  UT SB 93 (2026): sponsorship count matches (2)
  [32m✓[0m  UT SB 95 (2026): title matches
  [32m✓[0m  UT SB 95 (2026): latest_action matches
  [32m✓[0m  UT SB 95 (2026): vote event count matches (0)
  [32m✓[0m  UT SB 95 (2026): sponsorship count matches (1)
  [32m✓[0m  UT SB 96 (2026): title matches
  [32m✓[0m  UT SB 96 (2026): latest_action matches
  [32m✓[0m  UT SB 96 (2026): vote event count matches (3)
  [32m✓[0m  UT SB 96 (2026): vote tally matches on 2026-02-02 ({'yes': 28, 'no': 0, 'other': 1})
  [32m✓[0m  UT SB 96 (2026): vote tally matches on 2026-02-03 ({'yes': 23, 'no': 0, 'other': 6})
  [32m✓[0m  UT SB 96 (2026): vote tally matches on 2026-02-26 ({'yes': 62, 'no': 0, 'other': 13})
  [32m✓[0m  UT SB 96 (2026): sponsorship count matches (2)
  [32m✓[0m  UT SB 98 (2026): title matches
  [32m✓[0m  UT SB 98 (2026): latest_action matches
  [32m✓[0m  UT SB 98 (2026): vote event count matches (3)
  [32m✓[0m  UT SB 98 (2026): vote tally matches on 2026-02-13 ({'yes': 18, 'no': 2, 'other': 9})
  [32m✓[0m  UT SB 98 (2026): vote tally matches on 2026-02-17 ({'yes': 24, 'no': 0, 'other': 5})
  [32m✓[0m  UT SB 98 (2026): vote tally matches on 2026-02-26 ({'yes': 69, 'no': 1, 'other': 5})
  [32m✓[0m  UT SB 98 (2026): sponsorship count matches (2)
  [32m✓[0m  UT SB 99 (2026): title matches
  [32m✓[0m  UT SB 99 (2026): latest_action matches
  [32m✓[0m  UT SB 99 (2026): vote event count matches (0)
  [32m✓[0m  UT SB 99 (2026): sponsorship count matches (2)
  [32m✓[0m  UT SCR 1 (2026): title matches
  [32m✓[0m  UT SCR 1 (2026): latest_action matches
  [32m✓[0m  UT SCR 1 (2026): vote event count matches (3)
  [32m✓[0m  UT SCR 1 (2026): vote tally matches on 2026-02-03 ({'yes': 25, 'no': 1, 'other': 3})
  [32m✓[0m  UT SCR 1 (2026): vote tally matches on 2026-02-04 ({'yes': 26, 'no': 1, 'other': 2})
  [32m✓[0m  UT SCR 1 (2026): vote tally matches on 2026-03-06 ({'yes': 70, 'no': 0, 'other': 5})
  [32m✓[0m  UT SCR 1 (2026): sponsorship count matches (2)
  [32m✓[0m  UT SCR 10 (2026): title matches
  [32m✓[0m  UT SCR 10 (2026): latest_action matches
  [32m✓[0m  UT SCR 10 (2026): vote event count matches (3)
  [32m✓[0m  UT SCR 10 (2026): vote tally matches on 2026-02-19 ({'yes': 24, 'no': 1, 'other': 4})
  [32m✓[0m  UT SCR 10 (2026): vote tally matches on 2026-03-06 ({'yes': 67, 'no': 2, 'other': 6})
  [32m✓[0m  UT SCR 10 (2026): vote tally matches on 2026-03-06 ({'yes': 28, 'no': 1, 'other': 0})
  [32m✓[0m  UT SCR 10 (2026): sponsorship count matches (2)
  [32m✓[0m  UT SCR 11 (2026): title matches
  [32m✓[0m  UT SCR 11 (2026): latest_action matches
  [32m✓[0m  UT SCR 11 (2026): vote event count matches (0)
  [32m✓[0m  UT SCR 11 (2026): sponsorship count matches (1)
  [32m✓[0m  UT SCR 2 (2026): title matches
  [32m✓[0m  UT SCR 2 (2026): latest_action matches
  [32m✓[0m  UT SCR 2 (2026): vote event count matches (3)
  [32m✓[0m  UT SCR 2 (2026): vote tally matches on 2026-01-22 ({'yes': 29, 'no': 0, 'other': 0})
  [32m✓[0m  UT SCR 2 (2026): vote tally matches on 2026-01-27 ({'yes': 27, 'no': 0, 'other': 2})
  [32m✓[0m  UT SCR 2 (2026): vote tally matches on 2026-02-09 ({'yes': 73, 'no': 0, 'other': 2})
  [32m✓[0m  UT SCR 2 (2026): sponsorship count matches (2)
  [32m✓[0m  UT SCR 3 (2026): title matches
  [32m✓[0m  UT SCR 3 (2026): latest_action matches
  [32m✓[0m  UT SCR 3 (2026): vote event count matches (1)
  [32m✓[0m  UT SCR 3 (2026): vote tally matches on 2026-02-03 ({'yes': 10, 'no': 16, 'other': 3})
  [32m✓[0m  UT SCR 3 (2026): sponsorship count matches (2)
  [32m✓[0m  UT SCR 6 (2026): title matches
  [32m✓[0m  UT SCR 6 (2026): latest_action matches
  [32m✓[0m  UT SCR 6 (2026): vote event count matches (3)
  [32m✓[0m  UT SCR 6 (2026): vote tally matches on 2026-02-10 ({'yes': 26, 'no': 0, 'other': 3})
  [32m✓[0m  UT SCR 6 (2026): vote tally matches on 2026-02-11 ({'yes': 26, 'no': 0, 'other': 3})
  [32m✓[0m  UT SCR 6 (2026): vote tally matches on 2026-03-04 ({'yes': 67, 'no': 1, 'other': 7})
  [32m✓[0m  UT SCR 6 (2026): sponsorship count matches (2)
  [32m✓[0m  UT SCR 7 (2026): title matches
  [32m✓[0m  UT SCR 7 (2026): latest_action matches
  [32m✓[0m  UT SCR 7 (2026): vote event count matches (3)
  [32m✓[0m  UT SCR 7 (2026): vote tally matches on 2026-02-13 ({'yes': 20, 'no': 4, 'other': 5})
  [32m✓[0m  UT SCR 7 (2026): vote tally matches on 2026-02-17 ({'yes': 18, 'no': 6, 'other': 5})
  [32m✓[0m  UT SCR 7 (2026): vote tally matches on 2026-02-26 ({'yes': 61, 'no': 3, 'other': 11})
  [32m✓[0m  UT SCR 7 (2026): sponsorship count matches (2)
  [32m✓[0m  UT SCR 8 (2026): title matches
  [32m✓[0m  UT SCR 8 (2026): latest_action matches
  [32m✓[0m  UT SCR 8 (2026): vote event count matches (0)
  [32m✓[0m  UT SCR 8 (2026): sponsorship count matches (2)
  [32m✓[0m  UT SCR 9 (2026): title matches
  [32m✓[0m  UT SCR 9 (2026): latest_action matches
  [32m✓[0m  UT SCR 9 (2026): vote event count matches (3)
  [32m✓[0m  UT SCR 9 (2026): vote tally matches on 2026-02-24 ({'yes': 21, 'no': 3, 'other': 5})
  [32m✓[0m  UT SCR 9 (2026): vote tally matches on 2026-02-24 ({'yes': 26, 'no': 1, 'other': 2})
  [32m✓[0m  UT SCR 9 (2026): vote tally matches on 2026-03-04 ({'yes': 69, 'no': 0, 'other': 6})
  [32m✓[0m  UT SCR 9 (2026): sponsorship count matches (2)
  [32m✓[0m  UT SJR 1 (2026): title matches
  [32m✓[0m  UT SJR 1 (2026): latest_action matches
  [32m✓[0m  UT SJR 1 (2026): vote event count matches (3)
  [32m✓[0m  UT SJR 1 (2026): vote tally matches on 2026-02-20 ({'yes': 19, 'no': 5, 'other': 5})
  [32m✓[0m  UT SJR 1 (2026): vote tally matches on 2026-02-23 ({'yes': 24, 'no': 4, 'other': 1})
  [32m✓[0m  UT SJR 1 (2026): vote tally matches on 2026-02-27 ({'yes': 67, 'no': 2, 'other': 6})
  [32m✓[0m  UT SJR 1 (2026): sponsorship count matches (2)
  [32m✓[0m  UT SJR 12 (2026): title matches
  [32m✓[0m  UT SJR 12 (2026): latest_action matches
  [32m✓[0m  UT SJR 12 (2026): vote event count matches (0)
  [32m✓[0m  UT SJR 12 (2026): sponsorship count matches (2)
  [32m✓[0m  UT SJR 16 (2026): title matches
  [32m✓[0m  UT SJR 16 (2026): latest_action matches
  [32m✓[0m  UT SJR 16 (2026): vote event count matches (3)
  [32m✓[0m  UT SJR 16 (2026): vote tally matches on 2026-02-27 ({'yes': 25, 'no': 1, 'other': 3})
  [32m✓[0m  UT SJR 16 (2026): vote tally matches on 2026-03-02 ({'yes': 27, 'no': 1, 'other': 1})
  [32m✓[0m  UT SJR 16 (2026): vote tally matches on 2026-03-06 ({'yes': 65, 'no': 0, 'other': 10})
  [32m✓[0m  UT SJR 16 (2026): sponsorship count matches (2)
  [32m✓[0m  UT SJR 17 (2026): title matches
  [32m✓[0m  UT SJR 17 (2026): latest_action matches
  [32m✓[0m  UT SJR 17 (2026): vote event count matches (0)
  [32m✓[0m  UT SJR 17 (2026): sponsorship count matches (2)
  [32m✓[0m  UT SJR 18 (2026): title matches
  [32m✓[0m  UT SJR 18 (2026): latest_action matches
  [32m✓[0m  UT SJR 18 (2026): vote event count matches (0)
  [32m✓[0m  UT SJR 18 (2026): sponsorship count matches (1)
  [32m✓[0m  UT SJR 2 (2026): title matches
  [32m✓[0m  UT SJR 2 (2026): latest_action matches
  [32m✓[0m  UT SJR 2 (2026): vote event count matches (2)
  [32m✓[0m  UT SJR 2 (2026): vote tally matches on 2026-01-20 ({'yes': 25, 'no': 0, 'other': 4})
  [32m✓[0m  UT SJR 2 (2026): vote tally matches on 2026-02-11 ({'yes': 68, 'no': 0, 'other': 7})
  [32m✓[0m  UT SJR 2 (2026): sponsorship count matches (2)
  [32m✓[0m  UT SJR 6 (2026): title matches
  [32m✓[0m  UT SJR 6 (2026): latest_action matches
  [32m✓[0m  UT SJR 6 (2026): vote event count matches (4)
  [32m✓[0m  UT SJR 6 (2026): vote tally matches on 2026-02-24 ({'yes': 27, 'no': 1, 'other': 1})
  [32m✓[0m  UT SJR 6 (2026): vote tally matches on 2026-02-25 ({'yes': 23, 'no': 1, 'other': 5})
  [32m✓[0m  UT SJR 6 (2026): vote tally matches on 2026-03-06 ({'yes': 64, 'no': 1, 'other': 10})
  [32m✓[0m  UT SJR 6 (2026): vote tally matches on 2026-03-07 ({'yes': 21, 'no': 3, 'other': 5})
  [32m✓[0m  UT SJR 6 (2026): sponsorship count matches (2)
  [32m✓[0m  UT SR 2 (2026): title matches
  [32m✓[0m  UT SR 2 (2026): latest_action matches
  [32m✓[0m  UT SR 2 (2026): vote event count matches (2)
  [32m✓[0m  UT SR 2 (2026): vote tally matches on 2026-01-20 ({'yes': 27, 'no': 0, 'other': 2})
  [32m✓[0m  UT SR 2 (2026): vote tally matches on 2026-01-21 ({'yes': 24, 'no': 1, 'other': 4})
  [32m✓[0m  UT SR 2 (2026): sponsorship count matches (1)

────────────────────────────────────────────────────────────
  2910/2924 passed  |  4 warnings  |  10 failures  |  0 skipped
────────────────────────────────────────────────────────────
